worker_id,date,temperature,humidity,rain_mm,precipitation_mm,aqi,uv_index,cloud_cover,severity_score,insurance_applicable,claim_amount
W0000,2026-01-01 17:04:20.064563,30.0,58.3,1.2,1.2,58,4.0,86.1,0.0,0,0.0
W0001,2024-07-10 17:04:20.064563,23.6,71.5,0.0,0.0,44,3.8,95.1,0.0,0,0.0
W0002,2024-04-12 17:04:20.064563,31.5,56.8,0.0,0.0,62,9.8,7.0,3.6000000000000014,0,0.0
W0003,2024-12-24 17:04:20.064563,40.2,50.8,0.0,0.0,71,4.2,70.0,10.400000000000006,1,168.51
W0004,2024-11-23 17:04:20.064563,22.7,88.0,0.0,0.0,34,6.9,11.4,0.0,0,0.0
W0005,2024-11-01 17:04:20.064563,22.7,68.3,2.4,2.4,24,4.0,89.8,0.0,0,0.0
W0006,2024-08-07 17:04:20.064563,40.8,58.8,9.6,9.6,63,7.9,14.2,11.599999999999994,1,96.24
W0007,2024-06-30 17:04:20.064563,32.7,53.2,0.0,0.0,52,3.9,99.2,0.0,1,38.83
W0008,2026-02-08 17:04:20.064563,20.3,71.1,0.0,0.0,60,5.6,42.8,0.0,0,0.0
W0009,2025-09-27 17:04:20.064563,30.4,72.5,0.5,0.5,71,7.0,38.2,0.04999999999999982,0,0.0
W0010,2024-06-15 17:04:20.064563,20.4,88.7,0.0,0.0,35,6.9,58.6,0.0,0,0.0
W0011,2025-11-12 17:04:20.064563,20.3,88.0,2.8,2.8,68,4.7,39.4,0.0,0,0.0
W0012,2025-05-24 17:04:20.064563,27.4,55.7,0.0,0.0,68,6.2,23.5,0.0,0,0.0
W0013,2024-04-19 17:04:20.064563,5.9,96.5,0.0,0.0,86,5.9,62.9,0.0,0,0.0
W0014,2024-04-17 17:04:20.064563,7.8,100.0,0.0,0.0,86,3.7,72.8,0.0,0,0.0
W0015,2024-06-21 17:04:20.064563,19.4,81.3,0.0,0.0,58,3.9,94.5,0.0,0,0.0
W0016,2024-10-27 17:04:20.064563,14.9,77.0,14.3,14.3,44,7.4,40.9,3.575,0,0.0
W0017,2024-11-11 17:04:20.064563,28.1,72.4,12.3,12.3,34,5.6,70.6,3.075,0,0.0
W0018,2025-08-17 17:04:20.064563,15.9,79.0,0.0,0.0,62,5.0,83.4,0.0,0,0.0
W0019,2025-11-24 17:04:20.064563,10.9,100.0,0.0,0.0,37,5.2,83.1,0.0,0,0.0
W0020,2024-04-14 17:04:20.064563,39.7,66.0,0.0,0.0,55,7.7,3.4,9.400000000000006,0,0.0
W0021,2025-10-13 17:04:20.064563,22.7,81.9,1.3,1.3,22,5.8,35.6,0.0,0,0.0
W0022,2024-10-07 17:04:20.064563,25.7,85.1,0.0,0.0,58,8.3,1.3,0.6000000000000014,0,0.0
W0023,2026-01-12 17:04:20.064563,10.8,94.5,8.1,8.1,71,4.8,55.9,0.0,0,0.0
W0024,2026-03-06 17:04:20.064563,19.6,88.3,0.0,0.0,77,4.0,86.5,0.0,1,32.05
W0025,2025-09-27 17:04:20.064563,26.1,85.6,0.0,0.0,64,2.7,81.5,0.0,0,0.0
W0026,2025-05-21 17:04:20.064563,13.5,92.2,0.0,0.0,58,3.8,81.1,0.0,0,0.0
W0027,2024-10-29 17:04:20.064563,28.8,64.3,0.0,0.0,52,6.0,35.2,0.0,0,0.0
W0028,2025-06-20 17:04:20.064563,19.0,64.5,0.7,0.7,44,7.0,4.6,0.0,0,0.0
W0029,2025-11-11 17:04:20.064563,22.1,76.0,0.0,0.0,80,7.3,17.2,0.0,0,0.0
W0030,2024-12-27 17:04:20.064563,19.0,89.8,0.0,0.0,34,4.2,67.1,0.0,1,29.1
W0031,2024-03-24 17:04:20.064563,43.5,54.2,0.0,0.0,34,6.0,13.4,17.0,1,75.97
W0032,2024-08-28 17:04:20.064563,24.9,77.7,3.3,3.3,77,5.8,12.5,0.0,0,0.0
W0033,2026-03-02 17:04:20.064563,14.4,83.0,0.0,0.0,70,5.8,35.4,0.0,0,0.0
W0034,2025-05-24 17:04:20.064563,33.2,40.4,0.0,0.0,67,7.9,9.5,0.0,0,0.0
W0035,2025-03-01 17:04:20.064563,12.8,85.9,0.0,0.0,71,3.2,33.0,0.0,0,0.0
W0036,2024-12-27 17:04:20.064563,27.1,66.3,0.9,0.9,105,2.9,97.0,0.0,0,0.0
W0037,2024-08-24 17:04:20.064563,5.4,98.8,2.7,2.7,63,6.0,2.0,0.0,0,0.0
W0038,2024-10-24 17:04:20.064563,11.7,98.6,0.0,0.0,74,1.6,83.1,0.0,0,0.0
W0039,2025-02-25 17:04:20.064563,27.0,89.4,4.6,4.6,100,3.0,99.4,0.0,0,0.0
W0040,2024-06-30 17:04:20.064563,32.4,62.7,0.0,0.0,67,4.5,43.6,0.0,0,0.0
W0041,2024-06-20 17:04:20.064563,26.7,67.8,7.3,7.3,89,2.8,94.3,0.0,0,0.0
W0042,2025-04-11 17:04:20.064563,23.8,71.6,0.0,0.0,27,4.1,26.1,0.0,0,0.0
W0043,2024-06-25 17:04:20.064563,22.0,78.3,0.0,0.0,46,2.9,98.2,0.0,0,0.0
W0044,2025-03-20 17:04:20.064563,10.2,86.4,0.0,0.0,57,2.1,86.2,0.0,0,0.0
W0045,2025-03-05 17:04:20.064563,17.8,84.5,0.0,0.0,82,2.3,88.5,0.0,0,0.0
W0046,2025-11-26 17:04:20.064563,20.4,83.9,0.0,0.0,106,5.1,13.0,0.0,0,0.0
W0047,2024-12-13 17:04:20.064563,35.6,58.7,0.0,0.0,59,4.1,87.0,1.2000000000000028,0,0.0
W0048,2024-05-01 17:04:20.064563,28.4,71.9,0.0,0.0,91,3.3,94.2,0.0,0,0.0
W0049,2025-07-01 17:04:20.064563,7.4,100.0,3.4,3.4,110,3.8,81.9,0.0,0,0.0
W0050,2025-09-18 17:04:20.064563,28.2,49.9,0.0,0.0,104,6.9,9.1,0.0,0,0.0
W0051,2024-07-23 17:04:20.064563,21.1,84.6,5.9,5.9,53,5.3,8.5,0.0,0,0.0
W0052,2025-04-09 17:04:20.064563,18.2,75.9,2.4,2.4,85,3.1,35.8,0.0,0,0.0
W0053,2024-06-06 17:04:20.064563,31.1,52.4,1.4,1.4,77,2.6,70.5,0.0,0,0.0
W0054,2025-10-04 17:04:20.064563,35.3,46.0,0.0,0.0,60,3.9,1.2,0.5999999999999943,0,0.0
W0055,2025-01-12 17:04:20.064563,34.3,62.9,0.0,0.0,82,2.3,95.1,0.0,0,0.0
W0056,2025-12-21 17:04:20.064563,16.6,82.9,24.6,24.6,15,3.0,52.5,12.3,0,0.0
W0057,2025-12-11 17:04:20.064563,21.9,60.3,2.6,2.6,72,2.7,35.8,0.0,1,31.25
W0058,2025-03-23 17:04:20.064563,28.3,72.3,0.0,0.0,47,4.0,56.1,0.0,0,0.0
W0059,2025-10-30 17:04:20.064563,34.8,43.5,0.0,0.0,40,3.7,71.6,0.0,1,39.08
W0060,2024-09-30 17:04:20.064563,20.2,81.1,0.0,0.0,70,3.7,27.3,0.0,0,0.0
W0061,2026-03-09 17:04:20.064563,23.1,77.7,16.2,16.2,49,2.4,29.1,4.05,0,0.0
W0062,2024-05-28 17:04:20.064563,13.9,98.0,0.5,0.5,52,3.1,46.8,0.0,0,0.0
W0063,2024-05-03 17:04:20.064563,13.0,100.0,4.5,4.5,78,1.9,67.0,0.0,0,0.0
W0064,2026-01-24 17:04:20.064563,33.1,46.7,0.0,0.0,77,3.6,70.6,0.0,0,0.0
W0065,2024-11-06 17:04:20.064563,38.6,51.6,0.0,0.0,89,1.7,32.4,7.200000000000003,0,0.0
W0066,2025-01-08 17:04:20.064563,24.3,70.8,0.0,0.0,96,3.5,32.2,0.0,0,0.0
W0067,2024-06-07 17:04:20.064563,35.0,61.8,0.0,0.0,104,3.1,48.7,0.0,0,0.0
W0068,2024-11-11 17:04:20.064563,28.6,69.2,0.0,0.0,89,3.2,54.2,0.0,0,0.0
W0069,2024-06-29 17:04:20.064563,18.5,78.7,1.2,1.2,69,2.2,64.9,0.0,0,0.0
W0070,2025-04-11 17:04:20.064563,28.6,62.7,0.0,0.0,81,1.6,61.8,0.0,0,0.0
W0071,2024-12-27 17:04:20.064563,40.4,38.3,0.0,0.0,124,4.6,37.3,10.799999999999997,0,0.0
W0072,2025-06-25 17:04:20.064563,24.6,82.9,0.0,0.0,98,1.3,29.7,0.0,0,0.0
W0073,2025-12-28 17:04:20.064563,40.6,53.6,0.0,0.0,79,2.8,30.8,11.200000000000003,0,0.0
W0074,2025-03-26 17:04:20.064563,-1.2,100.0,4.3,6.4,67,1.6,64.5,3.5999999999999996,0,0.0
W0075,2024-08-31 17:04:20.064563,33.2,57.1,0.0,0.0,66,2.1,43.3,0.0,0,0.0
W0076,2025-04-01 17:04:20.064563,25.9,64.6,0.0,0.0,55,2.3,13.4,0.0,0,0.0
W0077,2025-03-16 17:04:20.064563,22.0,66.2,0.0,0.0,113,0.9,0.6,0.0,0,0.0
W0078,2024-10-18 17:04:20.064563,25.9,74.7,0.0,0.0,88,0.4,3.0,0.0,0,0.0
W0079,2026-02-02 17:04:20.064563,5.1,91.9,0.0,0.0,53,0.0,86.8,0.0,0,0.0
W0080,2024-12-16 17:04:20.064563,22.8,94.3,1.8,1.8,73,0.7,45.8,0.0,0,0.0
W0081,2026-03-06 17:04:20.064563,28.6,54.1,0.8,0.8,103,1.2,65.7,0.0,0,0.0
W0082,2026-02-15 17:04:20.064563,39.8,53.1,0.0,0.0,70,0.0,92.9,9.599999999999994,0,0.0
W0083,2026-01-10 17:04:20.064563,19.8,95.9,0.0,0.0,63,0.0,12.6,0.0,0,0.0
W0084,2024-05-30 17:04:20.064563,16.9,90.6,2.1,2.1,82,1.7,44.8,0.0,0,0.0
W0085,2025-12-01 17:04:20.064563,20.0,81.8,0.0,0.0,92,0.0,53.9,0.0,0,0.0
W0086,2025-12-28 17:04:20.064563,34.2,49.1,0.0,0.0,70,0.9,84.2,0.0,0,0.0
W0087,2024-09-09 17:04:20.064563,28.3,53.8,3.4,3.4,61,0.0,99.4,0.0,0,0.0
W0088,2025-09-15 17:04:20.064563,19.7,88.1,18.4,18.4,52,1.5,71.2,4.6,0,0.0
W0089,2024-11-23 17:04:20.064563,30.1,79.9,0.0,0.0,57,0.0,64.2,0.04950000000000073,0,0.0
W0090,2024-09-01 17:04:20.064563,26.0,66.7,0.0,0.0,69,0.0,92.0,0.0,0,0.0
W0091,2025-07-04 17:04:20.064563,34.7,46.6,0.0,0.0,77,0.0,83.7,0.0,0,0.0
W0092,2025-04-10 17:04:20.064563,18.0,58.4,3.7,3.7,87,0.0,86.5,0.0,0,0.0
W0093,2024-12-19 17:04:20.064563,21.7,67.6,0.0,0.0,71,0.8,0.3,0.0,0,0.0
W0094,2026-01-02 17:04:20.064563,21.1,77.2,0.0,0.0,91,0.3,51.4,0.0,0,0.0
W0095,2026-02-20 17:04:20.064563,10.4,100.0,0.0,0.0,103,0.0,78.3,0.0,0,0.0
W0096,2025-10-09 17:04:20.064563,28.0,74.8,6.8,6.8,56,0.0,18.1,0.0,0,0.0
W0097,2024-10-28 17:04:20.064563,27.6,71.6,0.0,0.0,144,0.0,75.1,0.0,0,0.0
W0098,2026-02-17 17:04:20.064563,25.1,68.4,0.0,0.0,108,0.0,0.9,0.0,0,0.0
W0099,2025-02-13 17:04:20.064563,22.7,70.2,1.0,1.0,83,1.4,57.5,0.0,0,0.0
W0100,2024-05-14 17:04:20.064563,10.8,100.0,8.3,8.3,59,0.0,85.1,0.0,0,0.0
W0101,2024-11-07 17:04:20.064563,20.8,80.8,0.0,0.0,68,0.9,43.1,0.0,0,0.0
W0102,2024-04-19 17:04:20.064563,21.6,56.6,1.5,1.5,109,0.0,73.9,0.0,0,0.0
W0103,2025-02-04 17:04:20.064563,17.0,77.8,0.0,0.0,83,0.0,53.0,0.0,0,0.0
W0104,2025-05-02 17:04:20.064563,23.4,66.3,5.4,5.4,39,0.0,64.7,0.0,0,0.0
W0105,2024-12-17 17:04:20.064563,29.0,61.0,0.6,0.6,43,0.7,51.7,0.0,0,0.0
W0106,2024-05-24 17:04:20.064563,43.9,49.8,0.8,0.8,79,0.0,47.6,17.799999999999997,1,125.62
W0107,2024-10-20 17:04:20.064563,26.7,68.8,1.6,1.6,78,0.9,84.2,0.0,0,0.0
W0108,2025-10-19 17:04:20.064563,27.6,67.9,4.5,4.5,51,1.3,9.3,0.0,0,0.0
W0109,2025-02-03 17:04:20.064563,24.3,86.8,0.0,0.0,48,0.0,58.5,0.0,0,0.0
W0110,2024-10-21 17:04:20.064563,5.8,94.3,1.6,1.6,35,0.8,11.5,0.0,0,0.0
W0111,2026-01-18 17:04:20.064563,24.7,91.5,0.0,0.0,63,1.4,56.3,0.0,0,0.0
W0112,2025-08-11 17:04:20.064563,25.6,64.9,0.0,0.0,70,1.0,96.4,0.0,0,0.0
W0113,2025-04-27 17:04:20.064563,45.0,43.4,0.0,0.0,91,0.0,5.7,20.0,1,551.21
W0114,2026-01-05 17:04:20.064563,23.1,72.6,0.0,0.0,75,0.0,42.2,0.0,1,22.3
W0115,2025-06-30 17:04:20.064563,28.0,69.2,0.0,0.0,98,0.0,80.2,0.0,0,0.0
W0116,2024-08-11 17:04:20.064563,24.7,77.5,0.0,0.0,89,0.0,37.0,0.0,0,0.0
W0117,2024-12-14 17:04:20.064563,13.3,94.4,6.1,6.1,75,0.8,52.0,0.0,0,0.0
W0118,2024-08-07 17:04:20.064563,36.4,47.8,0.0,0.0,96,0.0,11.5,2.799999999999997,0,0.0
W0119,2024-11-25 17:04:20.064563,32.5,50.0,0.0,0.0,48,0.4,22.3,0.0,0,0.0
W0120,2025-10-13 17:04:20.064563,32.9,85.7,3.7,3.7,58,0.0,68.6,2.2764999999999995,0,0.0
W0121,2025-09-20 17:04:20.064563,15.9,81.3,0.0,0.0,124,0.3,82.9,0.0,0,0.0
W0122,2024-12-12 17:04:20.064563,39.0,58.5,0.0,0.0,37,0.0,64.6,8.0,0,0.0
W0123,2025-11-06 17:04:20.064563,11.0,77.5,3.0,3.0,63,0.4,83.7,0.0,0,0.0
W0124,2025-05-30 17:04:20.064563,30.9,60.9,0.0,0.0,84,0.0,60.6,0.0,0,0.0
W0125,2025-11-05 17:04:20.064563,45.0,41.2,0.0,0.0,37,0.0,81.0,20.0,1,210.6
W0126,2025-04-30 17:04:20.064563,15.1,92.1,0.0,0.0,59,0.5,98.3,0.0,0,0.0
W0127,2025-03-23 17:04:20.064563,19.3,53.8,0.0,0.0,114,1.2,8.3,0.0,0,0.0
W0128,2024-10-28 17:04:20.064563,26.0,72.7,0.0,0.0,77,0.0,48.0,0.0,0,0.0
W0129,2024-08-06 17:04:20.064563,20.0,68.6,1.6,1.6,59,0.8,19.0,0.0,0,0.0
W0130,2025-08-21 17:04:20.064563,9.5,99.0,0.0,0.0,77,0.0,46.5,0.0,0,0.0
W0131,2025-08-05 17:04:20.064563,25.7,61.1,0.0,0.0,61,0.0,50.0,0.0,0,0.0
W0132,2024-06-19 17:04:20.064563,14.4,79.9,0.0,0.0,107,0.0,62.2,0.0,0,0.0
W0133,2024-05-05 17:04:20.064563,29.7,62.7,0.3,0.3,52,0.0,43.9,0.0,1,36.65
W0134,2024-07-08 17:04:20.064563,15.8,75.8,0.6,0.6,60,0.0,32.5,0.0,0,0.0
W0135,2024-08-21 17:04:20.064563,40.5,44.5,0.0,0.0,42,1.3,4.3,11.0,1,130.07
W0136,2025-12-20 17:04:20.064563,17.2,72.3,0.0,0.0,65,0.0,3.5,0.0,0,0.0
W0137,2024-08-28 17:04:20.064563,21.8,59.0,0.0,0.0,67,0.0,17.5,0.0,0,0.0
W0138,2026-02-12 17:04:20.064563,33.1,70.5,0.0,0.0,94,0.0,44.9,0.07750000000000004,0,0.0
W0139,2025-05-24 17:04:20.064563,12.7,78.0,0.0,0.0,50,1.4,41.8,0.0,0,0.0
W0140,2025-11-18 17:04:20.064563,27.3,67.3,3.5,3.5,72,0.0,19.1,0.0,0,0.0
W0141,2024-05-22 17:04:20.064563,38.1,60.4,8.5,8.5,54,0.8,82.2,6.200000000000003,0,0.0
W0142,2025-04-16 17:04:20.064563,8.9,90.5,0.0,0.0,31,0.2,68.3,0.0,0,0.0
W0143,2025-04-12 17:04:20.064563,26.8,61.5,0.0,0.0,54,0.0,34.3,0.0,0,0.0
W0144,2025-11-18 17:04:20.064563,27.6,70.9,0.0,0.0,53,0.0,79.7,0.0,0,0.0
W0145,2025-07-10 17:04:20.064563,32.8,72.0,0.0,0.0,101,0.0,98.9,0.2799999999999997,0,0.0
W0146,2025-09-10 17:04:20.064563,12.6,79.4,0.0,0.0,78,0.6,24.5,0.0,0,0.0
W0147,2024-11-30 17:04:20.064563,11.8,90.8,2.9,2.9,64,0.0,36.3,0.0,0,0.0
W0148,2025-10-05 17:04:20.064563,30.2,47.3,9.5,9.5,15,0.6,99.3,0.0,0,0.0
W0149,2024-03-29 17:04:20.064563,28.0,64.1,0.0,0.0,28,0.0,13.8,0.0,0,0.0
W0150,2026-02-12 17:04:20.064563,27.5,69.1,0.0,0.0,80,0.5,7.7,0.0,0,0.0
W0151,2024-07-13 17:04:20.064563,28.5,58.8,6.5,6.5,68,0.0,52.1,0.0,0,0.0
W0152,2026-02-14 17:04:20.064563,18.2,78.1,6.9,6.9,36,0.0,46.8,0.0,0,0.0
W0153,2025-09-18 17:04:20.064563,27.3,54.9,0.0,0.0,65,0.1,7.8,0.0,0,0.0
W0154,2024-12-16 17:04:20.064563,27.9,68.9,3.0,3.0,57,0.1,29.0,0.0,0,0.0
W0155,2026-01-03 17:04:20.064563,17.9,93.8,0.0,0.0,67,0.0,41.9,0.0,0,0.0
W0156,2025-03-01 17:04:20.064563,43.7,33.5,0.0,0.0,55,2.1,82.2,17.400000000000006,1,93.64
W0157,2024-07-10 17:04:20.064563,29.7,59.2,0.0,0.0,79,0.6,70.8,0.0,0,0.0
W0158,2025-01-12 17:04:20.064563,13.1,95.4,8.0,8.0,68,0.7,91.5,0.0,0,0.0
W0159,2025-06-06 17:04:20.064563,31.6,74.8,0.2,0.2,42,0.2,33.2,0.3840000000000001,1,25.43
W0160,2024-08-26 17:04:20.064563,15.3,72.2,0.0,0.0,37,0.5,30.9,0.0,1,29.38
W0161,2025-06-25 17:04:20.064563,32.9,59.0,0.0,0.0,44,0.2,46.3,0.0,0,0.0
W0162,2024-03-21 17:04:20.064563,36.6,58.0,0.0,0.0,61,1.8,0.8,3.200000000000003,0,0.0
W0163,2024-12-12 17:04:20.064563,16.8,83.8,0.0,0.0,66,0.0,20.7,0.0,0,0.0
W0164,2025-08-12 17:04:20.064563,34.6,33.3,0.0,0.0,75,0.8,21.1,0.0,0,0.0
W0165,2024-09-16 17:04:20.064563,29.1,71.3,0.0,0.0,78,2.1,6.1,0.0,0,0.0
W0166,2025-08-19 17:04:20.064563,33.2,75.4,0.0,0.0,65,0.7,45.5,0.8640000000000017,0,0.0
W0167,2024-07-04 17:04:20.064563,44.0,45.2,0.0,0.0,62,0.0,90.6,18.0,1,145.15
W0168,2025-12-18 17:04:20.064563,22.5,65.9,0.0,0.0,90,0.0,0.4,0.0,0,0.0
W0169,2025-01-17 17:04:20.064563,17.5,78.7,0.0,0.0,57,0.0,62.8,0.0,0,0.0
W0170,2026-01-01 17:04:20.064563,16.1,100.0,2.7,2.7,62,0.4,87.9,0.0,0,0.0
W0171,2025-08-19 17:04:20.064563,16.8,93.8,2.6,2.6,57,1.8,10.8,0.0,0,0.0
W0172,2025-12-01 17:04:20.064563,24.2,80.1,17.0,17.0,17,0.6,91.7,4.25,1,36.15
W0173,2024-10-07 17:04:20.064563,28.4,70.9,0.0,0.0,51,0.0,81.9,0.0,0,0.0
W0174,2024-08-21 17:04:20.064563,27.8,61.7,0.0,0.0,80,0.0,21.5,0.0,0,0.0
W0175,2025-04-04 17:04:20.064563,33.3,58.1,0.0,0.0,52,0.0,90.5,0.0,0,0.0
W0176,2024-08-30 17:04:20.064563,25.1,71.5,2.6,2.6,41,0.0,80.4,0.0,0,0.0
W0177,2025-09-21 17:04:20.064563,39.5,56.2,2.5,2.5,33,0.0,11.1,9.0,1,73.55
W0178,2025-09-12 17:04:20.064563,22.4,91.6,0.0,0.0,60,0.0,83.1,0.0,0,0.0
W0179,2024-03-18 17:04:20.064563,45.0,53.7,0.0,0.0,41,2.8,54.2,20.0,1,136.84
W0180,2025-11-21 17:04:20.064563,31.3,48.9,1.4,1.4,55,0.9,81.6,0.0,0,0.0
W0181,2025-02-12 17:04:20.064563,16.4,87.6,0.0,0.0,54,0.0,61.8,0.0,0,0.0
W0182,2025-07-31 17:04:20.064563,14.3,95.9,3.4,3.4,34,0.0,39.2,0.0,0,0.0
W0183,2024-04-06 17:04:20.064563,29.8,71.5,0.0,0.0,21,0.0,60.1,0.0,0,0.0
W0184,2024-07-10 17:04:20.064563,22.8,69.6,0.0,0.0,28,1.4,63.6,0.0,0,0.0
W0185,2025-03-24 17:04:20.064563,32.1,90.9,0.0,0.0,31,0.0,76.6,2.1945000000000023,0,0.0
W0186,2025-01-26 17:04:20.064563,29.7,52.6,0.0,0.0,28,1.6,83.1,0.0,0,0.0
W0187,2024-11-18 17:04:20.064563,24.3,62.8,0.2,0.2,56,0.2,66.3,0.0,0,0.0
W0188,2024-05-16 17:04:20.064563,16.5,87.5,8.2,8.2,73,0.0,99.0,0.0,0,0.0
W0189,2024-11-19 17:04:20.064563,9.9,100.0,18.7,18.7,15,0.0,77.9,4.675,0,0.0
W0190,2025-10-19 17:04:20.064563,20.5,70.8,0.4,0.4,37,1.3,91.1,0.0,0,0.0
W0191,2024-06-06 17:04:20.064563,33.6,57.0,0.0,0.0,33,0.5,31.9,0.0,0,0.0
W0192,2024-06-13 17:04:20.064563,27.1,80.1,2.2,2.2,57,0.9,31.6,0.0,0,0.0
W0193,2025-07-28 17:04:20.064563,12.5,91.0,14.2,14.2,24,0.0,36.2,3.55,0,0.0
W0194,2024-05-27 17:04:20.064563,26.7,66.6,0.0,0.0,43,0.7,44.0,0.0,0,0.0
W0195,2025-09-14 17:04:20.064563,28.9,72.4,0.0,0.0,19,1.5,96.1,0.0,0,0.0
W0196,2024-07-24 17:04:20.064563,16.2,88.5,0.0,0.0,23,0.6,7.4,0.0,0,0.0
W0197,2024-07-27 17:04:20.064563,26.5,80.5,0.0,0.0,46,0.0,49.8,0.0,0,0.0
W0198,2026-01-22 17:04:20.064563,25.6,84.5,0.3,0.3,45,0.5,16.1,0.0,0,0.0
W0199,2025-07-17 17:04:20.064563,13.6,92.7,3.7,3.7,33,0.8,81.1,0.0,0,0.0
W0200,2025-10-01 17:04:20.064563,28.6,70.1,0.7,0.7,52,1.7,3.1,0.0,0,0.0
W0201,2024-09-03 17:04:20.064563,30.6,66.2,3.1,3.1,15,0.6,45.5,0.0,0,0.0
W0202,2024-12-14 17:04:20.064563,35.8,61.1,15.5,15.5,15,1.1,39.5,5.474999999999994,1,91.89
W0203,2025-09-09 17:04:20.064563,35.5,57.2,1.7,1.7,41,0.6,9.2,1.0,0,0.0
W0204,2025-11-29 17:04:20.064563,11.2,93.2,0.0,0.0,19,0.0,37.7,0.0,0,0.0
W0205,2025-05-25 17:04:20.064563,15.6,98.5,0.0,0.0,26,0.8,80.9,0.0,0,0.0
W0206,2024-10-20 17:04:20.064563,30.2,79.9,5.0,5.0,42,0.1,13.7,0.09899999999999971,0,0.0
W0207,2025-09-21 17:04:20.064563,30.1,49.7,0.0,0.0,15,2.0,98.4,0.0,0,0.0
W0208,2026-02-22 17:04:20.064563,30.2,64.9,1.5,1.5,83,0.0,5.8,0.0,0,0.0
W0209,2024-10-09 17:04:20.064563,45.0,35.6,0.0,0.0,47,0.0,28.9,20.0,0,0.0
W0210,2026-03-18 17:04:20.064563,30.7,60.8,0.0,0.0,35,0.7,77.5,0.0,0,0.0
W0211,2025-01-31 17:04:20.064563,36.4,59.5,0.0,0.0,30,1.5,35.8,2.799999999999997,0,0.0
W0212,2025-04-30 17:04:20.064563,34.5,64.9,7.4,7.4,36,0.0,48.0,0.0,0,0.0
W0213,2026-02-03 17:04:20.064563,31.5,61.6,0.0,0.0,26,0.0,18.7,0.0,0,0.0
W0214,2026-01-12 17:04:20.064563,21.8,58.1,6.5,6.5,15,0.2,71.5,0.0,0,0.0
W0215,2025-04-04 17:04:20.064563,32.6,51.5,0.0,0.0,63,0.0,18.0,0.0,0,0.0
W0216,2025-06-09 17:04:20.064563,17.3,93.1,0.0,0.0,24,1.0,84.9,0.0,0,0.0
W0217,2025-08-29 17:04:20.064563,22.6,48.6,0.0,0.0,35,0.0,53.9,0.0,0,0.0
W0218,2025-06-23 17:04:20.064563,20.1,91.7,0.0,0.0,17,0.7,54.8,0.0,0,0.0
W0219,2024-07-19 17:04:20.064563,25.8,76.5,0.0,0.0,37,0.0,93.4,0.0,0,0.0
W0220,2024-11-26 17:04:20.064563,45.0,55.7,0.0,0.0,43,1.7,77.3,20.0,1,247.32
W0221,2024-11-03 17:04:20.064563,6.3,98.5,4.6,4.6,55,0.0,74.3,0.0,0,0.0
W0222,2024-05-22 17:04:20.064563,31.9,41.6,2.2,2.2,15,0.0,85.8,0.0,1,38.22
W0223,2025-02-27 17:04:20.064563,8.9,100.0,0.0,0.0,15,2.3,9.2,0.0,0,0.0
W0224,2024-04-08 17:04:20.064563,20.3,92.3,3.6,3.6,17,0.1,72.6,0.0,0,0.0
W0225,2025-11-10 17:04:20.064563,35.9,65.4,12.6,12.6,15,0.0,23.3,4.9499999999999975,1,30.8
W0226,2025-10-06 17:04:20.064563,25.6,64.9,0.5,0.5,28,0.0,28.1,0.0,0,0.0
W0227,2024-11-08 17:04:20.064563,14.2,89.5,0.0,0.0,39,0.0,1.5,0.0,0,0.0
W0228,2025-11-10 17:04:20.064563,17.8,77.9,0.0,0.0,74,0.3,89.4,0.0,0,0.0
W0229,2024-10-29 17:04:20.064563,31.8,54.1,15.0,15.0,15,0.5,73.9,3.75,0,0.0
W0230,2024-03-25 17:04:20.064563,17.7,93.0,0.0,0.0,15,0.3,13.9,0.0,0,0.0
W0231,2024-05-29 17:04:20.064563,27.2,57.3,0.0,0.0,23,0.0,32.8,0.0,0,0.0
W0232,2026-03-12 17:04:20.064563,25.5,62.9,0.0,0.0,34,0.1,48.0,0.0,0,0.0
W0233,2025-12-24 17:04:20.064563,18.5,71.2,0.0,0.0,15,0.3,49.4,0.0,0,0.0
W0234,2024-05-17 17:04:20.064563,45.0,27.6,0.0,0.0,31,0.3,59.6,20.0,1,176.6
W0235,2024-11-07 17:04:20.064563,31.3,64.5,0.0,0.0,29,0.0,47.2,0.0,0,0.0
W0236,2024-05-26 17:04:20.064563,4.7,100.0,1.7,1.7,27,0.0,64.9,0.0,0,0.0
W0237,2024-04-19 17:04:20.064563,26.9,67.9,0.9,0.9,39,0.0,88.4,0.0,0,0.0
W0238,2025-02-19 17:04:20.064563,18.4,67.4,0.0,0.0,23,1.2,39.8,0.0,0,0.0
W0239,2024-05-29 17:04:20.064563,33.5,68.1,0.5,0.5,35,0.0,87.7,0.0,0,0.0
W0240,2025-08-26 17:04:20.064563,17.1,100.0,13.1,13.1,15,0.0,22.0,3.275,0,0.0
W0241,2024-11-16 17:04:20.064563,23.9,67.8,0.0,0.0,15,0.0,12.1,0.0,0,0.0
W0242,2024-12-28 17:04:20.064563,30.0,60.1,1.8,1.8,15,0.0,23.9,0.0,0,0.0
W0243,2026-02-01 17:04:20.064563,33.7,64.7,1.4,1.4,15,0.6,20.7,0.0,0,0.0
W0244,2025-07-28 17:04:20.064563,13.0,100.0,11.8,11.8,15,0.0,98.5,2.95,0,0.0
W0245,2024-10-23 17:04:20.064563,21.7,72.3,0.0,0.0,16,1.1,38.1,0.0,0,0.0
W0246,2025-09-21 17:04:20.064563,20.3,66.3,0.0,0.0,15,0.0,65.1,0.0,0,0.0
W0247,2024-07-31 17:04:20.064563,18.5,88.6,0.0,0.0,40,0.0,69.6,0.0,0,0.0
W0248,2025-10-23 17:04:20.064563,42.7,54.0,0.0,0.0,24,0.3,44.5,15.400000000000006,1,93.61
W0249,2025-10-29 17:04:20.064563,29.0,66.5,0.0,0.0,15,0.8,22.4,0.0,0,0.0
W0250,2025-07-15 17:04:20.064563,12.4,85.8,1.2,1.2,15,0.0,43.8,0.0,0,0.0
W0251,2024-11-21 17:04:20.064563,34.2,68.7,12.8,12.8,15,0.0,47.4,3.2,0,0.0
W0252,2025-07-15 17:04:20.064563,45.0,47.8,0.0,0.0,26,1.4,95.4,20.0,1,500.42
W0253,2025-05-08 17:04:20.064563,35.3,49.3,0.0,0.0,45,0.2,56.9,0.5999999999999943,0,0.0
W0254,2024-09-28 17:04:20.064563,9.8,95.8,0.0,0.0,38,0.0,97.0,0.0,0,0.0
W0255,2024-06-22 17:04:20.064563,20.2,66.2,0.0,0.0,15,0.0,57.7,0.0,0,0.0
W0256,2024-06-25 17:04:20.064563,37.7,60.4,3.2,3.2,43,0.2,14.5,5.400000000000006,0,0.0
W0257,2026-01-21 17:04:20.064563,17.9,80.5,0.0,0.0,51,0.0,38.4,0.0,0,0.0
W0258,2025-06-02 17:04:20.064563,29.4,61.5,0.0,0.0,15,0.0,79.2,0.0,0,0.0
W0259,2025-03-15 17:04:20.064563,32.7,60.6,0.0,0.0,21,0.0,42.2,0.0,0,0.0
W0260,2025-05-25 17:04:20.064563,15.7,86.8,0.0,0.0,15,0.1,10.0,0.0,0,0.0
W0261,2025-05-12 17:04:20.064563,24.4,82.3,0.0,0.0,15,0.5,9.6,0.0,0,0.0
W0262,2025-07-09 17:04:20.064563,-5.0,100.0,0.0,4.6,15,0.0,23.7,15.0,1,107.31
W0263,2024-05-12 17:04:20.064563,14.8,86.3,0.0,0.0,15,0.0,56.5,0.0,0,0.0
W0264,2026-02-05 17:04:20.064563,22.5,83.9,2.1,2.1,34,0.1,83.0,0.0,0,0.0
W0265,2026-01-16 17:04:20.064563,12.5,95.2,3.4,3.4,15,0.0,53.4,0.0,0,0.0
W0266,2026-01-08 17:04:20.064563,41.3,43.7,6.1,6.1,15,0.0,74.6,12.599999999999994,0,0.0
W0267,2024-06-26 17:04:20.064563,10.7,92.7,7.6,7.6,15,1.8,64.6,0.0,0,0.0
W0268,2024-05-19 17:04:20.064563,20.6,77.6,0.0,0.0,45,0.0,52.4,0.0,0,0.0
W0269,2025-05-04 17:04:20.064563,26.3,75.6,0.0,0.0,20,1.0,21.5,0.0,0,0.0
W0270,2025-02-28 17:04:20.064563,39.4,47.2,0.0,0.0,34,0.0,88.3,8.799999999999997,1,81.88
W0271,2024-07-07 17:04:20.064563,10.6,90.1,0.0,0.0,23,0.0,27.6,0.0,0,0.0
W0272,2024-11-27 17:04:20.064563,36.6,74.7,0.0,0.0,15,0.0,25.3,4.751000000000004,0,0.0
W0273,2024-09-30 17:04:20.064563,25.1,81.7,4.8,4.8,15,0.0,25.8,0.0,0,0.0
W0274,2024-09-28 17:04:20.064563,15.2,79.6,0.0,0.0,50,0.0,9.6,0.0,0,0.0
W0275,2025-09-18 17:04:20.064563,29.6,71.3,0.0,0.0,15,0.3,49.9,0.0,0,0.0
W0276,2025-06-20 17:04:20.064563,27.0,70.7,0.0,0.0,15,0.6,32.8,0.0,0,0.0
W0277,2024-08-08 17:04:20.064563,19.0,85.4,0.0,0.0,15,0.0,52.2,0.0,0,0.0
W0278,2025-05-24 17:04:20.064563,25.7,72.8,3.3,3.3,15,0.0,45.3,0.0,0,0.0
W0279,2024-09-21 17:04:20.064563,21.1,90.2,0.0,0.0,39,0.6,52.0,0.0,0,0.0
W0280,2024-12-28 17:04:20.064563,26.1,74.3,0.0,0.0,16,0.8,29.8,0.0,0,0.0
W0281,2025-07-04 17:04:20.064563,31.6,61.9,0.0,0.0,36,1.6,81.5,0.0,0,0.0
W0282,2024-11-28 17:04:20.064563,40.9,59.1,0.0,0.0,20,2.0,53.4,11.799999999999997,1,73.8
W0283,2024-06-03 17:04:20.064563,12.6,93.4,0.0,0.0,20,0.5,20.8,0.0,0,0.0
W0284,2025-06-14 17:04:20.064563,45.0,43.7,0.0,0.0,23,0.7,90.2,20.0,1,205.74
W0285,2025-10-02 17:04:20.064563,5.5,100.0,1.9,1.9,46,0.5,10.9,0.0,0,0.0
W0286,2024-06-26 17:04:20.064563,23.5,73.8,10.1,10.1,15,2.6,73.3,2.525,0,0.0
W0287,2024-05-08 17:04:20.064563,30.9,63.8,2.0,2.0,38,1.5,67.8,0.0,0,0.0
W0288,2026-01-14 17:04:20.064563,27.8,62.4,0.0,0.0,41,2.9,7.3,0.0,0,0.0
W0289,2025-09-22 17:04:20.064563,18.8,74.3,3.9,3.9,15,0.8,90.2,0.0,0,0.0
W0290,2024-04-02 17:04:20.064563,22.9,65.6,0.0,0.0,19,2.9,31.6,0.0,0,0.0
W0291,2024-06-21 17:04:20.064563,20.1,66.0,0.0,0.0,15,2.2,74.1,0.0,0,0.0
W0292,2024-11-15 17:04:20.064563,19.1,72.5,1.8,1.8,43,3.4,27.7,0.0,0,0.0
W0293,2024-09-04 17:04:20.064563,33.5,58.0,0.0,0.0,15,0.6,52.6,0.0,0,0.0
W0294,2025-05-08 17:04:20.064563,28.6,68.2,0.0,0.0,15,1.5,97.2,0.0,0,0.0
W0295,2025-07-28 17:04:20.064563,18.1,80.2,0.0,0.0,16,3.1,61.1,0.0,0,0.0
W0296,2025-07-23 17:04:20.064563,34.0,35.4,0.0,0.0,15,1.6,29.6,0.0,0,0.0
W0297,2024-10-22 17:04:20.064563,28.1,83.6,4.3,4.3,15,2.9,45.8,0.0,0,0.0
W0298,2025-05-02 17:04:20.064563,33.1,71.2,0.0,0.0,45,2.7,67.6,0.18600000000000053,0,0.0
W0299,2024-05-17 17:04:20.064563,31.3,67.5,0.0,0.0,35,3.3,44.5,0.0,0,0.0
W0300,2024-09-02 17:04:20.064563,16.7,100.0,0.0,0.0,15,2.2,91.1,0.0,0,0.0
W0301,2025-04-10 17:04:20.064563,19.4,71.1,0.0,0.0,39,2.7,86.7,0.0,0,0.0
W0302,2024-03-20 17:04:20.064563,32.5,80.2,2.1,2.1,60,3.9,14.7,1.2750000000000004,0,0.0
W0303,2025-04-21 17:04:20.064563,31.1,53.7,1.0,1.0,27,3.5,78.5,0.0,0,0.0
W0304,2024-12-14 17:04:20.064563,24.8,75.2,0.0,0.0,52,1.4,94.2,0.0,0,0.0
W0305,2025-06-26 17:04:20.064563,26.2,58.0,0.0,0.0,41,3.8,31.7,0.0,0,0.0
W0306,2025-01-04 17:04:20.064563,37.8,53.5,0.0,0.0,18,4.9,23.8,5.599999999999994,0,0.0
W0307,2025-05-25 17:04:20.064563,19.1,85.2,3.9,3.9,20,3.5,1.0,0.0,0,0.0
W0308,2026-03-01 17:04:20.064563,30.5,62.7,2.1,2.1,31,3.5,11.6,0.0,0,0.0
W0309,2025-10-08 17:04:20.064563,23.0,82.7,4.7,4.7,15,2.9,96.1,0.0,0,0.0
W0310,2026-01-24 17:04:20.064563,22.8,76.8,6.7,6.7,15,5.1,39.1,0.0,0,0.0
W0311,2025-07-29 17:04:20.064563,36.0,50.8,0.0,0.0,15,3.7,38.7,2.0,0,0.0
W0312,2024-08-23 17:04:20.064563,33.3,54.5,0.0,0.0,15,4.3,26.7,0.0,0,0.0
W0313,2024-09-28 17:04:20.064563,33.1,68.4,0.3,0.3,15,5.0,16.4,0.0,0,0.0
W0314,2025-01-15 17:04:20.064563,38.1,46.4,4.5,4.5,15,3.3,50.9,6.200000000000003,1,102.4
W0315,2024-10-26 17:04:20.064563,25.2,81.3,2.2,2.2,40,5.5,72.3,0.0,0,0.0
W0316,2024-05-16 17:04:20.064563,31.8,74.5,0.0,0.0,15,2.9,55.1,0.40500000000000014,0,0.0
W0317,2025-11-01 17:04:20.064563,21.9,60.5,0.0,0.0,38,5.4,3.5,0.0,0,0.0
W0318,2025-09-24 17:04:20.064563,28.2,79.0,0.0,0.0,43,3.4,80.3,0.0,0,0.0
W0319,2024-05-19 17:04:20.064563,23.7,95.1,0.0,0.0,42,0.8,93.2,0.0,0,0.0
W0320,2025-02-02 17:04:20.064563,26.0,73.6,2.7,2.7,15,3.6,44.0,0.0,0,0.0
W0321,2024-05-15 17:04:20.064563,31.0,69.6,0.1,0.1,51,3.4,36.6,0.0,0,0.0
W0322,2024-05-08 17:04:20.064563,16.8,95.1,0.0,0.0,38,5.9,23.0,0.0,0,0.0
W0323,2025-11-06 17:04:20.064563,45.0,39.7,0.0,0.0,46,3.4,30.2,20.0,1,153.46
W0324,2025-07-19 17:04:20.064563,14.9,89.4,0.0,0.0,67,5.1,64.4,0.0,0,0.0
W0325,2025-08-14 17:04:20.064563,12.9,77.6,0.0,0.0,46,2.6,77.0,0.0,0,0.0
W0326,2025-09-12 17:04:20.064563,36.6,56.5,0.0,0.0,15,6.2,33.2,3.200000000000003,0,0.0
W0327,2024-08-26 17:04:20.064563,32.9,65.6,1.3,1.3,42,3.9,34.0,0.0,0,0.0
W0328,2024-05-15 17:04:20.064563,31.2,68.3,0.0,0.0,15,5.4,45.1,0.0,0,0.0
W0329,2025-08-20 17:04:20.064563,31.3,73.7,0.0,0.0,31,6.9,17.0,0.24050000000000032,0,0.0
W0330,2024-06-08 17:04:20.064563,24.9,64.9,0.0,0.0,22,4.1,92.7,0.0,1,46.91
W0331,2024-09-24 17:04:20.064563,16.0,80.6,0.0,0.0,33,3.1,70.5,0.0,0,0.0
W0332,2024-05-27 17:04:20.064563,25.8,90.3,0.0,0.0,15,6.4,43.4,0.0,0,0.0
W0333,2025-11-17 17:04:20.064563,18.2,81.2,1.5,1.5,15,6.9,12.2,0.0,0,0.0
W0334,2024-05-26 17:04:20.064563,34.8,59.9,0.0,0.0,25,1.6,84.9,0.0,0,0.0
W0335,2026-02-07 17:04:20.064563,23.5,74.0,1.4,1.4,27,5.4,48.4,0.0,0,0.0
W0336,2024-11-13 17:04:20.064563,16.7,76.7,0.7,0.7,25,7.1,79.7,0.0,0,0.0
W0337,2025-05-05 17:04:20.064563,21.8,93.6,0.7,0.7,63,8.1,3.3,0.1999999999999993,0,0.0
W0338,2024-07-18 17:04:20.064563,29.1,61.0,8.2,8.2,28,5.7,27.4,0.0,0,0.0
W0339,2025-10-22 17:04:20.064563,19.4,69.7,6.3,6.3,32,5.5,62.2,0.0,0,0.0
W0340,2024-11-25 17:04:20.064563,16.8,80.3,0.7,0.7,28,5.1,48.8,0.0,0,0.0
W0341,2025-10-31 17:04:20.064563,27.4,48.8,0.0,0.0,15,7.3,29.5,0.0,0,0.0
W0342,2025-11-16 17:04:20.064563,27.4,62.3,6.9,6.9,24,5.8,20.1,0.0,0,0.0
W0343,2024-04-27 17:04:20.064563,19.9,70.4,0.0,0.0,75,7.5,30.2,0.0,0,0.0
W0344,2025-12-12 17:04:20.064563,20.3,85.7,20.0,20.0,15,5.6,74.2,5.0,0,0.0
W0345,2024-06-09 17:04:20.064563,27.3,62.3,0.0,0.0,62,7.5,18.4,0.0,0,0.0
W0346,2025-05-21 17:04:20.064563,10.5,100.0,1.1,1.1,62,7.4,59.4,0.0,0,0.0
W0347,2026-01-20 17:04:20.064563,10.9,100.0,9.8,9.8,32,7.0,42.4,0.0,0,0.0
W0348,2025-11-05 17:04:20.064563,17.8,91.1,1.9,1.9,41,5.8,76.3,0.0,0,0.0
W0349,2025-10-17 17:04:20.064563,22.9,73.5,0.0,0.0,22,8.0,20.2,0.0,0,0.0
W0350,2025-09-04 17:04:20.064563,28.1,69.2,0.0,0.0,38,7.4,27.0,0.0,0,0.0
W0351,2025-02-04 17:04:20.064563,39.8,35.1,7.3,7.3,21,6.7,39.9,9.599999999999994,1,61.03
W0352,2024-12-10 17:04:20.064563,33.6,58.3,1.0,1.0,47,6.5,16.7,0.0,0,0.0
W0353,2024-10-13 17:04:20.064563,23.4,66.3,2.4,2.4,15,5.4,46.1,0.0,0,0.0
W0354,2026-02-01 17:04:20.064563,24.8,79.7,0.2,0.2,33,6.7,41.6,0.0,0,0.0
W0355,2025-02-02 17:04:20.064563,15.0,100.0,0.0,0.0,52,4.6,99.0,0.0,0,0.0
W0356,2024-11-17 17:04:20.064563,24.8,77.8,0.0,0.0,31,5.6,59.4,0.0,0,0.0
W0357,2024-12-14 17:04:20.064563,22.1,56.9,0.0,0.0,27,7.2,6.9,0.0,0,0.0
W0358,2025-04-27 17:04:20.064563,28.2,64.0,0.0,0.0,30,6.0,46.0,0.0,0,0.0
W0359,2024-07-30 17:04:20.064563,16.7,86.1,0.0,0.0,41,4.4,87.9,0.0,0,0.0
W0360,2026-02-03 17:04:20.064563,30.2,65.6,8.4,8.4,15,4.8,86.7,0.0,0,0.0
W0361,2026-01-07 17:04:20.064563,40.3,42.2,0.0,0.0,33,3.9,96.2,10.599999999999994,0,0.0
W0362,2025-01-19 17:04:20.064563,23.9,76.6,0.0,0.0,67,5.6,89.4,0.0,0,0.0
W0363,2025-06-29 17:04:20.064563,29.0,54.0,3.1,3.1,49,7.2,17.6,0.0,0,0.0
W0364,2025-02-04 17:04:20.064563,31.9,52.7,0.0,0.0,57,7.3,0.4,0.0,0,0.0
W0365,2024-05-31 17:04:20.064563,21.0,85.0,0.0,0.0,15,5.5,61.6,0.0,0,0.0
W0366,2024-03-27 17:04:20.064563,27.2,59.0,4.0,4.0,34,4.1,70.2,0.0,0,0.0
W0367,2025-06-30 17:04:20.064563,25.1,77.7,0.0,0.0,48,9.5,13.1,3.0,0,0.0
W0368,2025-12-14 17:04:20.064563,26.0,57.3,13.9,13.9,33,8.0,16.7,3.475,0,0.0
W0369,2025-10-15 17:04:20.064563,17.3,100.0,4.1,4.1,66,4.1,96.3,0.0,0,0.0
W0370,2024-06-28 17:04:20.064563,25.2,64.4,0.0,0.0,71,5.6,94.4,0.0,0,0.0
W0371,2024-06-01 17:04:20.064563,30.0,62.8,0.0,0.0,41,7.1,15.7,0.0,0,0.0
W0372,2025-09-19 17:04:20.064563,39.5,54.0,1.7,1.7,38,6.9,24.7,9.0,0,0.0
W0373,2024-10-22 17:04:20.064563,34.6,52.5,0.0,0.0,82,3.7,89.2,0.0,0,0.0
W0374,2025-08-18 17:04:20.064563,45.0,43.9,0.0,0.0,47,5.2,43.5,20.0,1,242.13
W0375,2024-12-14 17:04:20.064563,17.3,89.8,1.8,1.8,29,4.9,79.8,0.0,0,0.0
W0376,2024-07-31 17:04:20.064563,33.7,69.0,0.0,0.0,51,7.4,39.6,0.0,0,0.0
W0377,2025-03-10 17:04:20.064563,26.8,77.7,0.0,0.0,83,4.1,73.6,0.0,0,0.0
W0378,2024-05-27 17:04:20.064563,45.0,40.8,0.0,0.0,38,6.0,39.7,20.0,1,263.14
W0379,2024-11-23 17:04:20.064563,16.9,83.2,8.7,8.7,31,4.1,89.9,0.0,1,38.2
W0380,2025-03-31 17:04:20.064563,16.6,100.0,0.0,0.0,40,7.2,32.6,0.0,0,0.0
W0381,2025-01-03 17:04:20.064563,19.0,91.0,4.2,4.2,68,5.3,52.3,0.0,0,0.0
W0382,2024-08-26 17:04:20.064563,3.8,95.1,0.0,0.0,64,6.4,52.2,0.0,1,30.74
W0383,2025-06-09 17:04:20.064563,19.7,81.4,0.0,0.0,77,5.9,64.9,0.0,0,0.0
W0384,2025-09-25 17:04:20.064563,17.4,80.5,3.9,3.9,83,5.8,30.7,0.0,0,0.0
W0385,2026-03-08 17:04:20.064563,26.5,68.9,2.4,2.4,25,4.8,64.3,0.0,0,0.0
W0386,2025-01-21 17:04:20.064563,28.4,55.1,0.0,0.0,45,7.0,14.1,0.0,0,0.0
W0387,2025-12-04 17:04:20.064563,43.8,40.2,0.0,0.0,52,3.7,89.4,17.599999999999994,1,166.17
W0388,2026-01-16 17:04:20.064563,34.5,76.4,2.1,2.1,58,6.0,14.4,1.4400000000000013,0,0.0
W0389,2025-09-10 17:04:20.064563,19.2,86.9,0.0,0.0,72,5.7,84.0,0.0,0,0.0
W0390,2024-03-26 17:04:20.064563,16.0,61.1,0.0,0.0,52,3.0,69.3,0.0,0,0.0
W0391,2026-01-30 17:04:20.064563,29.9,77.3,17.1,17.1,15,6.2,34.1,4.275,0,0.0
W0392,2025-10-06 17:04:20.064563,11.8,100.0,7.5,7.5,67,7.3,32.7,0.0,0,0.0
W0393,2025-01-18 17:04:20.064563,43.3,41.4,0.0,0.0,74,2.9,96.6,16.599999999999994,1,129.28
W0394,2026-01-26 17:04:20.064563,36.8,62.0,0.0,0.0,70,6.4,19.5,3.5999999999999943,0,0.0
W0395,2024-07-02 17:04:20.064563,20.3,70.9,6.2,6.2,15,5.3,72.3,0.0,0,0.0
W0396,2024-08-02 17:04:20.064563,7.9,93.5,6.6,6.6,76,3.2,18.4,0.0,0,0.0
W0397,2024-12-13 17:04:20.064563,38.5,67.2,0.0,0.0,69,3.7,90.5,7.0,0,0.0
W0398,2024-07-14 17:04:20.064563,23.9,71.5,1.5,1.5,59,2.7,74.2,0.0,0,0.0
W0399,2024-07-05 17:04:20.064563,37.4,35.2,0.0,0.0,50,4.5,93.3,4.799999999999997,0,0.0
W0400,2025-10-05 17:04:20.064563,9.1,95.8,0.0,0.0,54,2.9,87.9,0.0,0,0.0
W0401,2024-08-24 17:04:20.064563,19.0,80.7,1.5,1.5,46,6.5,54.9,0.0,0,0.0
W0402,2024-12-21 17:04:20.064563,25.1,84.4,0.0,0.0,27,5.0,15.2,0.0,0,0.0
W0403,2024-12-31 17:04:20.064563,25.5,71.9,0.0,0.0,51,6.1,22.1,0.0,0,0.0
W0404,2025-11-27 17:04:20.064563,20.5,75.0,0.0,0.0,36,4.8,20.2,0.0,0,0.0
W0405,2024-10-19 17:04:20.064563,31.2,73.6,0.0,0.0,67,5.3,22.1,0.21599999999999953,0,0.0
W0406,2025-03-04 17:04:20.064563,14.3,89.7,0.0,0.0,46,4.6,47.6,0.0,0,0.0
W0407,2024-10-12 17:04:20.064563,23.6,67.1,3.8,3.8,76,3.4,86.8,0.0,0,0.0
W0408,2026-02-19 17:04:20.064563,26.2,82.2,15.6,15.6,15,7.5,2.3,3.9,0,0.0
W0409,2025-12-27 17:04:20.064563,30.1,66.7,0.0,0.0,94,6.5,23.8,0.0,0,0.0
W0410,2024-12-13 17:04:20.064563,32.1,61.9,1.7,1.7,84,3.3,59.7,0.0,0,0.0
W0411,2025-08-17 17:04:20.064563,13.8,91.1,0.0,0.0,50,3.2,86.5,0.0,0,0.0
W0412,2025-07-31 17:04:20.064563,9.7,84.8,10.6,10.6,48,3.5,29.7,2.65,0,0.0
W0413,2024-11-30 17:04:20.064563,37.8,48.1,0.0,0.0,54,3.0,38.3,5.599999999999994,0,0.0
W0414,2024-05-09 17:04:20.064563,28.3,67.6,0.0,0.0,83,3.7,37.3,0.0,0,0.0
W0415,2024-06-20 17:04:20.064563,17.5,81.8,0.7,0.7,107,6.1,29.4,0.0,0,0.0
W0416,2025-12-27 17:04:20.064563,40.5,62.0,0.0,0.0,96,1.6,69.9,11.0,0,0.0
W0417,2025-05-25 17:04:20.064563,26.2,72.9,0.0,0.0,59,3.9,65.6,0.0,1,22.79
W0418,2024-12-26 17:04:20.064563,36.8,63.4,0.0,0.0,76,3.3,84.3,3.5999999999999943,0,0.0
W0419,2024-05-02 17:04:20.064563,25.7,71.6,0.0,0.0,104,1.8,91.8,0.0,0,0.0
W0420,2024-03-21 17:04:20.064563,45.0,53.1,0.0,0.0,84,3.2,90.0,20.0,1,216.81
W0421,2025-02-22 17:04:20.064563,42.6,50.1,0.0,0.0,94,4.0,54.0,15.200000000000003,1,149.3
W0422,2024-07-29 17:04:20.064563,22.5,76.4,0.0,0.0,87,4.0,18.6,0.0,0,0.0
W0423,2025-12-30 17:04:20.064563,34.7,57.8,0.0,0.0,76,3.7,22.2,0.0,1,20.09
W0424,2024-12-11 17:04:20.064563,31.5,53.3,6.9,6.9,60,2.7,59.0,0.0,0,0.0
W0425,2024-08-30 17:04:20.064563,38.7,57.0,0.0,0.0,51,1.4,91.8,7.400000000000006,0,0.0
W0426,2025-06-13 17:04:20.064563,15.4,86.6,0.0,0.0,60,3.1,53.0,0.0,0,0.0
W0427,2025-10-03 17:04:20.064563,31.9,57.2,0.0,0.0,58,1.5,93.6,0.0,0,0.0
W0428,2026-03-10 17:04:20.064563,35.6,67.7,0.0,0.0,69,3.4,26.2,1.2000000000000028,0,0.0
W0429,2025-05-29 17:04:20.064563,7.4,86.4,0.0,0.0,78,2.9,8.6,0.0,0,0.0
W0430,2025-10-13 17:04:20.064563,13.2,86.0,0.0,0.0,74,1.4,79.6,0.0,0,0.0
W0431,2024-03-27 17:04:20.064563,4.6,100.0,0.3,0.3,80,1.3,87.9,0.0,0,0.0
W0432,2024-07-10 17:04:20.064563,22.3,79.7,0.0,0.0,90,3.8,44.8,0.0,0,0.0
W0433,2024-06-03 17:04:20.064563,32.2,61.3,4.2,4.2,60,1.6,10.2,0.0,0,0.0
W0434,2026-02-23 17:04:20.064563,40.0,52.5,0.0,0.0,92,4.7,4.2,10.0,1,153.78
W0435,2024-08-17 17:04:20.064563,25.7,73.2,0.0,0.0,100,3.5,6.3,0.0,0,0.0
W0436,2025-09-27 17:04:20.064563,41.3,32.9,0.0,0.0,86,0.6,43.9,12.599999999999994,1,86.6
W0437,2024-04-23 17:04:20.064563,11.2,89.7,0.0,0.0,67,1.7,23.5,0.0,0,0.0
W0438,2025-03-31 17:04:20.064563,8.0,100.0,3.9,3.9,89,0.3,46.2,0.0,0,0.0
W0439,2025-11-04 17:04:20.064563,24.4,66.7,9.9,9.9,68,2.4,48.8,0.0,0,0.0
W0440,2025-10-04 17:04:20.064563,28.8,63.6,0.0,0.0,91,3.0,45.8,0.0,0,0.0
W0441,2024-08-16 17:04:20.064563,24.7,67.6,0.0,0.0,109,1.7,62.0,0.0,0,0.0
W0442,2025-06-01 17:04:20.064563,4.3,100.0,0.0,0.0,93,2.5,67.9,0.0,0,0.0
W0443,2024-07-26 17:04:20.064563,24.1,68.0,10.9,10.9,88,1.6,39.6,2.725,0,0.0
W0444,2024-04-29 17:04:20.064563,12.0,96.9,0.0,0.0,76,2.4,33.7,0.0,0,0.0
W0445,2025-01-27 17:04:20.064563,31.7,64.4,0.0,0.0,70,1.5,36.8,0.0,1,41.02
W0446,2025-03-26 17:04:20.064563,28.7,74.7,3.2,3.2,96,1.4,7.0,0.0,0,0.0
W0447,2024-04-27 17:04:20.064563,15.6,76.1,0.0,0.0,59,1.8,32.2,0.0,0,0.0
W0448,2025-03-19 17:04:20.064563,19.9,76.8,0.0,0.0,117,0.9,20.0,0.0,0,0.0
W0449,2024-10-19 17:04:20.064563,14.4,86.1,4.2,4.2,97,2.3,29.1,0.0,0,0.0
W0450,2026-02-14 17:04:20.064563,24.4,78.0,0.0,0.0,81,0.2,71.4,0.0,0,0.0
W0451,2024-11-28 17:04:20.064563,34.6,50.2,0.0,0.0,103,0.9,98.9,0.0,0,0.0
W0452,2026-01-29 17:04:20.064563,15.1,96.4,1.6,1.6,89,0.0,92.4,0.0,0,0.0
W0453,2024-07-01 17:04:20.064563,30.0,76.8,0.0,0.0,54,0.0,82.2,0.0,0,0.0
W0454,2025-03-15 17:04:20.064563,19.7,70.6,1.3,1.3,61,0.6,73.7,0.0,0,0.0
W0455,2025-10-12 17:04:20.064563,17.1,79.5,0.0,0.0,85,0.0,94.5,0.0,0,0.0
W0456,2025-05-08 17:04:20.064563,23.9,68.8,0.0,0.0,83,2.2,75.2,0.0,0,0.0
W0457,2025-12-13 17:04:20.064563,14.6,100.0,0.0,0.0,106,0.0,47.1,0.0,0,0.0
W0458,2024-08-23 17:04:20.064563,19.5,76.5,0.0,0.0,86,0.0,60.1,0.0,0,0.0
W0459,2024-11-15 17:04:20.064563,13.0,100.0,0.2,0.2,54,0.0,30.6,0.0,0,0.0
W0460,2024-08-31 17:04:20.064563,44.6,30.4,0.0,0.0,69,0.1,0.3,19.200000000000003,1,112.13
W0461,2024-09-15 17:04:20.064563,25.4,62.1,2.0,2.0,90,0.3,35.4,0.0,0,0.0
W0462,2025-05-14 17:04:20.064563,18.0,76.1,0.0,0.0,43,0.0,40.5,0.0,0,0.0
W0463,2024-04-12 17:04:20.064563,27.1,60.8,0.0,0.0,51,0.0,73.3,0.0,0,0.0
W0464,2024-09-17 17:04:20.064563,23.9,71.5,0.0,0.0,72,0.0,85.9,0.0,0,0.0
W0465,2025-02-21 17:04:20.064563,22.8,68.7,4.3,4.3,89,0.0,96.3,0.0,1,34.8
W0466,2025-05-13 17:04:20.064563,31.1,55.1,0.0,0.0,75,0.3,35.2,0.0,0,0.0
W0467,2026-02-01 17:04:20.064563,32.6,72.7,0.0,0.0,88,0.2,95.7,0.35100000000000053,0,0.0
W0468,2024-11-27 17:04:20.064563,19.7,92.7,0.0,0.0,79,0.8,79.9,0.0,0,0.0
W0469,2024-12-16 17:04:20.064563,19.2,90.6,0.1,0.1,76,0.0,3.1,0.0,0,0.0
W0470,2024-08-28 17:04:20.064563,22.2,81.9,0.0,0.0,66,0.0,59.5,0.0,0,0.0
W0471,2026-03-06 17:04:20.064563,2.0,100.0,0.0,0.8,95,0.0,36.6,0.0,0,0.0
W0472,2024-07-06 17:04:20.064563,9.8,90.3,0.0,0.0,53,1.5,3.4,0.0,0,0.0
W0473,2025-04-13 17:04:20.064563,38.7,42.5,23.7,23.7,26,2.7,53.2,19.250000000000007,1,176.71
W0474,2024-04-26 17:04:20.064563,41.4,51.5,0.0,0.0,101,0.0,58.5,12.799999999999997,1,179.8
W0475,2025-07-12 17:04:20.064563,22.5,64.5,1.9,1.9,59,1.1,25.2,0.0,0,0.0
W0476,2024-10-31 17:04:20.064563,30.8,53.9,2.1,2.1,42,0.1,94.0,0.0,0,0.0
W0477,2024-10-08 17:04:20.064563,28.1,79.4,0.0,0.0,35,0.6,61.0,0.0,0,0.0
W0478,2025-07-02 17:04:20.064563,45.0,61.5,0.0,0.0,91,0.0,17.6,20.0,1,282.69
W0479,2025-03-11 17:04:20.064563,36.2,59.6,0.0,0.0,92,1.4,72.1,2.4000000000000057,1,27.35
W0480,2025-01-24 17:04:20.064563,23.7,85.5,14.6,14.6,41,0.0,49.9,3.65,0,0.0
W0481,2024-11-06 17:04:20.064563,15.4,84.4,0.0,0.0,51,0.0,47.3,0.0,0,0.0
W0482,2024-11-01 17:04:20.064563,8.9,83.2,0.0,0.0,74,0.0,83.5,0.0,0,0.0
W0483,2024-04-11 17:04:20.064563,27.0,75.6,0.0,0.0,100,0.0,13.8,0.0,0,0.0
W0484,2026-01-22 17:04:20.064563,17.4,89.5,0.0,0.0,51,0.0,49.1,0.0,0,0.0
W0485,2024-10-01 17:04:20.064563,10.8,94.6,0.0,0.0,97,0.0,78.1,0.0,0,0.0
W0486,2025-04-30 17:04:20.064563,18.5,79.8,0.0,0.0,42,0.0,66.0,0.0,0,0.0
W0487,2025-02-17 17:04:20.064563,14.2,98.3,0.2,0.2,52,0.0,0.5,0.0,0,0.0
W0488,2024-12-28 17:04:20.064563,41.9,37.3,0.0,0.0,77,0.0,78.7,13.799999999999997,1,128.08
W0489,2024-05-28 17:04:20.064563,33.8,51.5,7.5,7.5,79,0.1,94.5,0.0,0,0.0
W0490,2024-12-28 17:04:20.064563,24.9,62.5,5.0,5.0,94,0.9,70.5,0.0,0,0.0
W0491,2025-03-12 17:04:20.064563,39.8,51.2,1.3,1.3,92,0.0,87.6,9.599999999999994,0,0.0
W0492,2026-01-03 17:04:20.064563,25.8,60.5,6.8,6.8,91,1.3,36.1,0.0,0,0.0
W0493,2025-08-21 17:04:20.064563,16.4,78.6,0.0,0.0,77,0.0,35.1,0.0,0,0.0
W0494,2025-05-01 17:04:20.064563,40.2,42.6,0.0,0.0,61,1.3,32.1,10.400000000000006,1,175.23
W0495,2026-02-11 17:04:20.064563,30.4,61.8,0.0,0.0,97,0.0,73.5,0.0,0,0.0
W0496,2025-09-18 17:04:20.064563,14.6,73.2,18.0,18.0,64,0.0,94.2,4.5,0,0.0
W0497,2025-02-20 17:04:20.064563,23.1,76.2,0.0,0.0,91,0.1,88.5,0.0,0,0.0
W0498,2024-04-15 17:04:20.064563,16.2,98.1,0.0,0.0,84,2.6,15.0,0.0,0,0.0
W0499,2024-07-14 17:04:20.064563,11.2,94.6,0.0,0.0,100,0.0,62.6,0.0,0,0.0
W0500,2024-12-10 17:04:20.064563,34.3,74.0,0.0,0.0,78,0.7,99.6,0.8599999999999994,0,0.0
W0501,2024-09-16 17:04:20.064563,44.1,57.2,3.2,3.2,64,0.2,29.5,18.200000000000003,0,0.0
W0502,2025-11-02 17:04:20.064563,11.0,100.0,0.0,0.0,85,0.4,63.5,0.0,0,0.0
W0503,2024-12-14 17:04:20.064563,30.6,64.8,0.0,0.0,80,0.0,90.7,0.0,0,0.0
W0504,2024-04-26 17:04:20.064563,18.5,82.5,0.0,0.0,88,0.5,90.0,0.0,0,0.0
W0505,2024-07-07 17:04:20.064563,20.1,87.4,0.0,0.0,67,0.3,32.1,0.0,0,0.0
W0506,2025-11-18 17:04:20.064563,19.1,77.5,0.0,0.0,87,0.0,9.4,0.0,0,0.0
W0507,2025-06-05 17:04:20.064563,16.4,66.6,0.0,0.0,86,0.1,64.6,0.0,0,0.0
W0508,2025-03-06 17:04:20.064563,25.5,76.7,0.0,0.0,73,0.0,94.7,0.0,0,0.0
W0509,2025-02-02 17:04:20.064563,16.7,73.7,1.9,1.9,49,0.0,50.8,0.0,0,0.0
W0510,2025-06-07 17:04:20.064563,27.7,58.8,0.0,0.0,92,0.0,45.8,0.0,0,0.0
W0511,2025-11-28 17:04:20.064563,24.5,73.3,0.0,0.0,43,1.1,86.4,0.0,0,0.0
W0512,2025-08-23 17:04:20.064563,22.6,75.1,3.3,3.3,41,0.5,42.5,0.0,0,0.0
W0513,2024-07-14 17:04:20.064563,15.9,72.0,7.0,7.0,56,0.0,68.1,0.0,0,0.0
W0514,2025-04-16 17:04:20.064563,19.2,82.8,3.2,3.2,15,0.5,38.9,0.0,0,0.0
W0515,2025-10-29 17:04:20.064563,32.6,70.8,0.0,0.0,96,0.0,37.7,0.10399999999999969,0,0.0
W0516,2024-09-28 17:04:20.064563,30.0,53.7,0.0,0.0,65,0.0,18.8,0.0,0,0.0
W0517,2024-12-03 17:04:20.064563,15.2,99.9,4.9,4.9,86,0.0,8.8,0.0,0,0.0
W0518,2024-05-02 17:04:20.064563,26.0,55.4,0.0,0.0,100,0.8,88.5,0.0,0,0.0
W0519,2026-03-13 17:04:20.064563,32.5,82.4,0.0,0.0,61,0.0,18.1,1.5500000000000007,0,0.0
W0520,2025-06-07 17:04:20.064563,8.3,93.4,3.6,3.6,83,0.9,6.2,0.0,0,0.0
W0521,2024-03-19 17:04:20.064563,30.4,65.8,0.0,0.0,42,0.0,58.2,0.0,0,0.0
W0522,2025-09-01 17:04:20.064563,18.4,63.5,0.0,0.0,71,2.0,54.6,0.0,0,0.0
W0523,2025-09-20 17:04:20.064563,30.7,63.3,0.0,0.0,52,2.6,56.8,0.0,0,0.0
W0524,2026-02-19 17:04:20.064563,17.4,86.2,1.3,1.3,73,0.5,46.8,0.0,0,0.0
W0525,2026-02-02 17:04:20.064563,7.0,98.7,6.9,6.9,65,1.3,14.2,0.0,0,0.0
W0526,2024-10-05 17:04:20.064563,8.7,91.3,3.6,3.6,50,0.0,2.1,0.0,0,0.0
W0527,2025-03-25 17:04:20.064563,25.5,62.3,0.0,0.0,71,0.0,4.6,0.0,0,0.0
W0528,2025-06-02 17:04:20.064563,27.6,79.9,0.0,0.0,78,1.2,94.3,0.0,0,0.0
W0529,2024-05-28 17:04:20.064563,16.0,86.4,0.0,0.0,63,0.2,53.2,0.0,0,0.0
W0530,2026-01-27 17:04:20.064563,31.4,78.3,0.0,0.0,109,0.0,40.0,0.5809999999999993,0,0.0
W0531,2025-02-19 17:04:20.064563,8.4,92.2,0.1,0.1,55,0.1,41.1,0.0,0,0.0
W0532,2025-12-16 17:04:20.064563,24.3,69.1,0.0,0.0,91,0.0,65.2,0.0,0,0.0
W0533,2025-02-02 17:04:20.064563,12.9,98.8,0.0,0.0,80,0.0,37.7,0.0,0,0.0
W0534,2026-01-26 17:04:20.064563,18.5,66.0,0.0,0.0,19,1.0,79.6,0.0,0,0.0
W0535,2024-07-23 17:04:20.064563,25.5,59.7,9.7,9.7,66,1.5,26.0,0.0,0,0.0
W0536,2025-01-19 17:04:20.064563,16.4,96.4,0.0,0.0,77,0.3,36.7,0.0,0,0.0
W0537,2025-08-19 17:04:20.064563,21.2,66.5,1.1,1.1,55,1.3,93.5,0.0,0,0.0
W0538,2025-01-28 17:04:20.064563,35.1,39.2,4.9,4.9,52,0.0,26.0,0.20000000000000284,0,0.0
W0539,2026-01-29 17:04:20.064563,19.2,99.8,0.0,0.0,64,1.7,66.2,0.0,0,0.0
W0540,2025-05-10 17:04:20.064563,33.4,46.0,0.0,0.0,81,0.0,36.5,0.0,0,0.0
W0541,2025-02-15 17:04:20.064563,13.7,91.3,0.0,0.0,45,0.0,47.1,0.0,0,0.0
W0542,2025-05-04 17:04:20.064563,30.3,65.2,0.0,0.0,84,0.0,4.5,0.0,0,0.0
W0543,2026-03-01 17:04:20.064563,39.4,22.8,0.0,0.0,30,0.0,16.7,8.799999999999997,0,0.0
W0544,2025-01-14 17:04:20.064563,0.3,100.0,0.0,1.0,16,0.5,10.2,0.0,0,0.0
W0545,2025-10-06 17:04:20.064563,17.0,88.9,0.0,0.0,63,1.3,84.5,0.0,1,21.58
W0546,2024-07-26 17:04:20.064563,30.8,67.4,0.0,0.0,75,0.0,96.2,0.0,0,0.0
W0547,2024-09-30 17:04:20.064563,23.0,84.6,0.0,0.0,46,0.3,6.8,0.0,0,0.0
W0548,2025-05-22 17:04:20.064563,28.7,63.1,2.9,2.9,15,0.0,7.7,0.0,0,0.0
W0549,2026-01-27 17:04:20.064563,19.0,88.7,0.2,0.2,19,0.1,55.2,0.0,0,0.0
W0550,2025-04-10 17:04:20.064563,25.9,64.3,0.0,0.0,57,1.8,50.4,0.0,0,0.0
W0551,2026-02-09 17:04:20.064563,23.4,60.7,13.2,13.2,21,1.4,65.1,3.3,0,0.0
W0552,2024-09-12 17:04:20.064563,36.7,42.0,0.0,0.0,73,0.0,73.7,3.4000000000000057,0,0.0
W0553,2025-12-08 17:04:20.064563,27.5,54.1,0.0,0.0,48,0.0,79.7,0.0,0,0.0
W0554,2025-10-21 17:04:20.064563,28.4,77.5,0.0,0.0,31,3.4,14.9,0.0,0,0.0
W0555,2025-01-20 17:04:20.064563,20.9,63.5,0.0,0.0,52,0.4,3.8,0.0,0,0.0
W0556,2025-05-07 17:04:20.064563,20.1,82.6,0.7,0.7,64,1.5,88.9,0.0,0,0.0
W0557,2025-09-30 17:04:20.064563,20.7,76.3,0.2,0.2,71,1.6,47.0,0.0,0,0.0
W0558,2024-03-18 17:04:20.064563,28.9,65.6,5.2,5.2,31,0.0,97.1,0.0,0,0.0
W0559,2025-01-23 17:04:20.064563,20.8,92.5,0.0,0.0,45,0.7,53.3,0.0,0,0.0
W0560,2025-01-05 17:04:20.064563,27.9,63.8,0.0,0.0,59,0.2,51.0,0.0,0,0.0
W0561,2024-10-19 17:04:20.064563,45.0,48.6,0.0,0.0,28,1.7,62.3,20.0,1,193.44
W0562,2025-06-01 17:04:20.064563,33.7,59.8,6.6,6.6,44,2.0,17.0,0.0,1,38.99
W0563,2025-11-01 17:04:20.064563,21.7,75.9,0.0,0.0,37,0.0,25.4,0.0,0,0.0
W0564,2025-11-29 17:04:20.064563,37.0,77.5,0.0,0.0,40,3.4,90.6,6.625,0,0.0
W0565,2026-01-17 17:04:20.064563,20.9,64.2,1.4,1.4,38,0.2,21.2,0.0,0,0.0
W0566,2025-02-10 17:04:20.064563,4.6,100.0,5.6,5.6,31,0.6,23.3,0.0,0,0.0
W0567,2025-07-07 17:04:20.064563,14.9,94.2,0.6,0.6,77,0.0,51.0,0.0,1,50.54
W0568,2025-06-13 17:04:20.064563,6.3,95.8,0.0,0.0,30,1.0,64.1,0.0,0,0.0
W0569,2025-06-13 17:04:20.064563,21.5,94.1,0.0,0.0,30,0.0,0.1,0.0,0,0.0
W0570,2026-02-07 17:04:20.064563,25.2,53.7,0.0,0.0,67,0.0,45.7,0.0,0,0.0
W0571,2024-10-22 17:04:20.064563,41.8,42.1,0.0,0.0,47,0.0,39.9,13.599999999999994,1,181.11
W0572,2025-08-23 17:04:20.064563,28.3,55.5,0.0,0.0,53,0.5,86.6,0.0,0,0.0
W0573,2025-07-15 17:04:20.064563,22.8,79.9,0.0,0.0,16,0.2,84.0,0.0,0,0.0
W0574,2024-09-07 17:04:20.064563,33.3,48.9,0.9,0.9,39,0.6,90.6,0.0,0,0.0
W0575,2026-01-21 17:04:20.064563,2.9,100.0,1.0,1.0,50,1.2,84.2,0.0,0,0.0
W0576,2024-06-12 17:04:20.064563,27.4,67.1,0.0,0.0,22,0.0,78.7,0.0,0,0.0
W0577,2025-01-02 17:04:20.064563,32.7,56.1,0.0,0.0,47,0.0,85.9,0.0,0,0.0
W0578,2025-08-27 17:04:20.064563,10.2,98.6,19.8,19.8,15,0.0,17.5,4.95,0,0.0
W0579,2026-01-26 17:04:20.064563,36.4,52.7,0.0,0.0,21,0.0,34.1,2.799999999999997,0,0.0
W0580,2025-12-26 17:04:20.064563,28.4,56.5,0.0,0.0,54,1.9,68.4,0.0,0,0.0
W0581,2025-12-12 17:04:20.064563,20.8,100.0,0.0,0.0,56,0.0,92.3,0.0,0,0.0
W0582,2025-02-24 17:04:20.064563,31.3,58.1,0.0,0.0,35,0.0,66.7,0.0,0,0.0
W0583,2024-06-21 17:04:20.064563,45.0,20.3,0.0,0.0,41,2.2,20.8,20.0,1,135.64
W0584,2024-11-13 17:04:20.064563,26.8,61.4,0.0,0.0,58,0.0,94.5,0.0,0,0.0
W0585,2026-02-04 17:04:20.064563,27.5,56.1,0.0,0.0,24,0.0,76.0,0.0,0,0.0
W0586,2025-01-29 17:04:20.064563,20.4,87.7,0.0,0.0,38,0.4,71.7,0.0,0,0.0
W0587,2024-11-03 17:04:20.064563,16.5,88.5,0.0,0.0,23,0.0,76.3,0.0,0,0.0
W0588,2024-10-07 17:04:20.064563,33.3,64.0,0.0,0.0,15,0.0,65.9,0.0,0,0.0
W0589,2024-08-15 17:04:20.064563,16.4,81.6,2.3,2.3,17,0.0,2.2,0.0,0,0.0
W0590,2024-04-12 17:04:20.064563,25.7,68.6,6.3,6.3,15,1.0,25.4,0.0,0,0.0
W0591,2024-05-04 17:04:20.064563,20.2,76.0,0.0,0.0,38,0.7,95.7,0.0,0,0.0
W0592,2024-11-23 17:04:20.064563,29.8,64.5,9.6,9.6,15,0.0,28.9,0.0,0,0.0
W0593,2025-07-17 17:04:20.064563,28.3,75.8,0.0,0.0,15,0.0,77.2,0.0,0,0.0
W0594,2025-12-03 17:04:20.064563,35.4,60.3,0.0,0.0,43,0.8,42.4,0.7999999999999972,0,0.0
W0595,2024-05-31 17:04:20.064563,19.9,85.2,0.0,0.0,41,0.0,90.8,0.0,0,0.0
W0596,2025-06-27 17:04:20.064563,22.3,81.5,0.0,0.0,21,0.3,55.8,0.0,0,0.0
W0597,2025-05-16 17:04:20.064563,15.2,96.0,0.0,0.0,41,0.8,63.2,0.0,0,0.0
W0598,2025-12-22 17:04:20.064563,20.6,82.0,2.3,2.3,15,0.0,24.0,0.0,0,0.0
W0599,2025-10-28 17:04:20.064563,28.8,70.4,10.2,10.2,15,0.7,5.8,2.55,0,0.0
W0600,2024-10-03 17:04:20.064563,32.6,73.0,0.0,0.0,34,0.0,75.7,0.39000000000000024,0,0.0
W0601,2026-03-01 17:04:20.064563,15.8,79.7,0.0,0.0,46,1.8,6.8,0.0,0,0.0
W0602,2025-04-15 17:04:20.064563,33.7,50.9,0.0,0.0,18,0.0,72.2,0.0,0,0.0
W0603,2025-08-06 17:04:20.064563,38.6,40.3,0.0,0.0,15,0.6,55.5,7.200000000000003,0,0.0
W0604,2025-05-01 17:04:20.064563,29.1,68.1,0.0,0.0,44,0.0,82.0,0.0,0,0.0
W0605,2024-11-22 17:04:20.064563,43.8,25.8,0.0,0.0,37,0.1,20.6,17.599999999999994,1,97.06
W0606,2024-08-16 17:04:20.064563,17.3,88.7,3.8,3.8,20,0.8,54.2,0.0,0,0.0
W0607,2026-01-18 17:04:20.064563,12.6,90.1,3.7,3.7,40,0.0,61.4,0.0,0,0.0
W0608,2026-02-20 17:04:20.064563,7.2,100.0,6.9,6.9,49,1.1,7.4,0.0,0,0.0
W0609,2024-03-23 17:04:20.064563,40.0,43.3,0.0,0.0,31,0.9,73.9,10.0,1,113.35
W0610,2024-07-05 17:04:20.064563,31.5,60.7,0.0,0.0,15,0.1,38.9,0.0,1,32.03
W0611,2025-05-27 17:04:20.064563,24.4,84.6,0.0,0.0,33,0.0,12.9,0.0,0,0.0
W0612,2024-10-28 17:04:20.064563,27.8,82.1,5.1,5.1,15,0.0,38.7,0.0,0,0.0
W0613,2024-09-14 17:04:20.064563,13.7,82.6,16.7,16.7,15,0.0,9.8,4.175,1,30.9
W0614,2026-02-28 17:04:20.064563,45.0,44.3,0.0,0.0,15,1.1,88.8,20.0,1,297.58
W0615,2025-08-30 17:04:20.064563,26.3,73.5,2.7,2.7,15,0.0,45.7,0.0,0,0.0
W0616,2025-07-06 17:04:20.064563,26.1,74.6,0.0,0.0,15,0.5,13.8,0.0,0,0.0
W0617,2024-05-08 17:04:20.064563,32.3,59.0,0.0,0.0,25,0.0,25.2,0.0,1,47.42
W0618,2025-10-09 17:04:20.064563,29.8,78.1,0.0,0.0,26,0.0,72.5,0.0,0,0.0
W0619,2024-11-28 17:04:20.064563,27.2,50.2,0.0,0.0,36,0.7,78.6,0.0,0,0.0
W0620,2024-07-20 17:04:20.064563,17.1,80.1,2.1,2.1,19,0.0,4.1,0.0,0,0.0
W0621,2025-06-28 17:04:20.064563,29.7,69.9,0.0,0.0,22,0.0,6.0,0.0,0,0.0
W0622,2024-08-01 17:04:20.064563,43.8,48.8,0.0,0.0,15,0.4,91.7,17.599999999999994,1,154.92
W0623,2025-07-06 17:04:20.064563,38.5,65.8,0.0,0.0,15,0.0,33.1,7.0,0,0.0
W0624,2026-01-30 17:04:20.064563,40.9,60.6,0.0,0.0,15,1.6,19.3,11.799999999999997,1,152.01
W0625,2025-09-12 17:04:20.064563,19.9,77.3,0.0,0.0,48,2.0,12.3,0.0,0,0.0
W0626,2025-10-11 17:04:20.064563,15.1,100.0,12.4,12.4,15,0.0,47.6,3.1,1,38.96
W0627,2025-11-17 17:04:20.064563,23.7,67.2,15.0,15.0,23,0.0,77.1,3.75,0,0.0
W0628,2025-02-05 17:04:20.064563,25.6,81.0,0.0,0.0,18,0.0,52.1,0.0,0,0.0
W0629,2025-06-14 17:04:20.064563,35.9,74.2,1.9,1.9,15,1.2,2.1,3.038999999999998,0,0.0
W0630,2025-12-05 17:04:20.064563,8.1,100.0,9.1,9.1,15,0.5,48.4,0.0,0,0.0
W0631,2025-08-16 17:04:20.064563,40.3,50.6,0.0,0.0,20,0.8,31.2,10.599999999999994,1,224.44
W0632,2025-05-28 17:04:20.064563,23.4,71.6,8.2,8.2,15,1.3,68.3,0.0,0,0.0
W0633,2025-09-30 17:04:20.064563,20.7,63.6,0.0,0.0,33,0.0,52.4,0.0,0,0.0
W0634,2025-06-17 17:04:20.064563,14.9,90.8,2.9,2.9,17,0.5,96.5,0.0,0,0.0
W0635,2024-08-27 17:04:20.064563,8.5,86.2,2.2,2.2,15,0.1,59.8,0.0,0,0.0
W0636,2025-07-17 17:04:20.064563,33.2,52.2,0.0,0.0,15,0.4,63.2,0.0,0,0.0
W0637,2025-06-21 17:04:20.064563,25.7,59.5,0.0,0.0,15,1.1,52.0,0.0,0,0.0
W0638,2024-12-08 17:04:20.064563,12.1,87.2,2.3,2.3,27,0.0,31.1,0.0,0,0.0
W0639,2024-11-26 17:04:20.064563,12.0,91.6,0.0,0.0,37,0.0,63.1,0.0,0,0.0
W0640,2025-12-30 17:04:20.064563,21.6,80.3,0.0,0.0,15,0.0,33.3,0.0,0,0.0
W0641,2024-12-26 17:04:20.064563,41.7,41.5,0.0,0.0,40,2.0,71.7,13.400000000000006,1,142.0
W0642,2025-09-02 17:04:20.064563,22.4,87.1,0.0,0.0,31,0.4,23.7,0.0,0,0.0
W0643,2025-07-27 17:04:20.064563,10.0,93.0,0.0,0.0,15,0.0,36.8,0.0,0,0.0
W0644,2025-12-19 17:04:20.064563,22.5,68.3,0.0,0.0,25,1.9,58.4,0.0,0,0.0
W0645,2024-11-17 17:04:20.064563,22.3,78.9,0.5,0.5,26,0.0,62.8,0.0,1,37.17
W0646,2024-12-24 17:04:20.064563,-2.0,100.0,0.0,0.1,15,0.0,66.9,6.0,0,0.0
W0647,2025-06-11 17:04:20.064563,24.5,76.7,0.0,0.0,15,0.4,70.0,0.0,0,0.0
W0648,2024-06-05 17:04:20.064563,22.7,72.3,1.8,1.8,26,0.5,31.8,0.0,0,0.0
W0649,2026-03-18 17:04:20.064563,32.0,46.8,0.9,0.9,15,1.1,89.3,0.0,0,0.0
W0650,2025-01-04 17:04:20.064563,43.5,42.6,10.1,10.1,30,0.0,3.0,19.525,1,102.44
W0651,2024-11-13 17:04:20.064563,36.3,58.0,2.7,2.7,49,1.8,18.8,2.5999999999999943,0,0.0
W0652,2024-12-21 17:04:20.064563,22.3,72.7,16.5,16.5,15,3.0,7.0,4.125,0,0.0
W0653,2025-02-24 17:04:20.064563,13.9,72.4,0.0,0.0,39,0.3,67.2,0.0,0,0.0
W0654,2025-02-08 17:04:20.064563,45.0,34.0,0.0,0.0,15,1.4,27.4,20.0,1,219.56
W0655,2025-09-22 17:04:20.064563,25.6,86.2,0.0,0.0,15,1.2,19.9,0.0,0,0.0
W0656,2024-06-08 17:04:20.064563,25.1,86.6,0.0,0.0,18,2.1,48.1,0.0,0,0.0
W0657,2024-08-06 17:04:20.064563,24.8,64.0,0.0,0.0,15,0.6,61.9,0.0,0,0.0
W0658,2024-08-19 17:04:20.064563,27.0,76.3,0.0,0.0,27,0.6,61.9,0.0,0,0.0
W0659,2024-11-09 17:04:20.064563,23.6,62.9,13.5,13.5,15,1.8,55.7,3.375,0,0.0
W0660,2025-04-14 17:04:20.064563,19.3,95.1,1.3,1.3,23,1.8,99.2,0.0,0,0.0
W0661,2026-02-26 17:04:20.064563,19.5,83.2,0.0,0.0,18,1.9,86.0,0.0,0,0.0
W0662,2024-08-21 17:04:20.064563,24.7,82.5,3.6,3.6,27,2.3,23.9,0.0,0,0.0
W0663,2026-03-11 17:04:20.064563,19.6,63.5,2.0,2.0,25,2.7,75.9,0.0,0,0.0
W0664,2024-10-23 17:04:20.064563,17.9,90.0,1.7,1.7,15,2.6,56.9,0.0,0,0.0
W0665,2024-05-22 17:04:20.064563,26.1,70.8,0.0,0.0,15,2.2,7.1,0.0,0,0.0
W0666,2025-05-16 17:04:20.064563,22.5,84.8,12.1,12.1,15,0.9,5.0,3.025,1,23.93
W0667,2025-05-09 17:04:20.064563,40.0,59.1,3.6,3.6,15,2.8,80.0,10.0,1,102.84
W0668,2025-02-19 17:04:20.064563,-1.5,100.0,1.5,2.0,45,2.6,54.5,4.5,0,0.0
W0669,2025-09-24 17:04:20.064563,35.9,50.1,0.0,0.0,34,1.7,57.1,1.7999999999999972,1,41.68
W0670,2025-07-08 17:04:20.064563,37.5,61.6,0.0,0.0,41,5.0,33.6,5.0,0,0.0
W0671,2025-05-17 17:04:20.064563,4.3,100.0,0.0,0.0,15,3.9,93.0,0.0,0,0.0
W0672,2024-05-20 17:04:20.064563,21.6,68.9,0.0,0.0,31,4.1,71.3,0.0,0,0.0
W0673,2024-10-15 17:04:20.064563,21.3,68.9,0.0,0.0,15,2.6,92.8,0.0,0,0.0
W0674,2025-05-22 17:04:20.064563,10.9,78.8,3.0,3.0,22,1.2,9.9,0.0,0,0.0
W0675,2025-04-20 17:04:20.064563,17.2,79.1,0.0,0.0,15,4.5,58.4,0.0,0,0.0
W0676,2025-11-06 17:04:20.064563,13.9,100.0,11.1,11.1,15,2.3,63.8,2.775,1,42.34
W0677,2026-02-28 17:04:20.064563,42.5,48.0,0.0,0.0,15,4.0,12.6,15.0,1,159.96
W0678,2024-04-07 17:04:20.064563,34.4,53.2,0.0,0.0,23,5.0,34.6,0.0,0,0.0
W0679,2025-10-28 17:04:20.064563,37.7,61.5,2.3,2.3,15,6.6,21.5,5.400000000000006,1,86.03
W0680,2025-04-11 17:04:20.064563,32.2,53.4,3.4,3.4,55,4.2,98.4,0.0,0,0.0
W0681,2025-07-19 17:04:20.064563,13.7,90.4,6.5,6.5,17,4.0,54.3,0.0,0,0.0
W0682,2024-03-24 17:04:20.064563,19.8,78.6,6.5,6.5,15,5.3,31.5,0.0,0,0.0
W0683,2025-03-13 17:04:20.064563,29.9,73.0,2.8,2.8,36,2.6,66.4,0.0,0,0.0
W0684,2025-01-17 17:04:20.064563,12.8,75.1,0.0,0.0,15,2.1,66.0,0.0,0,0.0
W0685,2025-04-21 17:04:20.064563,32.1,53.3,0.0,0.0,15,5.8,34.7,0.0,0,0.0
W0686,2025-05-21 17:04:20.064563,22.6,59.7,0.0,0.0,40,3.2,99.4,0.0,0,0.0
W0687,2025-09-20 17:04:20.064563,21.3,75.5,0.0,0.0,32,2.1,80.9,0.0,0,0.0
W0688,2025-09-28 17:04:20.064563,32.1,73.9,0.0,0.0,15,4.7,40.0,0.40950000000000086,0,0.0
W0689,2025-11-25 17:04:20.064563,29.4,60.8,0.0,0.0,43,4.7,66.0,0.0,0,0.0
W0690,2024-10-29 17:04:20.064563,21.4,72.8,0.0,0.0,36,4.9,71.1,0.0,0,0.0
W0691,2025-07-30 17:04:20.064563,36.6,63.8,0.0,0.0,41,6.3,17.4,3.200000000000003,0,0.0
W0692,2024-10-28 17:04:20.064563,14.2,99.4,0.0,0.0,39,3.2,87.8,0.0,0,0.0
W0693,2024-12-22 17:04:20.064563,31.2,62.4,1.7,1.7,15,2.9,82.6,0.0,0,0.0
W0694,2025-06-07 17:04:20.064563,30.9,70.5,0.0,0.0,31,4.2,75.6,0.022499999999999964,0,0.0
W0695,2025-07-28 17:04:20.064563,21.9,66.4,0.0,0.0,15,6.7,22.3,0.0,0,0.0
W0696,2024-04-16 17:04:20.064563,28.3,81.4,0.0,0.0,23,7.1,13.6,0.0,0,0.0
W0697,2025-04-20 17:04:20.064563,12.5,100.0,0.0,0.0,28,7.7,18.1,0.0,0,0.0
W0698,2025-02-25 17:04:20.064563,34.2,63.9,4.3,4.3,38,6.5,9.3,0.0,0,0.0
W0699,2026-01-31 17:04:20.064563,23.2,54.4,0.0,0.0,44,2.5,94.0,0.0,0,0.0
W0700,2026-02-11 17:04:20.064563,19.8,74.8,0.0,0.0,20,5.1,85.1,0.0,0,0.0
W0701,2025-05-06 17:04:20.064563,35.5,62.9,0.0,0.0,20,6.8,9.1,1.0,0,0.0
W0702,2024-09-03 17:04:20.064563,18.0,78.9,0.0,0.0,62,3.4,67.8,0.0,0,0.0
W0703,2025-07-09 17:04:20.064563,10.9,100.0,2.0,2.0,26,6.9,24.6,0.0,0,0.0
W0704,2024-07-26 17:04:20.064563,9.4,100.0,0.0,0.0,39,8.6,1.7,1.1999999999999993,0,0.0
W0705,2025-12-15 17:04:20.064563,31.1,56.3,0.0,0.0,53,6.6,29.2,0.0,0,0.0
W0706,2025-09-15 17:04:20.064563,12.2,92.0,7.6,7.6,21,7.1,44.0,0.0,0,0.0
W0707,2024-04-14 17:04:20.064563,42.5,37.2,6.2,6.2,22,6.8,2.0,15.0,1,131.7
W0708,2025-04-25 17:04:20.064563,4.2,100.0,1.6,1.6,29,5.5,32.4,0.0,0,0.0
W0709,2025-11-14 17:04:20.064563,42.0,41.5,0.0,0.0,29,5.7,70.0,14.0,0,0.0
W0710,2025-10-16 17:04:20.064563,27.1,81.1,0.0,0.0,42,6.3,22.8,0.0,0,0.0
W0711,2026-01-25 17:04:20.064563,24.0,95.1,4.5,4.5,15,6.9,48.5,0.0,0,0.0
W0712,2024-04-14 17:04:20.064563,19.6,66.4,1.2,1.2,31,4.4,88.8,0.0,1,27.23
W0713,2024-06-11 17:04:20.064563,29.0,47.3,0.0,0.0,52,8.8,2.8,1.6000000000000014,0,0.0
W0714,2026-01-05 17:04:20.064563,24.6,70.6,0.0,0.0,50,5.3,78.6,0.0,0,0.0
W0715,2025-05-30 17:04:20.064563,36.0,40.8,16.4,16.4,37,5.4,38.4,6.1,1,83.21
W0716,2024-08-03 17:04:20.064563,26.1,71.2,5.9,5.9,47,3.7,54.1,0.0,0,0.0
W0717,2025-07-03 17:04:20.064563,26.5,77.7,0.0,0.0,51,7.7,23.1,0.0,0,0.0
W0718,2024-09-20 17:04:20.064563,21.4,92.9,0.0,0.0,44,6.1,57.9,0.0,0,0.0
W0719,2024-05-08 17:04:20.064563,24.4,75.4,0.0,0.0,35,4.0,73.1,0.0,1,59.19
W0720,2024-12-09 17:04:20.064563,28.1,66.0,0.0,0.0,54,7.9,20.2,0.0,0,0.0
W0721,2025-04-10 17:04:20.064563,7.9,78.4,0.0,0.0,51,7.9,34.3,0.0,0,0.0
W0722,2025-02-16 17:04:20.064563,11.5,93.0,0.0,0.0,38,5.0,56.7,0.0,0,0.0
W0723,2024-10-20 17:04:20.064563,32.4,62.1,0.0,0.0,29,4.4,41.7,0.0,0,0.0
W0724,2025-06-26 17:04:20.064563,26.7,76.3,0.0,0.0,45,7.8,29.3,0.0,0,0.0
W0725,2025-02-15 17:04:20.064563,23.2,68.2,6.6,6.6,57,7.4,45.2,0.0,0,0.0
W0726,2025-02-26 17:04:20.064563,25.2,67.9,1.9,1.9,46,6.1,29.1,0.0,0,0.0
W0727,2025-04-10 17:04:20.064563,28.5,52.5,0.0,0.0,49,7.6,30.2,0.0,0,0.0
W0728,2024-12-27 17:04:20.064563,19.6,57.7,0.0,0.0,57,5.9,61.1,0.0,0,0.0
W0729,2025-05-23 17:04:20.064563,17.2,73.1,2.9,2.9,53,6.0,47.7,0.0,0,0.0
W0730,2024-12-01 17:04:20.064563,27.0,53.9,0.0,0.0,54,5.9,67.7,0.0,0,0.0
W0731,2024-06-09 17:04:20.064563,15.2,90.5,3.5,3.5,42,4.1,83.7,0.0,0,0.0
W0732,2025-07-12 17:04:20.064563,29.1,61.2,8.1,8.1,24,3.1,94.3,0.0,0,0.0
W0733,2024-04-06 17:04:20.064563,8.0,92.7,1.6,1.6,68,7.8,15.1,0.0,0,0.0
W0734,2025-09-21 17:04:20.064563,35.3,47.2,0.0,0.0,43,5.8,62.6,0.5999999999999943,0,0.0
W0735,2024-05-10 17:04:20.064563,29.7,33.1,0.0,0.0,84,3.1,58.2,0.0,0,0.0
W0736,2025-03-11 17:04:20.064563,27.6,83.7,0.0,0.0,56,3.3,86.7,0.0,0,0.0
W0737,2024-11-02 17:04:20.064563,34.8,47.8,0.0,0.0,54,3.7,89.6,0.0,0,0.0
W0738,2026-01-12 17:04:20.064563,41.7,43.4,0.0,0.0,69,5.4,76.1,13.400000000000006,1,122.01
W0739,2024-05-27 17:04:20.064563,35.1,42.7,0.0,0.0,41,4.0,59.5,0.20000000000000284,0,0.0
W0740,2026-01-14 17:04:20.064563,6.6,100.0,0.4,0.4,65,6.8,19.9,0.0,0,0.0
W0741,2024-04-28 17:04:20.064563,12.2,93.1,6.6,6.6,44,8.7,27.7,1.3999999999999986,0,0.0
W0742,2024-04-18 17:04:20.064563,18.8,73.6,5.8,5.8,52,5.5,60.3,0.0,0,0.0
W0743,2024-11-26 17:04:20.064563,25.3,68.2,0.0,0.0,42,7.4,13.9,0.0,0,0.0
W0744,2024-10-08 17:04:20.064563,30.2,81.5,1.6,1.6,40,7.0,18.4,0.11499999999999959,0,0.0
W0745,2024-04-07 17:04:20.064563,17.7,82.7,14.7,14.7,15,5.2,91.1,3.675,0,0.0
W0746,2025-12-14 17:04:20.064563,26.9,67.9,0.0,0.0,49,4.1,95.6,0.0,0,0.0
W0747,2024-08-21 17:04:20.064563,17.4,74.4,0.8,0.8,46,7.4,0.5,0.0,0,0.0
W0748,2024-11-17 17:04:20.064563,18.9,62.7,0.0,0.0,45,4.5,86.2,0.0,0,0.0
W0749,2024-07-25 17:04:20.064563,10.9,92.0,6.9,6.9,43,5.3,93.8,0.0,0,0.0
W0750,2025-07-15 17:04:20.064563,15.8,89.6,2.7,2.7,56,6.0,52.6,0.0,0,0.0
W0751,2026-02-01 17:04:20.064563,11.5,100.0,13.7,13.7,43,5.9,44.9,3.425,0,0.0
W0752,2024-07-13 17:04:20.064563,15.2,64.7,0.5,0.5,71,5.2,91.9,0.0,0,0.0
W0753,2025-10-16 17:04:20.064563,35.5,45.4,0.5,0.5,73,6.8,0.8,1.0,0,0.0
W0754,2024-10-27 17:04:20.064563,15.5,80.9,0.0,0.0,75,1.0,84.0,0.0,0,0.0
W0755,2025-07-07 17:04:20.064563,45.0,42.5,0.0,0.0,68,6.6,29.7,20.0,1,403.45
W0756,2026-03-04 17:04:20.064563,29.9,63.6,0.0,0.0,64,5.3,64.1,0.0,0,0.0
W0757,2024-12-05 17:04:20.064563,26.8,68.5,0.0,0.0,82,5.4,32.3,0.0,0,0.0
W0758,2025-03-30 17:04:20.064563,16.4,89.5,0.0,0.0,77,5.0,52.3,0.0,0,0.0
W0759,2024-09-05 17:04:20.064563,32.0,53.0,11.0,11.0,15,5.4,80.8,2.75,0,0.0
W0760,2025-11-28 17:04:20.064563,19.2,90.5,0.2,0.2,60,6.8,18.1,0.0,0,0.0
W0761,2025-11-29 17:04:20.064563,26.2,75.0,0.0,0.0,29,6.1,66.4,0.0,0,0.0
W0762,2024-07-13 17:04:20.064563,45.0,39.3,0.0,0.0,29,4.0,89.8,20.0,1,231.02
W0763,2024-09-01 17:04:20.064563,24.0,89.9,0.0,0.0,55,3.6,90.1,0.0,0,0.0
W0764,2025-01-30 17:04:20.064563,36.5,70.8,0.0,0.0,64,4.4,89.4,3.259999999999999,0,0.0
W0765,2024-07-06 17:04:20.064563,18.0,92.4,1.0,1.0,56,5.3,51.8,0.0,0,0.0
W0766,2025-10-31 17:04:20.064563,24.7,42.8,0.0,0.0,31,4.5,76.8,0.0,0,0.0
W0767,2024-04-13 17:04:20.064563,42.7,61.7,3.6,3.6,76,4.8,44.7,15.400000000000006,0,0.0
W0768,2025-01-31 17:04:20.064563,18.7,89.9,0.0,0.0,54,4.3,46.0,0.0,0,0.0
W0769,2025-10-28 17:04:20.064563,43.1,65.4,0.0,0.0,78,4.8,28.4,16.200000000000003,1,123.12
W0770,2026-02-09 17:04:20.064563,32.1,74.3,2.7,2.7,50,5.8,28.5,0.45149999999999996,0,0.0
W0771,2025-04-06 17:04:20.064563,19.4,96.7,8.9,8.9,41,6.6,3.8,0.0,0,0.0
W0772,2025-04-28 17:04:20.064563,31.3,71.8,2.9,2.9,72,1.8,53.1,0.11699999999999988,0,0.0
W0773,2024-10-07 17:04:20.064563,34.7,71.4,0.9,0.9,61,4.3,30.9,0.3290000000000015,0,0.0
W0774,2024-06-03 17:04:20.064563,31.2,83.1,15.5,15.5,43,3.7,18.8,4.661,0,0.0
W0775,2025-11-14 17:04:20.064563,9.3,98.2,0.0,0.0,76,4.9,12.2,0.0,0,0.0
W0776,2026-02-23 17:04:20.064563,17.7,67.7,0.0,0.0,42,4.0,34.7,0.0,0,0.0
W0777,2025-12-20 17:04:20.064563,22.5,73.1,0.0,0.0,81,3.2,89.9,0.0,0,0.0
W0778,2024-11-21 17:04:20.064563,24.3,77.5,2.8,2.8,47,4.2,51.6,0.0,0,0.0
W0779,2024-06-30 17:04:20.064563,31.2,63.9,3.4,3.4,43,6.0,55.7,0.0,0,0.0
W0780,2026-03-01 17:04:20.064563,26.8,57.4,3.5,3.5,51,5.4,5.4,0.0,0,0.0
W0781,2025-01-20 17:04:20.064563,11.6,76.2,3.6,3.6,82,4.4,52.0,0.0,0,0.0
W0782,2026-02-16 17:04:20.064563,28.8,59.4,0.0,0.0,41,1.9,66.8,0.0,0,0.0
W0783,2025-11-22 17:04:20.064563,31.1,71.4,3.6,3.6,79,4.2,15.1,0.07700000000000042,0,0.0
W0784,2024-07-19 17:04:20.064563,30.6,79.9,0.0,0.0,80,1.3,98.4,0.2970000000000009,1,20.71
W0785,2025-10-18 17:04:20.064563,35.8,65.5,0.0,0.0,75,3.1,91.5,1.5999999999999943,0,0.0
W0786,2024-04-29 17:04:20.064563,33.3,70.6,0.0,0.0,79,2.3,99.3,0.09899999999999898,0,0.0
W0787,2025-03-08 17:04:20.064563,29.6,64.8,0.0,0.0,69,3.3,36.0,0.0,0,0.0
W0788,2025-09-14 17:04:20.064563,24.3,56.1,0.0,0.0,88,3.5,82.2,0.0,0,0.0
W0789,2025-05-30 17:04:20.064563,8.4,92.9,0.0,0.0,66,3.3,32.9,0.0,0,0.0
W0790,2026-01-24 17:04:20.064563,29.3,63.5,0.0,0.0,43,3.9,74.9,0.0,0,0.0
W0791,2025-04-01 17:04:20.064563,27.1,64.4,4.2,4.2,66,3.4,94.8,0.0,0,0.0
W0792,2024-05-27 17:04:20.064563,27.7,69.0,0.0,0.0,92,2.9,15.5,0.0,0,0.0
W0793,2025-08-18 17:04:20.064563,12.2,96.1,0.2,0.2,85,4.6,14.0,0.0,0,0.0
W0794,2026-01-10 17:04:20.064563,14.2,97.2,3.4,3.4,106,3.5,10.4,0.0,0,0.0
W0795,2025-03-02 17:04:20.064563,35.5,53.9,0.0,0.0,71,1.7,79.8,1.0,0,0.0
W0796,2024-03-30 17:04:20.064563,24.6,54.1,1.2,1.2,71,2.6,66.7,0.0,0,0.0
W0797,2025-05-22 17:04:20.064563,31.8,57.4,2.4,2.4,67,0.8,52.2,0.0,0,0.0
W0798,2025-08-01 17:04:20.064563,25.3,72.5,20.5,20.5,21,1.4,77.4,10.25,0,0.0
W0799,2024-07-04 17:04:20.064563,25.3,84.3,0.0,0.0,68,2.1,85.0,0.0,0,0.0
W0800,2025-06-04 17:04:20.064563,34.4,52.7,0.0,0.0,57,1.2,95.0,0.0,0,0.0
W0801,2025-03-23 17:04:20.064563,19.8,85.4,0.0,0.0,32,3.5,20.1,0.0,0,0.0
W0802,2025-12-28 17:04:20.064563,26.0,74.0,0.0,0.0,66,1.6,44.2,0.0,1,38.23
W0803,2025-07-01 17:04:20.064563,20.4,79.9,4.7,4.7,69,1.5,92.3,0.0,0,0.0
W0804,2026-03-12 17:04:20.064563,20.7,88.3,0.0,0.0,91,1.7,46.1,0.0,0,0.0
W0805,2024-08-21 17:04:20.064563,21.9,70.5,0.0,0.0,67,0.1,48.8,0.0,0,0.0
W0806,2025-06-06 17:04:20.064563,27.2,63.4,0.0,0.0,67,1.5,94.2,0.0,0,0.0
W0807,2024-09-14 17:04:20.064563,20.2,79.6,0.0,0.0,99,1.5,73.5,0.0,0,0.0
W0808,2025-09-03 17:04:20.064563,37.6,47.3,0.0,0.0,52,0.0,55.2,5.200000000000003,0,0.0
W0809,2026-01-13 17:04:20.064563,16.1,91.0,5.9,5.9,64,0.0,35.7,0.0,0,0.0
W0810,2024-12-19 17:04:20.064563,23.1,68.2,0.0,0.0,98,0.4,91.5,0.0,0,0.0
W0811,2025-12-08 17:04:20.064563,20.6,81.4,5.4,5.4,54,2.6,0.9,0.0,0,0.0
W0812,2025-09-20 17:04:20.064563,39.5,49.8,0.0,0.0,48,3.8,32.1,9.0,0,0.0
W0813,2025-07-26 17:04:20.064563,27.0,71.7,8.6,8.6,96,0.0,94.6,0.0,0,0.0
W0814,2025-07-07 17:04:20.064563,35.3,52.4,0.0,0.0,95,2.4,49.8,0.5999999999999943,0,0.0
W0815,2025-06-07 17:04:20.064563,10.1,91.4,0.0,0.0,96,1.8,62.4,0.0,0,0.0
W0816,2025-11-14 17:04:20.064563,27.7,69.5,0.0,0.0,78,0.0,53.3,0.0,0,0.0
W0817,2024-12-17 17:04:20.064563,33.9,61.2,0.0,0.0,92,2.4,39.7,0.0,0,0.0
W0818,2025-02-11 17:04:20.064563,25.8,71.2,0.0,0.0,30,0.8,66.5,0.0,0,0.0
W0819,2024-11-24 17:04:20.064563,35.7,73.6,0.0,0.0,71,0.0,76.6,2.4260000000000046,0,0.0
W0820,2024-06-14 17:04:20.064563,19.8,70.4,9.4,9.4,80,0.0,36.4,0.0,0,0.0
W0821,2024-12-28 17:04:20.064563,39.1,50.7,0.0,0.0,52,0.1,59.1,8.200000000000003,0,0.0
W0822,2025-06-22 17:04:20.064563,45.0,26.8,0.0,0.0,73,0.0,8.3,20.0,1,176.06
W0823,2024-11-22 17:04:20.064563,21.4,81.7,0.0,0.0,86,2.2,54.8,0.0,0,0.0
W0824,2025-07-06 17:04:20.064563,20.5,68.0,0.0,0.0,64,0.0,74.8,0.0,0,0.0
W0825,2025-10-22 17:04:20.064563,39.5,47.9,0.0,0.0,80,0.0,58.5,9.0,0,0.0
W0826,2025-12-02 17:04:20.064563,40.8,45.1,0.0,0.0,87,0.0,87.8,11.599999999999994,1,152.64
W0827,2026-01-31 17:04:20.064563,19.8,83.2,0.0,0.0,85,2.7,28.6,0.0,0,0.0
W0828,2025-04-10 17:04:20.064563,20.8,73.3,0.0,0.0,71,0.0,49.2,0.0,0,0.0
W0829,2025-02-25 17:04:20.064563,22.2,70.8,0.0,0.0,63,1.3,8.7,0.0,0,0.0
W0830,2024-04-16 17:04:20.064563,11.6,100.0,0.0,0.0,87,0.0,70.0,0.0,0,0.0
W0831,2025-08-06 17:04:20.064563,15.8,89.1,0.0,0.0,86,0.4,44.3,0.0,0,0.0
W0832,2025-02-13 17:04:20.064563,15.0,82.0,0.0,0.0,85,0.1,53.0,0.0,0,0.0
W0833,2024-09-20 17:04:20.064563,17.3,81.5,0.0,0.0,81,0.0,12.8,0.0,0,0.0
W0834,2025-07-30 17:04:20.064563,24.7,89.5,3.4,3.4,79,0.7,99.7,0.0,1,26.97
W0835,2024-10-21 17:04:20.064563,27.3,66.6,0.0,0.0,96,0.0,77.2,0.0,0,0.0
W0836,2025-03-16 17:04:20.064563,40.5,42.3,0.0,0.0,85,0.0,40.1,11.0,0,0.0
W0837,2024-12-07 17:04:20.064563,15.0,80.6,0.0,0.0,80,0.0,57.0,0.0,1,47.87
W0838,2025-03-01 17:04:20.064563,34.8,52.2,0.0,0.0,68,0.0,61.9,0.0,0,0.0
W0839,2024-12-29 17:04:20.064563,22.9,69.8,9.9,9.9,86,0.3,96.1,0.0,0,0.0
W0840,2025-11-18 17:04:20.064563,24.5,60.4,0.0,0.0,55,0.0,76.8,0.0,0,0.0
W0841,2026-03-06 17:04:20.064563,31.7,51.1,0.0,0.0,74,1.6,35.0,0.0,0,0.0
W0842,2024-12-25 17:04:20.064563,13.8,81.0,11.5,11.5,44,0.0,97.8,2.875,0,0.0
W0843,2025-10-08 17:04:20.064563,28.8,72.7,1.1,1.1,39,0.3,30.2,0.0,0,0.0
W0844,2024-03-28 17:04:20.064563,26.7,66.2,0.0,0.0,84,0.0,57.7,0.0,0,0.0
W0845,2025-08-29 17:04:20.064563,29.9,63.0,0.0,0.0,73,0.0,70.1,0.0,0,0.0
W0846,2024-09-29 17:04:20.064563,27.9,80.9,0.0,0.0,77,0.0,27.1,0.0,0,0.0
W0847,2024-06-13 17:04:20.064563,45.0,55.5,0.0,0.0,73,1.2,95.6,20.0,1,207.73
W0848,2024-11-20 17:04:20.064563,18.6,79.2,0.0,0.0,91,0.0,21.6,0.0,0,0.0
W0849,2025-05-08 17:04:20.064563,19.7,74.2,0.0,0.0,94,0.0,44.2,0.0,0,0.0
W0850,2025-07-31 17:04:20.064563,18.8,73.2,3.3,3.3,47,0.3,18.0,0.0,0,0.0
W0851,2025-10-07 17:04:20.064563,19.4,87.8,10.8,10.8,89,0.0,87.5,2.7,0,0.0
W0852,2024-11-19 17:04:20.064563,18.6,80.0,0.0,0.0,71,1.4,22.2,0.0,1,47.98
W0853,2026-02-23 17:04:20.064563,36.9,50.8,0.0,0.0,87,2.0,3.5,3.799999999999997,0,0.0
W0854,2025-07-18 17:04:20.064563,39.2,43.1,0.0,0.0,78,0.0,3.9,8.400000000000006,0,0.0
W0855,2026-01-08 17:04:20.064563,19.3,73.4,0.2,0.2,76,0.8,41.4,0.0,0,0.0
W0856,2026-03-16 17:04:20.064563,16.7,88.2,0.0,0.0,85,0.0,52.3,0.0,0,0.0
W0857,2025-08-02 17:04:20.064563,29.7,52.3,0.0,0.0,100,0.0,4.2,0.0,0,0.0
W0858,2025-06-19 17:04:20.064563,19.5,90.7,0.0,0.0,89,0.7,9.3,0.0,1,26.28
W0859,2024-04-04 17:04:20.064563,31.3,57.7,0.0,0.0,69,0.1,9.7,0.0,0,0.0
W0860,2024-06-21 17:04:20.064563,27.0,68.0,0.0,0.0,71,0.2,66.9,0.0,0,0.0
W0861,2025-01-13 17:04:20.064563,9.8,81.9,0.0,0.0,61,1.1,30.0,0.0,0,0.0
W0862,2024-10-30 17:04:20.064563,40.5,49.2,2.4,2.4,82,1.1,56.3,11.0,0,0.0
W0863,2025-05-06 17:04:20.064563,43.0,42.3,0.0,0.0,84,0.1,7.4,16.0,1,163.18
W0864,2026-02-24 17:04:20.064563,18.9,81.2,3.6,3.6,58,0.0,89.2,0.0,0,0.0
W0865,2024-11-22 17:04:20.064563,21.1,93.0,0.0,0.0,98,0.0,30.4,0.0,0,0.0
W0866,2025-01-25 17:04:20.064563,27.9,70.0,2.2,2.2,88,0.0,77.8,0.0,1,34.56
W0867,2026-01-26 17:04:20.064563,28.3,59.5,0.0,0.0,107,0.8,82.7,0.0,0,0.0
W0868,2025-11-03 17:04:20.064563,31.6,55.5,10.8,10.8,33,0.0,98.8,2.7,0,0.0
W0869,2025-03-30 17:04:20.064563,45.0,48.5,0.0,0.0,68,0.0,74.1,20.0,1,354.43
W0870,2025-07-15 17:04:20.064563,23.2,88.1,5.8,5.8,54,1.3,44.3,0.0,0,0.0
W0871,2025-10-05 17:04:20.064563,17.0,87.3,5.4,5.4,110,0.0,15.3,0.0,0,0.0
W0872,2025-09-12 17:04:20.064563,11.2,100.0,0.0,0.0,69,0.0,4.8,0.0,0,0.0
W0873,2025-03-05 17:04:20.064563,17.7,89.6,0.0,0.0,94,1.1,88.6,0.0,0,0.0
W0874,2025-05-27 17:04:20.064563,24.7,87.2,2.4,2.4,84,1.3,44.7,0.0,0,0.0
W0875,2025-10-02 17:04:20.064563,42.9,26.1,0.0,0.0,66,0.0,75.0,15.799999999999997,1,144.24
W0876,2025-02-19 17:04:20.064563,19.8,86.9,12.5,12.5,43,1.1,49.6,3.125,1,38.59
W0877,2025-03-13 17:04:20.064563,27.2,79.0,0.0,0.0,77,0.2,88.0,0.0,0,0.0
W0878,2026-03-07 17:04:20.064563,24.8,59.4,0.0,0.0,91,1.0,75.0,0.0,0,0.0
W0879,2025-06-25 17:04:20.064563,36.9,45.8,0.0,0.0,62,0.0,8.5,3.799999999999997,0,0.0
W0880,2024-12-20 17:04:20.064563,45.0,34.0,0.0,0.0,55,0.4,75.2,20.0,1,427.85
W0881,2025-01-25 17:04:20.064563,19.7,73.2,13.1,13.1,57,0.0,26.7,3.275,0,0.0
W0882,2024-11-30 17:04:20.064563,20.1,75.0,0.0,0.0,42,1.0,77.3,0.0,0,0.0
W0883,2024-11-09 17:04:20.064563,35.4,59.3,6.3,6.3,57,0.0,94.9,0.7999999999999972,1,31.83
W0884,2024-07-19 17:04:20.064563,31.8,70.9,0.0,0.0,85,1.0,93.0,0.08100000000000054,0,0.0
W0885,2024-10-01 17:04:20.064563,43.5,55.6,0.0,0.0,72,0.2,12.5,17.0,1,180.8
W0886,2025-02-04 17:04:20.064563,30.8,55.4,0.0,0.0,51,0.8,5.5,0.0,0,0.0
W0887,2024-07-18 17:04:20.064563,21.4,69.4,0.0,0.0,42,0.0,77.7,0.0,0,0.0
W0888,2025-09-17 17:04:20.064563,30.9,76.8,2.6,2.6,80,0.4,71.0,0.3059999999999994,1,29.52
W0889,2026-02-22 17:04:20.064563,36.1,62.3,0.0,0.0,58,0.5,17.6,2.200000000000003,0,0.0
W0890,2024-09-23 17:04:20.064563,33.2,61.0,0.0,0.0,43,1.9,68.5,0.0,0,0.0
W0891,2024-09-30 17:04:20.064563,30.1,69.6,1.2,1.2,81,0.7,1.5,0.0,0,0.0
W0892,2024-10-25 17:04:20.064563,35.7,56.2,1.0,1.0,74,0.0,63.1,1.4000000000000057,0,0.0
W0893,2025-07-26 17:04:20.064563,36.7,60.2,0.0,0.0,38,0.0,83.2,3.4000000000000057,0,0.0
W0894,2024-12-26 17:04:20.064563,38.8,48.4,4.0,4.0,101,0.8,64.2,7.599999999999994,0,0.0
W0895,2025-11-11 17:04:20.064563,31.5,65.5,0.0,0.0,48,0.0,6.5,0.0,0,0.0
W0896,2025-09-06 17:04:20.064563,23.3,59.9,7.0,7.0,60,0.0,99.1,0.0,0,0.0
W0897,2025-11-19 17:04:20.064563,26.5,63.4,9.7,9.7,78,0.0,35.6,0.0,0,0.0
W0898,2025-01-01 17:04:20.064563,37.1,47.6,0.0,0.0,75,0.1,38.0,4.200000000000003,0,0.0
W0899,2024-06-28 17:04:20.064563,16.8,81.0,4.1,4.1,53,0.2,8.5,0.0,0,0.0
W0900,2024-10-02 17:04:20.064563,28.7,57.7,0.0,0.0,27,0.0,16.7,0.0,0,0.0
W0901,2025-01-15 17:04:20.064563,21.1,73.1,0.0,0.0,96,1.7,27.1,0.0,0,0.0
W0902,2024-11-05 17:04:20.064563,25.3,56.9,0.0,0.0,72,0.6,79.9,0.0,0,0.0
W0903,2025-03-22 17:04:20.064563,37.8,58.8,0.0,0.0,26,1.8,69.2,5.599999999999994,0,0.0
W0904,2024-09-17 17:04:20.064563,26.9,68.8,0.0,0.0,85,0.1,58.4,0.0,0,0.0
W0905,2025-01-21 17:04:20.064563,25.5,54.8,14.5,14.5,26,0.0,86.4,3.625,0,0.0
W0906,2024-04-01 17:04:20.064563,11.4,84.5,0.0,0.0,47,0.0,99.8,0.0,0,0.0
W0907,2026-03-13 17:04:20.064563,32.5,64.7,0.0,0.0,41,0.0,38.5,0.0,0,0.0
W0908,2025-09-15 17:04:20.064563,31.5,57.4,0.0,0.0,55,0.8,39.1,0.0,0,0.0
W0909,2024-07-25 17:04:20.064563,45.0,35.5,0.0,0.0,67,0.0,73.6,20.0,1,186.57
W0910,2024-12-23 17:04:20.064563,21.9,76.4,5.5,5.5,30,0.9,64.4,0.0,0,0.0
W0911,2024-05-03 17:04:20.064563,27.2,72.6,0.0,0.0,53,1.4,1.3,0.0,0,0.0
W0912,2024-05-12 17:04:20.064563,27.5,54.4,0.0,0.0,117,0.0,65.5,0.0,0,0.0
W0913,2025-10-05 17:04:20.064563,40.8,54.3,0.0,0.0,59,0.0,72.0,11.599999999999994,0,0.0
W0914,2025-01-11 17:04:20.064563,24.0,65.9,2.2,2.2,64,0.9,98.6,0.0,0,0.0
W0915,2026-03-02 17:04:20.064563,27.8,68.1,0.0,0.0,29,0.3,58.7,0.0,0,0.0
W0916,2024-07-25 17:04:20.064563,31.1,63.0,0.0,0.0,21,0.3,68.4,0.0,0,0.0
W0917,2025-12-31 17:04:20.064563,26.9,64.4,10.7,10.7,55,0.7,78.9,2.675,0,0.0
W0918,2025-08-02 17:04:20.064563,20.5,69.0,0.0,0.0,70,0.0,9.6,0.0,0,0.0
W0919,2024-07-01 17:04:20.064563,26.9,66.7,0.0,0.0,80,0.4,73.5,0.0,0,0.0
W0920,2024-03-30 17:04:20.064563,35.7,72.6,0.0,0.0,44,0.2,54.7,2.1410000000000045,0,0.0
W0921,2025-10-26 17:04:20.064563,14.7,74.3,0.0,0.0,70,0.5,10.0,0.0,0,0.0
W0922,2025-01-03 17:04:20.064563,26.3,87.4,0.0,0.0,15,0.0,67.0,0.0,0,0.0
W0923,2025-07-11 17:04:20.064563,18.0,80.4,5.4,5.4,44,0.1,23.5,0.0,0,0.0
W0924,2025-07-21 17:04:20.064563,37.0,54.9,0.0,0.0,64,0.0,53.8,4.0,0,0.0
W0925,2025-06-12 17:04:20.064563,9.8,84.5,0.0,0.0,29,1.0,28.1,0.0,0,0.0
W0926,2025-03-01 17:04:20.064563,19.4,73.2,0.0,0.0,64,0.0,10.5,0.0,0,0.0
W0927,2024-09-22 17:04:20.064563,28.8,61.8,0.0,0.0,38,0.0,25.1,0.0,0,0.0
W0928,2024-05-09 17:04:20.064563,40.7,38.6,1.0,1.0,38,0.0,43.9,11.400000000000006,1,188.92
W0929,2024-12-01 17:04:20.064563,24.3,71.4,5.9,5.9,24,0.9,49.4,0.0,0,0.0
W0930,2025-07-20 17:04:20.064563,19.4,76.8,16.7,16.7,39,1.0,14.8,4.175,0,0.0
W0931,2024-07-12 17:04:20.064563,43.8,62.8,0.6,0.6,30,1.9,32.1,17.599999999999994,1,151.11
W0932,2024-05-23 17:04:20.064563,10.5,82.6,2.5,2.5,23,0.0,85.9,0.0,0,0.0
W0933,2025-05-02 17:04:20.064563,3.0,100.0,0.0,0.0,22,0.0,91.0,0.0,0,0.0
W0934,2025-08-03 17:04:20.064563,29.4,68.4,1.3,1.3,29,0.0,53.5,0.0,0,0.0
W0935,2024-06-01 17:04:20.064563,20.0,69.3,0.0,0.0,42,0.0,49.0,0.0,0,0.0
W0936,2025-10-29 17:04:20.064563,14.8,94.7,5.2,5.2,40,0.0,58.1,0.0,0,0.0
W0937,2025-12-22 17:04:20.064563,32.1,57.9,0.0,0.0,22,0.5,21.5,0.0,0,0.0
W0938,2026-02-18 17:04:20.064563,27.4,43.9,0.0,0.0,44,1.1,99.4,0.0,1,36.13
W0939,2024-05-11 17:04:20.064563,19.4,87.6,12.9,12.9,23,0.4,74.5,3.225,0,0.0
W0940,2024-08-20 17:04:20.064563,12.2,80.5,0.0,0.0,17,0.1,23.9,0.0,0,0.0
W0941,2024-08-17 17:04:20.064563,33.7,48.9,0.0,0.0,37,0.8,27.2,0.0,0,0.0
W0942,2025-10-15 17:04:20.064563,31.5,69.6,0.0,0.0,33,0.0,64.8,0.0,0,0.0
W0943,2025-01-23 17:04:20.064563,24.0,70.5,1.3,1.3,33,1.4,32.3,0.0,0,0.0
W0944,2024-06-13 17:04:20.064563,43.5,54.0,0.0,0.0,23,3.0,35.5,17.0,1,173.6
W0945,2024-11-27 17:04:20.064563,14.3,100.0,0.0,0.0,31,0.0,78.1,0.0,0,0.0
W0946,2024-07-17 17:04:20.064563,9.7,88.9,9.0,9.0,16,1.2,26.7,0.0,0,0.0
W0947,2025-10-10 17:04:20.064563,18.1,90.8,15.5,15.5,39,1.2,70.5,3.875,0,0.0
W0948,2025-05-18 17:04:20.064563,24.5,65.6,0.7,0.7,32,0.5,93.5,0.0,0,0.0
W0949,2025-11-28 17:04:20.064563,27.4,91.2,8.7,8.7,41,1.3,12.4,0.0,0,0.0
W0950,2025-11-18 17:04:20.064563,22.6,69.2,0.0,0.0,60,0.4,14.4,0.0,0,0.0
W0951,2025-12-11 17:04:20.064563,28.5,77.5,0.0,0.0,15,0.6,94.3,0.0,1,43.71
W0952,2024-11-04 17:04:20.064563,12.5,99.7,0.6,0.6,24,0.1,20.4,0.0,0,0.0
W0953,2025-09-04 17:04:20.064563,39.4,54.0,0.0,0.0,59,0.1,2.1,8.799999999999997,1,36.12
W0954,2025-04-11 17:04:20.064563,24.2,67.0,5.3,5.3,23,0.6,86.9,0.0,0,0.0
W0955,2025-06-22 17:04:20.064563,36.2,54.2,20.1,20.1,15,0.4,28.2,12.450000000000006,1,208.7
W0956,2025-06-14 17:04:20.064563,28.4,45.8,0.0,0.0,44,0.0,29.8,0.0,0,0.0
W0957,2025-01-16 17:04:20.064563,29.6,67.9,0.0,0.0,50,0.5,22.7,0.0,0,0.0
W0958,2025-11-10 17:04:20.064563,30.7,67.4,1.4,1.4,25,0.0,91.8,0.0,0,0.0
W0959,2025-05-31 17:04:20.064563,29.5,67.1,20.5,20.5,15,0.0,77.4,10.25,0,0.0
W0960,2025-01-24 17:04:20.064563,31.4,33.1,0.0,0.0,15,1.0,59.7,0.0,0,0.0
W0961,2025-10-21 17:04:20.064563,38.3,39.9,0.0,0.0,28,0.0,45.3,6.599999999999994,0,0.0
W0962,2025-12-13 17:04:20.064563,27.0,62.1,0.0,0.0,19,0.0,14.4,0.0,0,0.0
W0963,2024-05-18 17:04:20.064563,32.1,64.8,2.4,2.4,15,0.0,92.6,0.0,0,0.0
W0964,2025-12-02 17:04:20.064563,24.1,76.7,0.0,0.0,22,0.0,75.0,0.0,0,0.0
W0965,2024-06-27 17:04:20.064563,39.4,49.2,0.0,0.0,18,2.4,27.9,8.799999999999997,1,51.78
W0966,2024-10-16 17:04:20.064563,18.2,89.0,2.3,2.3,24,0.0,94.7,0.0,0,0.0
W0967,2025-12-18 17:04:20.064563,43.0,35.2,0.0,0.0,20,0.0,93.5,16.0,1,212.9
W0968,2024-10-20 17:04:20.064563,24.6,79.2,0.0,0.0,34,1.4,66.0,0.0,0,0.0
W0969,2024-12-13 17:04:20.064563,10.7,98.7,4.4,4.4,19,0.4,98.5,0.0,1,34.29
W0970,2026-01-23 17:04:20.064563,26.3,74.4,0.7,0.7,48,0.0,18.7,0.0,0,0.0
W0971,2024-06-09 17:04:20.064563,18.2,80.9,1.2,1.2,15,0.0,73.1,0.0,0,0.0
W0972,2024-08-25 17:04:20.064563,33.4,78.2,6.3,6.3,47,0.7,15.2,1.394,0,0.0
W0973,2024-11-18 17:04:20.064563,18.5,87.2,0.0,0.0,45,0.0,69.2,0.0,0,0.0
W0974,2024-09-11 17:04:20.064563,20.5,69.5,0.0,0.0,53,2.2,92.0,0.0,0,0.0
W0975,2025-10-04 17:04:20.064563,6.1,100.0,4.3,4.3,20,0.0,53.6,0.0,0,0.0
W0976,2024-06-02 17:04:20.064563,20.5,86.8,0.0,0.0,17,1.7,76.3,0.0,0,0.0
W0977,2024-08-25 17:04:20.064563,0.8,100.0,0.0,0.2,15,0.9,14.3,0.0,0,0.0
W0978,2024-03-20 17:04:20.064563,9.2,100.0,4.9,4.9,48,0.9,63.3,0.0,0,0.0
W0979,2025-05-10 17:04:20.064563,32.6,64.9,0.0,0.0,44,0.0,6.3,0.0,0,0.0
W0980,2025-06-22 17:04:20.064563,32.9,37.3,0.0,0.0,15,0.0,3.7,0.0,1,23.64
W0981,2026-02-21 17:04:20.064563,29.3,69.1,3.3,3.3,35,0.0,63.4,0.0,0,0.0
W0982,2025-11-16 17:04:20.064563,15.3,82.9,3.0,3.0,15,1.0,57.3,0.0,1,39.8
W0983,2025-07-12 17:04:20.064563,24.5,78.6,7.7,7.7,15,0.5,32.9,0.0,0,0.0
W0984,2025-01-10 17:04:20.064563,25.0,82.0,1.1,1.1,36,0.0,51.3,0.0,0,0.0
W0985,2024-04-20 17:04:20.064563,13.4,91.8,0.8,0.8,49,0.0,68.4,0.0,0,0.0
W0986,2024-11-10 17:04:20.064563,40.0,66.6,0.0,0.0,26,0.0,64.5,10.0,0,0.0
W0987,2025-01-07 17:04:20.064563,33.8,57.6,0.0,0.0,18,0.5,7.4,0.0,0,0.0
W0988,2026-03-11 17:04:20.064563,22.8,82.1,0.0,0.0,21,0.0,67.8,0.0,0,0.0
W0989,2025-01-01 17:04:20.064563,25.3,80.1,1.5,1.5,39,0.0,66.0,0.0,0,0.0
W0990,2026-03-07 17:04:20.064563,27.1,68.4,2.0,2.0,32,0.0,67.0,0.0,0,0.0
W0991,2025-06-25 17:04:20.064563,4.6,100.0,0.0,0.0,20,0.9,84.7,0.0,0,0.0
W0992,2024-05-29 17:04:20.064563,22.5,70.3,0.0,0.0,15,0.1,57.7,0.0,0,0.0
W0993,2026-02-19 17:04:20.064563,18.2,78.5,4.5,4.5,15,1.7,93.8,0.0,1,46.82
W0994,2024-11-12 17:04:20.064563,15.0,74.4,0.6,0.6,23,0.0,98.0,0.0,0,0.0
W0995,2024-12-13 17:04:20.064563,22.2,79.1,0.0,0.0,15,0.7,75.2,0.0,0,0.0
W0996,2025-12-18 17:04:20.064563,43.0,48.8,0.2,0.2,15,0.5,35.9,16.0,1,115.14
W0997,2025-11-11 17:04:20.064563,31.4,74.7,2.8,2.8,15,0.8,14.3,0.32899999999999985,0,0.0
W0998,2026-01-24 17:04:20.064563,19.3,89.0,0.0,0.0,61,0.8,82.0,0.0,0,0.0
W0999,2024-10-06 17:04:20.064563,30.7,61.1,10.4,10.4,15,0.0,14.7,2.6,0,0.0
W1000,2025-05-27 17:04:20.064563,39.0,39.7,5.0,5.0,24,0.0,14.6,8.0,0,0.0
W1001,2024-07-13 17:04:20.064563,34.2,63.0,0.0,0.0,30,0.2,91.9,0.0,0,0.0
W1002,2025-09-26 17:04:20.064563,25.6,82.7,0.0,0.0,15,0.0,56.0,0.0,0,0.0
W1003,2024-11-03 17:04:20.064563,18.5,89.8,0.0,0.0,15,1.0,29.3,0.0,0,0.0
W1004,2026-01-10 17:04:20.064563,32.0,72.9,0.0,0.0,15,0.0,96.3,0.2900000000000006,0,0.0
W1005,2024-08-17 17:04:20.064563,28.9,64.5,5.3,5.3,43,0.0,70.7,0.0,0,0.0
W1006,2024-12-15 17:04:20.064563,34.0,54.4,1.1,1.1,15,0.0,53.5,0.0,0,0.0
W1007,2024-08-10 17:04:20.064563,31.4,55.6,0.0,0.0,15,1.5,32.9,0.0,0,0.0
W1008,2024-05-30 17:04:20.064563,35.5,56.2,0.0,0.0,15,0.6,67.7,1.0,0,0.0
W1009,2024-05-18 17:04:20.064563,19.6,79.7,0.7,0.7,15,0.0,73.1,0.0,0,0.0
W1010,2024-09-03 17:04:20.064563,38.2,54.8,0.7,0.7,20,0.6,71.2,6.400000000000006,1,117.64
W1011,2025-01-26 17:04:20.064563,27.0,68.2,1.3,1.3,16,1.2,19.5,0.0,0,0.0
W1012,2025-11-17 17:04:20.064563,45.0,41.2,0.0,0.0,23,0.0,69.7,20.0,1,179.23
W1013,2025-10-21 17:04:20.064563,18.1,75.1,1.4,1.4,27,1.0,58.1,0.0,0,0.0
W1014,2025-01-07 17:04:20.064563,42.4,55.9,0.0,0.0,25,2.2,85.0,14.799999999999997,0,0.0
W1015,2025-06-10 17:04:20.064563,27.0,70.3,1.8,1.8,24,2.6,62.5,0.0,0,0.0
W1016,2024-07-23 17:04:20.064563,18.5,80.5,0.0,0.0,42,2.4,14.6,0.0,0,0.0
W1017,2025-07-10 17:04:20.064563,20.2,72.3,0.0,0.0,15,1.8,31.9,0.0,0,0.0
W1018,2026-02-21 17:04:20.064563,21.8,64.0,0.0,0.0,34,2.1,74.4,0.0,0,0.0
W1019,2025-01-23 17:04:20.064563,29.2,79.2,0.0,0.0,15,2.0,74.0,0.0,0,0.0
W1020,2026-03-04 17:04:20.064563,30.2,70.2,0.0,0.0,15,0.8,22.3,0.0020000000000000213,0,0.0
W1021,2025-05-04 17:04:20.064563,19.3,64.9,6.0,6.0,15,1.0,35.5,0.0,0,0.0
W1022,2024-12-21 17:04:20.064563,24.8,80.5,3.4,3.4,22,3.1,1.5,0.0,0,0.0
W1023,2025-08-12 17:04:20.064563,45.0,51.7,0.0,0.0,32,1.5,33.2,20.0,1,263.95
W1024,2025-09-21 17:04:20.064563,42.3,47.8,0.0,0.0,15,1.7,2.6,14.599999999999994,1,153.12
W1025,2025-08-05 17:04:20.064563,29.4,81.9,0.0,0.0,54,2.9,87.3,0.0,0,0.0
W1026,2025-06-09 17:04:20.064563,25.4,74.1,0.0,0.0,15,2.1,66.7,0.0,0,0.0
W1027,2024-06-08 17:04:20.064563,26.2,56.5,0.0,0.0,15,1.5,96.9,0.0,0,0.0
W1028,2025-11-20 17:04:20.064563,31.1,66.9,0.0,0.0,15,0.6,89.2,0.0,0,0.0
W1029,2024-04-27 17:04:20.064563,14.8,90.3,2.0,2.0,15,1.9,60.3,0.0,0,0.0
W1030,2025-06-03 17:04:20.064563,22.4,70.3,0.0,0.0,15,2.3,50.3,0.0,0,0.0
W1031,2025-02-11 17:04:20.064563,8.3,100.0,0.0,0.0,29,1.1,88.4,0.0,0,0.0
W1032,2025-11-26 17:04:20.064563,29.0,49.8,0.0,0.0,35,2.0,29.8,0.0,0,0.0
W1033,2024-11-29 17:04:20.064563,31.5,72.7,0.0,0.0,15,5.2,22.4,0.2025000000000002,0,0.0
W1034,2024-04-13 17:04:20.064563,20.2,71.0,0.0,0.0,15,4.6,41.0,0.0,0,0.0
W1035,2024-06-19 17:04:20.064563,40.7,39.0,0.0,0.0,20,3.9,5.3,11.400000000000006,1,126.81
W1036,2024-11-07 17:04:20.064563,12.7,89.7,0.0,0.0,26,2.3,30.2,0.0,0,0.0
W1037,2026-02-06 17:04:20.064563,10.4,98.8,1.0,1.0,28,2.4,8.4,0.0,0,0.0
W1038,2025-10-28 17:04:20.064563,27.2,70.8,0.0,0.0,15,3.9,5.3,0.0,0,0.0
W1039,2025-11-09 17:04:20.064563,35.5,49.4,2.7,2.7,16,1.1,55.1,1.0,0,0.0
W1040,2024-04-08 17:04:20.064563,41.8,42.2,0.0,0.0,56,2.6,70.8,13.599999999999994,1,99.06
W1041,2026-02-04 17:04:20.064563,20.4,68.1,2.1,2.1,15,1.5,53.7,0.0,0,0.0
W1042,2024-12-18 17:04:20.064563,35.8,54.1,0.7,0.7,24,4.6,7.1,1.5999999999999943,0,0.0
W1043,2025-10-29 17:04:20.064563,24.6,83.8,0.0,0.0,36,4.2,39.5,0.0,1,36.2
W1044,2024-04-28 17:04:20.064563,23.3,75.0,0.0,0.0,15,4.6,11.1,0.0,0,0.0
W1045,2024-09-13 17:04:20.064563,33.8,67.8,0.0,0.0,39,5.7,65.0,0.0,0,0.0
W1046,2025-07-12 17:04:20.064563,31.5,77.3,19.6,19.6,15,2.9,82.6,5.4475,0,0.0
W1047,2025-08-31 17:04:20.064563,9.2,90.3,5.4,5.4,29,6.8,11.7,0.0,0,0.0
W1048,2026-01-14 17:04:20.064563,39.8,48.5,0.0,0.0,29,5.6,6.7,9.599999999999994,1,80.78
W1049,2025-06-13 17:04:20.064563,38.8,73.5,0.0,0.0,15,6.5,40.6,9.139999999999993,1,91.44
W1050,2024-12-27 17:04:20.064563,18.7,96.3,0.0,0.0,42,3.1,30.3,0.0,0,0.0
W1051,2024-09-19 17:04:20.064563,29.0,49.8,0.0,0.0,15,4.0,26.1,0.0,0,0.0
W1052,2025-11-07 17:04:20.064563,29.9,69.0,0.0,0.0,26,5.0,21.1,0.0,0,0.0
W1053,2025-06-07 17:04:20.064563,27.6,68.6,0.0,0.0,42,6.7,31.7,0.0,0,0.0
W1054,2025-12-28 17:04:20.064563,19.5,89.0,0.1,0.1,15,2.9,96.5,0.0,0,0.0
W1055,2025-08-03 17:04:20.064563,18.3,75.1,0.0,0.0,20,2.8,85.8,0.0,0,0.0
W1056,2024-06-19 17:04:20.064563,24.7,64.5,0.0,0.0,53,5.0,60.1,0.0,0,0.0
W1057,2025-07-12 17:04:20.064563,36.7,48.1,5.1,5.1,15,4.7,80.0,3.4000000000000057,0,0.0
W1058,2025-03-09 17:04:20.064563,30.4,58.6,2.7,2.7,55,5.6,1.5,0.0,0,0.0
W1059,2025-05-10 17:04:20.064563,21.3,86.2,10.4,10.4,15,5.5,11.1,2.6,0,0.0
W1060,2025-02-22 17:04:20.064563,32.7,49.1,0.0,0.0,19,7.3,29.2,0.0,0,0.0
W1061,2025-02-09 17:04:20.064563,-3.5,100.0,0.0,1.2,39,5.8,64.4,10.5,0,0.0
W1062,2026-02-02 17:04:20.064563,36.5,37.4,0.0,0.0,45,5.3,88.3,3.0,0,0.0
W1063,2024-07-03 17:04:20.064563,7.6,100.0,0.0,0.0,40,7.0,23.1,0.0,0,0.0
W1064,2024-08-29 17:04:20.064563,21.4,90.6,0.0,0.0,35,5.6,13.9,0.0,0,0.0
W1065,2025-02-18 17:04:20.064563,13.8,86.0,0.0,0.0,26,4.0,84.8,0.0,0,0.0
W1066,2025-05-13 17:04:20.064563,12.1,88.9,0.0,0.0,66,4.5,40.9,0.0,0,0.0
W1067,2026-02-26 17:04:20.064563,36.6,59.6,0.1,0.1,51,5.6,70.0,3.200000000000003,0,0.0
W1068,2025-08-07 17:04:20.064563,20.3,94.3,2.7,2.7,54,4.6,54.8,0.0,0,0.0
W1069,2025-01-07 17:04:20.064563,28.5,71.4,0.0,0.0,28,4.9,17.6,0.0,0,0.0
W1070,2026-01-25 17:04:20.064563,24.5,66.2,0.0,0.0,15,4.8,70.1,0.0,0,0.0
W1071,2025-05-02 17:04:20.064563,29.8,49.2,0.0,0.0,58,6.9,42.1,0.0,0,0.0
W1072,2025-10-02 17:04:20.064563,25.8,60.2,0.0,0.0,45,4.9,28.8,0.0,0,0.0
W1073,2024-04-24 17:04:20.064563,12.2,92.5,3.4,3.4,35,4.0,90.3,0.0,0,0.0
W1074,2025-06-26 17:04:20.064563,35.0,51.0,1.5,1.5,25,6.9,0.6,0.0,0,0.0
W1075,2024-06-16 17:04:20.064563,20.1,81.9,0.0,0.0,32,7.0,40.5,0.0,0,0.0
W1076,2025-02-03 17:04:20.064563,9.4,90.3,5.1,5.1,18,4.4,30.1,0.0,0,0.0
W1077,2024-12-01 17:04:20.064563,20.7,68.3,7.6,7.6,26,8.5,5.4,1.0,0,0.0
W1078,2025-02-12 17:04:20.064563,40.0,38.2,0.0,0.0,18,6.6,8.0,10.0,0,0.0
W1079,2024-07-14 17:04:20.064563,33.5,75.4,6.2,6.2,44,6.9,17.2,0.945000000000001,0,0.0
W1080,2025-05-05 17:04:20.064563,21.5,86.6,0.0,0.0,83,6.6,50.5,0.0,0,0.0
W1081,2025-08-26 17:04:20.064563,21.5,95.0,0.0,0.0,30,8.1,28.3,0.1999999999999993,0,0.0
W1082,2024-03-19 17:04:20.064563,21.8,82.7,1.2,1.2,15,4.6,83.8,0.0,0,0.0
W1083,2026-01-20 17:04:20.064563,45.0,38.2,0.0,0.0,41,6.2,24.0,20.0,1,350.67
W1084,2025-09-24 17:04:20.064563,28.8,80.0,3.5,3.5,43,4.5,72.0,0.0,0,0.0
W1085,2025-07-04 17:04:20.064563,29.3,65.7,0.0,0.0,53,8.2,21.0,0.3999999999999986,0,0.0
W1086,2025-05-15 17:04:20.064563,35.3,59.3,0.0,0.0,77,6.9,4.3,0.5999999999999943,0,0.0
W1087,2024-05-12 17:04:20.064563,27.4,68.5,0.6,0.6,60,7.2,26.5,0.0,0,0.0
W1088,2024-09-26 17:04:20.064563,22.4,46.9,0.0,0.0,15,4.6,83.8,0.0,0,0.0
W1089,2025-08-30 17:04:20.064563,23.0,91.5,0.5,0.5,21,8.4,8.2,0.8000000000000007,0,0.0
W1090,2025-03-23 17:04:20.064563,24.3,78.5,1.4,1.4,52,6.6,34.4,0.0,0,0.0
W1091,2025-12-15 17:04:20.064563,24.6,76.4,1.5,1.5,35,7.5,0.8,0.0,0,0.0
W1092,2025-08-10 17:04:20.064563,32.3,61.0,1.4,1.4,75,5.0,63.0,0.0,0,0.0
W1093,2025-12-18 17:04:20.064563,25.5,73.4,0.0,0.0,30,3.7,94.3,0.0,0,0.0
W1094,2025-06-13 17:04:20.064563,32.3,55.5,0.0,0.0,68,5.1,38.4,0.0,0,0.0
W1095,2024-05-09 17:04:20.064563,24.2,79.9,0.0,0.0,37,6.2,57.7,0.0,0,0.0
W1096,2024-10-12 17:04:20.064563,25.8,58.2,0.0,0.0,55,6.4,45.2,0.0,0,0.0
W1097,2024-12-16 17:04:20.064563,5.0,100.0,0.0,0.0,34,2.6,97.3,0.0,0,0.0
W1098,2025-10-01 17:04:20.064563,34.2,64.4,0.0,0.0,62,4.6,73.6,0.0,0,0.0
W1099,2024-07-30 17:04:20.064563,28.5,65.3,0.0,0.0,73,7.5,4.4,0.0,0,0.0
W1100,2025-01-06 17:04:20.064563,35.0,61.2,0.0,0.0,57,7.0,10.9,0.0,0,0.0
W1101,2025-06-09 17:04:20.064563,-4.0,100.0,6.3,7.7,78,6.0,47.0,12.0,1,112.42
W1102,2026-03-03 17:04:20.064563,45.0,32.8,0.0,0.0,39,5.3,63.2,20.0,1,278.73
W1103,2025-07-27 17:04:20.064563,23.6,77.0,0.0,0.0,56,7.7,29.0,0.0,0,0.0
W1104,2024-07-20 17:04:20.064563,36.1,62.7,0.0,0.0,71,5.2,67.5,2.200000000000003,0,0.0
W1105,2024-04-16 17:04:20.064563,14.6,69.3,0.0,0.0,36,6.2,57.7,0.0,0,0.0
W1106,2025-12-23 17:04:20.064563,31.1,68.5,0.0,0.0,56,4.8,43.5,0.0,0,0.0
W1107,2025-12-01 17:04:20.064563,14.5,82.9,0.0,0.0,69,4.5,58.2,0.0,0,0.0
W1108,2024-11-18 17:04:20.064563,18.8,79.9,3.9,3.9,67,2.9,91.6,0.0,0,0.0
W1109,2026-03-14 17:04:20.064563,44.1,30.4,0.0,0.0,79,6.4,24.3,18.200000000000003,1,72.58
W1110,2024-08-27 17:04:20.064563,23.1,66.8,0.0,0.0,40,4.7,79.1,0.0,0,0.0
W1111,2025-01-30 17:04:20.064563,27.2,78.9,0.3,0.3,63,9.3,1.2,2.6000000000000014,0,0.0
W1112,2025-10-03 17:04:20.064563,33.7,59.8,0.0,0.0,32,6.5,8.5,0.0,0,0.0
W1113,2024-04-01 17:04:20.064563,30.0,61.2,0.0,0.0,44,4.9,95.0,0.0,0,0.0
W1114,2025-10-04 17:04:20.064563,26.5,69.1,0.0,0.0,56,4.1,69.8,0.0,1,40.61
W1115,2025-05-09 17:04:20.064563,28.6,71.9,0.0,0.0,83,5.2,63.3,0.0,0,0.0
W1116,2024-06-21 17:04:20.064563,45.0,46.9,0.0,0.0,71,6.1,33.4,20.0,1,371.02
W1117,2024-11-03 17:04:20.064563,24.4,72.6,0.0,0.0,61,5.8,18.4,0.0,0,0.0
W1118,2024-07-12 17:04:20.064563,27.0,80.4,11.3,11.3,47,5.1,38.0,2.825,1,27.84
W1119,2025-07-03 17:04:20.064563,35.5,66.4,0.0,0.0,72,6.7,59.8,1.0,0,0.0
W1120,2024-07-16 17:04:20.064563,36.1,60.1,0.0,0.0,69,4.4,63.4,2.200000000000003,0,0.0
W1121,2026-01-10 17:04:20.064563,36.9,55.2,0.0,0.0,51,7.6,17.0,3.799999999999997,0,0.0
W1122,2024-08-22 17:04:20.064563,31.4,69.5,0.0,0.0,44,6.2,44.6,0.0,0,0.0
W1123,2025-08-10 17:04:20.064563,13.6,92.8,2.1,2.1,55,4.5,56.7,0.0,0,0.0
W1124,2025-01-10 17:04:20.064563,41.3,58.6,0.0,0.0,48,3.6,96.0,12.599999999999994,1,102.83
W1125,2025-08-21 17:04:20.064563,13.5,98.7,0.0,0.0,77,5.2,54.9,0.0,0,0.0
W1126,2026-03-10 17:04:20.064563,28.0,57.8,0.0,0.0,95,5.4,58.1,0.0,0,0.0
W1127,2024-12-22 17:04:20.064563,17.5,73.0,0.0,0.0,76,3.8,76.5,0.0,1,40.88
W1128,2025-05-17 17:04:20.064563,24.4,66.4,0.0,0.0,29,3.8,41.9,0.0,0,0.0
W1129,2025-07-25 17:04:20.064563,28.3,77.3,0.0,0.0,53,4.7,38.4,0.0,0,0.0
W1130,2025-07-14 17:04:20.064563,28.2,51.9,0.0,0.0,67,5.8,59.1,0.0,0,0.0
W1131,2024-11-22 17:04:20.064563,29.2,70.1,0.9,0.9,36,3.9,78.3,0.0,1,50.56
W1132,2025-06-28 17:04:20.064563,41.1,51.9,0.0,0.0,68,4.0,63.8,12.200000000000003,0,0.0
W1133,2025-10-03 17:04:20.064563,29.5,77.3,5.7,5.7,66,4.3,18.6,0.0,0,0.0
W1134,2024-08-13 17:04:20.064563,22.6,78.0,3.5,3.5,89,6.3,39.8,0.0,0,0.0
W1135,2025-04-14 17:04:20.064563,34.6,44.6,0.0,0.0,105,4.4,51.3,0.0,0,0.0
W1136,2024-09-29 17:04:20.064563,36.9,45.1,1.2,1.2,43,5.6,52.4,3.799999999999997,0,0.0
W1137,2025-11-21 17:04:20.064563,12.7,79.1,0.0,0.0,67,5.7,34.0,0.0,0,0.0
W1138,2025-08-20 17:04:20.064563,31.0,58.2,2.0,2.0,64,5.2,52.2,0.0,0,0.0
W1139,2024-08-04 17:04:20.064563,32.0,60.2,0.0,0.0,56,5.5,67.3,0.0,0,0.0
W1140,2024-05-28 17:04:20.064563,22.0,65.3,24.9,24.9,23,4.5,46.8,12.45,0,0.0
W1141,2024-12-25 17:04:20.064563,38.8,66.6,0.0,0.0,69,4.2,45.1,7.599999999999994,0,0.0
W1142,2025-05-16 17:04:20.064563,23.5,61.5,0.0,0.0,83,4.9,80.2,0.0,1,26.06
W1143,2025-03-01 17:04:20.064563,26.3,84.1,0.0,0.0,99,4.2,75.7,0.0,0,0.0
W1144,2025-08-19 17:04:20.064563,23.3,86.9,0.0,0.0,75,3.5,42.2,0.0,0,0.0
W1145,2024-12-16 17:04:20.064563,25.2,81.2,0.6,0.6,61,3.7,99.6,0.0,0,0.0
W1146,2024-03-20 17:04:20.064563,14.0,82.0,9.7,9.7,33,6.5,6.6,0.0,0,0.0
W1147,2025-01-01 17:04:20.064563,10.6,97.5,0.0,0.0,114,1.9,32.6,0.0,0,0.0
W1148,2025-01-17 17:04:20.064563,40.9,35.8,0.0,0.0,91,3.6,3.7,11.799999999999997,1,85.79
W1149,2025-11-09 17:04:20.064563,16.5,94.3,2.7,2.7,76,2.0,83.9,0.0,0,0.0
W1150,2025-11-01 17:04:20.064563,15.1,86.6,1.4,1.4,68,3.6,75.6,0.0,0,0.0
W1151,2026-01-22 17:04:20.064563,3.5,100.0,0.0,0.0,106,3.8,68.4,0.0,0,0.0
W1152,2025-08-01 17:04:20.064563,18.6,69.8,0.0,0.0,71,4.5,21.4,0.0,0,0.0
W1153,2024-08-17 17:04:20.064563,11.8,67.6,0.0,0.0,40,3.7,70.8,0.0,1,39.39
W1154,2025-06-18 17:04:20.064563,41.4,37.5,8.8,8.8,63,2.4,35.5,12.799999999999997,1,159.46
W1155,2025-09-20 17:04:20.064563,35.1,68.5,0.0,0.0,51,1.1,86.9,0.20000000000000284,0,0.0
W1156,2025-07-26 17:04:20.064563,18.1,78.8,3.7,3.7,73,4.8,20.0,0.0,0,0.0
W1157,2025-03-06 17:04:20.064563,45.0,40.8,0.0,0.0,103,3.5,21.8,20.0,1,503.76
W1158,2025-02-21 17:04:20.064563,34.8,64.3,0.0,0.0,43,3.2,96.1,0.0,0,0.0
W1159,2025-10-04 17:04:20.064563,21.8,95.4,0.0,0.0,58,2.0,51.7,0.0,0,0.0
W1160,2025-09-25 17:04:20.064563,0.0,100.0,3.5,3.9,87,1.7,44.6,0.0,0,0.0
W1161,2025-04-08 17:04:20.064563,45.0,32.8,7.3,7.3,52,1.5,35.2,20.0,1,387.26
W1162,2025-06-27 17:04:20.064563,11.1,73.9,0.0,0.0,85,2.7,83.1,0.0,0,0.0
W1163,2025-02-10 17:04:20.064563,8.5,100.0,0.0,0.0,85,3.7,35.3,0.0,0,0.0
W1164,2024-09-27 17:04:20.064563,35.2,79.9,0.6,0.6,94,3.0,35.6,2.9740000000000086,0,0.0
W1165,2026-03-02 17:04:20.064563,45.0,44.4,0.0,0.0,65,2.2,12.3,20.0,1,164.34
W1166,2024-11-17 17:04:20.064563,38.8,39.0,0.0,0.0,27,2.7,52.1,7.599999999999994,1,56.61
W1167,2025-10-24 17:04:20.064563,30.6,73.7,0.0,0.0,86,2.0,92.4,0.11100000000000035,0,0.0
W1168,2025-04-14 17:04:20.064563,30.9,62.5,0.0,0.0,47,0.0,95.8,0.0,1,24.97
W1169,2024-11-12 17:04:20.064563,33.5,58.6,0.0,0.0,97,0.8,99.6,0.0,0,0.0
W1170,2025-05-12 17:04:20.064563,32.6,70.1,0.0,0.0,77,2.0,47.3,0.012999999999999267,0,0.0
W1171,2024-05-01 17:04:20.064563,27.8,71.6,0.0,0.0,73,2.4,77.5,0.0,0,0.0
W1172,2025-02-06 17:04:20.064563,26.0,59.1,0.0,0.0,92,1.3,55.3,0.0,0,0.0
W1173,2025-07-15 17:04:20.064563,24.4,70.2,0.0,0.0,44,1.5,54.8,0.0,0,0.0
W1174,2026-03-10 17:04:20.064563,17.5,90.4,0.0,0.0,75,0.9,80.6,0.0,0,0.0
W1175,2025-04-12 17:04:20.064563,22.2,81.8,4.4,4.4,79,1.2,83.5,0.0,0,0.0
W1176,2025-04-17 17:04:20.064563,8.1,100.0,0.0,0.0,84,0.0,2.0,0.0,0,0.0
W1177,2026-01-26 17:04:20.064563,24.0,83.3,0.0,0.0,69,0.1,94.3,0.0,0,0.0
W1178,2026-01-14 17:04:20.064563,15.1,83.7,3.8,3.8,62,0.0,82.3,0.0,0,0.0
W1179,2024-08-20 17:04:20.064563,14.0,90.8,1.9,1.9,106,0.2,72.1,0.0,0,0.0
W1180,2025-08-07 17:04:20.064563,26.8,36.0,0.0,0.0,98,1.0,85.2,0.0,0,0.0
W1181,2024-04-24 17:04:20.064563,38.9,47.1,0.0,0.0,66,0.0,53.7,7.799999999999997,0,0.0
W1182,2024-07-25 17:04:20.064563,34.2,66.4,0.0,0.0,106,0.1,77.3,0.0,0,0.0
W1183,2025-08-14 17:04:20.064563,9.3,92.2,0.0,0.0,95,0.7,59.9,0.0,0,0.0
W1184,2025-11-12 17:04:20.064563,15.1,82.7,0.7,0.7,88,2.9,54.3,0.0,0,0.0
W1185,2025-02-20 17:04:20.064563,34.4,48.0,0.0,0.0,90,0.1,21.2,0.0,0,0.0
W1186,2024-06-28 17:04:20.064563,15.2,97.3,1.5,1.5,54,0.7,84.7,0.0,0,0.0
W1187,2025-06-11 17:04:20.064563,22.8,81.4,0.0,0.0,110,0.0,88.4,0.0,0,0.0
W1188,2024-06-28 17:04:20.064563,30.5,72.5,0.0,0.0,99,0.4,97.1,0.0625,0,0.0
W1189,2025-09-07 17:04:20.064563,15.3,69.8,0.0,0.0,84,0.0,12.0,0.0,0,0.0
W1190,2025-06-28 17:04:20.064563,26.1,69.3,0.0,0.0,84,0.0,29.2,0.0,0,0.0
W1191,2024-04-02 17:04:20.064563,11.7,89.7,0.0,0.0,78,0.0,68.5,0.0,0,0.0
W1192,2024-08-12 17:04:20.064563,19.0,78.7,0.0,0.0,68,1.2,85.5,0.0,0,0.0
W1193,2025-05-11 17:04:20.064563,28.2,61.5,0.0,0.0,90,0.3,75.1,0.0,0,0.0
W1194,2026-01-17 17:04:20.064563,9.1,92.9,0.0,0.0,63,0.0,45.6,0.0,0,0.0
W1195,2024-08-23 17:04:20.064563,29.4,74.4,0.0,0.0,82,0.0,72.6,0.0,0,0.0
W1196,2024-06-02 17:04:20.064563,24.8,53.7,3.1,3.1,75,0.0,7.2,0.0,0,0.0
W1197,2025-07-11 17:04:20.064563,30.5,82.0,0.0,0.0,87,0.9,66.3,0.3,0,0.0
W1198,2024-12-14 17:04:20.064563,27.2,74.0,0.0,0.0,98,0.0,0.8,0.0,0,0.0
W1199,2025-02-27 17:04:20.064563,38.6,51.6,13.4,13.4,60,0.9,4.8,10.550000000000002,0,0.0
W1200,2025-12-16 17:04:20.064563,26.3,79.7,0.0,0.0,93,1.0,75.7,0.0,0,0.0
W1201,2026-02-25 17:04:20.064563,20.7,64.4,3.1,3.1,34,0.1,47.8,0.0,0,0.0
W1202,2025-04-29 17:04:20.064563,26.2,64.0,0.0,0.0,88,0.5,6.0,0.0,0,0.0
W1203,2026-01-12 17:04:20.064563,30.4,63.1,0.0,0.0,80,0.0,48.2,0.0,0,0.0
W1204,2024-06-08 17:04:20.064563,25.5,85.4,0.0,0.0,86,0.8,6.3,0.0,0,0.0
W1205,2025-02-17 17:04:20.064563,25.4,71.4,0.0,0.0,67,0.0,34.6,0.0,0,0.0
W1206,2026-02-06 17:04:20.064563,18.0,87.5,0.0,0.0,101,0.0,15.7,0.0,0,0.0
W1207,2025-09-15 17:04:20.064563,18.4,76.5,3.4,3.4,76,0.0,21.9,0.0,0,0.0
W1208,2025-04-11 17:04:20.064563,11.0,98.4,15.1,15.1,32,1.0,19.6,3.775,0,0.0
W1209,2025-02-05 17:04:20.064563,42.5,63.0,3.2,3.2,59,1.7,37.2,15.0,0,0.0
W1210,2025-12-19 17:04:20.064563,12.6,100.0,0.0,0.0,95,0.0,10.8,0.0,0,0.0
W1211,2025-07-30 17:04:20.064563,18.1,82.1,0.3,0.3,75,0.0,52.8,0.0,0,0.0
W1212,2025-09-23 17:04:20.064563,17.8,90.0,0.0,0.0,77,0.0,40.7,0.0,0,0.0
W1213,2024-04-23 17:04:20.064563,33.9,64.9,0.0,0.0,72,0.0,84.0,0.0,0,0.0
W1214,2025-12-10 17:04:20.064563,22.1,82.0,0.0,0.0,96,1.1,82.6,0.0,1,34.8
W1215,2024-05-27 17:04:20.064563,37.5,64.9,1.0,1.0,84,0.0,82.4,5.0,0,0.0
W1216,2024-11-13 17:04:20.064563,18.3,93.6,0.0,0.0,52,0.0,47.0,0.0,0,0.0
W1217,2025-12-24 17:04:20.064563,27.8,67.0,1.8,1.8,52,0.7,29.1,0.0,0,0.0
W1218,2026-02-16 17:04:20.064563,16.6,91.4,0.0,0.0,75,0.1,41.5,0.0,0,0.0
W1219,2025-01-06 17:04:20.064563,45.0,38.7,0.0,0.0,62,0.0,68.7,20.0,1,200.54
W1220,2024-11-05 17:04:20.064563,13.1,81.1,16.8,16.8,15,0.9,53.0,4.2,0,0.0
W1221,2024-06-18 17:04:20.064563,28.1,65.2,1.8,1.8,56,0.0,62.4,0.0,0,0.0
W1222,2025-06-05 17:04:20.064563,31.3,62.2,0.0,0.0,68,0.0,69.4,0.0,0,0.0
W1223,2024-06-26 17:04:20.064563,29.1,49.7,0.0,0.0,66,0.0,91.8,0.0,0,0.0
W1224,2025-12-26 17:04:20.064563,23.1,83.9,0.0,0.0,88,0.3,94.4,0.0,0,0.0
W1225,2026-03-08 17:04:20.064563,23.7,46.8,0.0,0.0,28,0.2,84.0,0.0,0,0.0
W1226,2024-06-28 17:04:20.064563,25.4,99.0,0.0,0.0,57,0.0,6.5,0.0,0,0.0
W1227,2025-06-15 17:04:20.064563,23.5,89.7,0.0,0.0,88,0.0,97.9,0.0,0,0.0
W1228,2024-09-04 17:04:20.064563,34.6,55.4,0.0,0.0,59,0.0,70.4,0.0,0,0.0
W1229,2026-02-26 17:04:20.064563,45.0,42.6,0.0,0.0,48,0.1,69.3,20.0,1,426.19
W1230,2025-01-18 17:04:20.064563,19.4,83.9,0.0,0.0,58,0.0,2.3,0.0,0,0.0
W1231,2024-04-16 17:04:20.064563,11.3,87.2,5.4,5.4,69,0.0,47.9,0.0,0,0.0
W1232,2024-05-04 17:04:20.064563,24.1,75.8,0.0,0.0,66,0.0,62.6,0.0,0,0.0
W1233,2025-02-13 17:04:20.064563,45.0,41.1,0.4,0.4,55,0.0,27.9,20.0,1,129.49
W1234,2024-05-14 17:04:20.064563,17.0,83.6,4.3,4.3,71,0.0,8.3,0.0,0,0.0
W1235,2025-01-12 17:04:20.064563,41.4,49.7,0.0,0.0,77,0.0,53.2,12.799999999999997,1,137.16
W1236,2025-03-20 17:04:20.064563,41.8,34.2,0.0,0.0,44,0.1,44.6,13.599999999999994,1,196.55
W1237,2025-04-05 17:04:20.064563,19.5,81.2,0.5,0.5,70,0.0,4.4,0.0,0,0.0
W1238,2025-06-02 17:04:20.064563,30.7,65.6,0.0,0.0,42,0.4,51.9,0.0,0,0.0
W1239,2024-08-14 17:04:20.064563,41.3,49.4,0.0,0.0,91,0.4,10.8,12.599999999999994,1,92.55
W1240,2024-11-23 17:04:20.064563,21.2,76.0,5.4,5.4,81,0.3,42.5,0.0,0,0.0
W1241,2025-09-12 17:04:20.064563,23.0,86.9,0.0,0.0,61,0.1,27.0,0.0,0,0.0
W1242,2025-05-13 17:04:20.064563,19.2,77.7,0.0,0.0,88,0.0,97.0,0.0,0,0.0
W1243,2025-10-18 17:04:20.064563,14.9,90.0,11.0,11.0,29,0.0,3.5,2.75,0,0.0
W1244,2026-02-14 17:04:20.064563,18.5,95.2,0.0,0.0,63,0.0,56.0,0.0,0,0.0
W1245,2024-09-18 17:04:20.064563,12.8,90.1,0.0,0.0,54,1.1,15.2,0.0,0,0.0
W1246,2024-09-08 17:04:20.064563,25.3,74.1,0.0,0.0,64,2.3,31.9,0.0,0,0.0
W1247,2024-09-13 17:04:20.064563,17.3,83.1,10.7,10.7,44,0.6,18.4,2.675,0,0.0
W1248,2024-06-06 17:04:20.064563,27.3,81.4,0.0,0.0,64,0.4,99.5,0.0,0,0.0
W1249,2025-12-02 17:04:20.064563,9.4,93.3,7.8,7.8,46,1.1,3.2,0.0,1,49.39
W1250,2025-04-13 17:04:20.064563,28.3,80.4,0.0,0.0,66,1.5,54.1,0.0,0,0.0
W1251,2025-12-12 17:04:20.064563,33.3,59.0,0.5,0.5,87,0.0,60.8,0.0,1,31.52
W1252,2026-02-15 17:04:20.064563,5.1,93.8,0.0,0.0,22,2.9,77.2,0.0,0,0.0
W1253,2024-11-19 17:04:20.064563,28.7,73.7,0.0,0.0,100,1.6,62.6,0.0,0,0.0
W1254,2025-08-09 17:04:20.064563,37.3,51.0,7.6,7.6,39,0.0,23.1,4.599999999999994,0,0.0
W1255,2025-11-05 17:04:20.064563,12.9,96.8,6.0,6.0,47,0.0,59.8,0.0,0,0.0
W1256,2024-08-11 17:04:20.064563,41.7,20.1,0.0,0.0,87,2.8,97.5,13.400000000000006,0,0.0
W1257,2024-11-10 17:04:20.064563,29.2,66.3,4.9,4.9,62,1.0,84.8,0.0,0,0.0
W1258,2025-07-03 17:04:20.064563,17.9,78.5,0.0,0.0,70,0.0,45.3,0.0,0,0.0
W1259,2025-12-31 17:04:20.064563,24.4,62.7,0.0,0.0,84,0.1,47.7,0.0,0,0.0
W1260,2024-12-03 17:04:20.064563,30.6,58.6,0.0,0.0,55,0.8,13.3,0.0,0,0.0
W1261,2025-07-01 17:04:20.064563,25.8,65.6,0.0,0.0,76,0.9,57.0,0.0,0,0.0
W1262,2024-12-04 17:04:20.064563,30.4,63.9,0.0,0.0,32,1.4,28.0,0.0,0,0.0
W1263,2026-01-29 17:04:20.064563,15.8,72.6,2.7,2.7,60,0.2,10.8,0.0,0,0.0
W1264,2024-03-27 17:04:20.064563,26.7,73.1,9.7,9.7,48,0.3,47.4,0.0,0,0.0
W1265,2025-07-07 17:04:20.064563,10.9,100.0,0.0,0.0,79,0.0,4.5,0.0,0,0.0
W1266,2025-01-06 17:04:20.064563,23.9,77.0,0.0,0.0,70,0.0,12.0,0.0,0,0.0
W1267,2026-02-09 17:04:20.064563,16.0,94.1,0.0,0.0,59,0.0,21.9,0.0,0,0.0
W1268,2025-09-28 17:04:20.064563,17.6,94.5,0.0,0.0,48,0.0,99.1,0.0,0,0.0
W1269,2024-08-26 17:04:20.064563,37.4,66.3,0.0,0.0,47,0.3,80.8,4.799999999999997,1,48.38
W1270,2024-06-01 17:04:20.064563,35.9,74.8,1.1,1.1,45,0.0,54.2,3.2159999999999958,0,0.0
W1271,2025-06-13 17:04:20.064563,31.1,58.4,0.2,0.2,26,2.0,23.3,0.0,0,0.0
W1272,2025-03-06 17:04:20.064563,14.1,81.7,0.0,0.0,87,0.0,51.9,0.0,0,0.0
W1273,2025-11-09 17:04:20.064563,21.8,85.1,0.0,0.0,72,0.0,64.9,0.0,0,0.0
W1274,2025-01-18 17:04:20.064563,37.1,61.4,3.5,3.5,49,0.0,0.5,4.200000000000003,0,0.0
W1275,2026-01-01 17:04:20.064563,26.4,78.1,0.0,0.0,67,0.0,98.8,0.0,0,0.0
W1276,2025-05-26 17:04:20.064563,45.0,61.4,0.0,0.0,65,0.4,62.7,20.0,1,444.2
W1277,2026-02-22 17:04:20.064563,28.9,66.7,0.0,0.0,30,0.0,98.8,0.0,0,0.0
W1278,2024-11-29 17:04:20.064563,26.9,73.9,6.9,6.9,48,0.0,46.9,0.0,0,0.0
W1279,2025-06-28 17:04:20.064563,21.9,67.3,0.0,0.0,74,0.1,62.4,0.0,1,44.29
W1280,2025-01-21 17:04:20.064563,26.3,91.9,0.0,0.0,35,0.1,46.1,0.0,0,0.0
W1281,2024-10-07 17:04:20.064563,23.5,71.4,3.8,3.8,15,1.9,0.9,0.0,0,0.0
W1282,2025-04-15 17:04:20.064563,32.1,58.8,0.0,0.0,24,0.2,85.0,0.0,0,0.0
W1283,2025-07-25 17:04:20.064563,34.6,54.7,0.0,0.0,45,0.2,44.9,0.0,0,0.0
W1284,2024-07-05 17:04:20.064563,17.1,77.8,0.0,0.0,22,0.0,47.1,0.0,0,0.0
W1285,2024-11-15 17:04:20.064563,11.7,85.2,0.2,0.2,42,0.0,36.0,0.0,0,0.0
W1286,2025-04-12 17:04:20.064563,6.6,94.8,0.0,0.0,32,0.1,43.3,0.0,0,0.0
W1287,2025-10-24 17:04:20.064563,30.1,51.2,6.1,6.1,32,0.0,72.6,0.0,0,0.0
W1288,2025-03-20 17:04:20.064563,14.0,81.2,0.0,0.0,34,0.0,70.1,0.0,0,0.0
W1289,2025-10-27 17:04:20.064563,3.5,100.0,0.0,0.0,43,0.0,80.8,0.0,0,0.0
W1290,2025-01-14 17:04:20.064563,28.9,74.0,0.0,0.0,55,0.6,97.5,0.0,0,0.0
W1291,2026-03-04 17:04:20.064563,45.0,51.8,0.0,0.0,23,0.0,39.1,20.0,1,411.1
W1292,2025-01-14 17:04:20.064563,24.9,84.4,0.0,0.0,48,0.7,33.9,0.0,1,37.58
W1293,2024-04-09 17:04:20.064563,33.4,78.3,0.0,0.0,25,0.4,49.4,1.410999999999999,0,0.0
W1294,2026-01-21 17:04:20.064563,25.8,53.6,0.0,0.0,41,1.4,15.4,0.0,0,0.0
W1295,2025-04-27 17:04:20.064563,24.0,61.7,0.3,0.3,38,0.0,75.8,0.0,0,0.0
W1296,2024-12-24 17:04:20.064563,34.2,50.7,0.9,0.9,45,1.3,58.1,0.0,0,0.0
W1297,2024-03-26 17:04:20.064563,22.1,72.2,4.4,4.4,35,0.2,21.1,0.0,0,0.0
W1298,2025-10-18 17:04:20.064563,27.7,65.5,0.0,0.0,64,0.0,86.4,0.0,0,0.0
W1299,2026-02-18 17:04:20.064563,28.2,63.2,0.0,0.0,38,0.0,61.9,0.0,0,0.0
W1300,2024-05-07 17:04:20.064563,18.3,84.7,0.0,0.0,26,0.4,3.4,0.0,0,0.0
W1301,2025-11-28 17:04:20.064563,34.9,58.0,1.6,1.6,53,0.0,19.7,0.0,0,0.0
W1302,2025-08-08 17:04:20.064563,23.3,67.9,0.0,0.0,44,0.0,89.1,0.0,0,0.0
W1303,2025-01-05 17:04:20.064563,17.4,62.1,8.0,8.0,38,0.8,38.1,0.0,0,0.0
W1304,2024-11-08 17:04:20.064563,30.4,54.5,0.0,0.0,34,0.0,98.4,0.0,0,0.0
W1305,2025-11-29 17:04:20.064563,16.0,80.5,5.1,5.1,15,0.3,53.0,0.0,0,0.0
W1306,2025-03-13 17:04:20.064563,25.3,69.6,1.7,1.7,77,1.5,20.8,0.0,0,0.0
W1307,2024-10-28 17:04:20.064563,24.9,61.3,0.0,0.0,23,0.6,59.4,0.0,0,0.0
W1308,2025-12-29 17:04:20.064563,35.9,51.3,0.0,0.0,15,0.0,10.2,1.7999999999999972,0,0.0
W1309,2024-09-28 17:04:20.064563,29.7,54.1,0.0,0.0,48,0.0,80.8,0.0,0,0.0
W1310,2025-12-13 17:04:20.064563,24.7,71.6,0.0,0.0,15,0.1,62.8,0.0,0,0.0
W1311,2024-11-29 17:04:20.064563,33.2,49.5,0.0,0.0,25,2.1,96.4,0.0,0,0.0
W1312,2026-02-10 17:04:20.064563,38.9,43.2,0.0,0.0,35,0.0,69.0,7.799999999999997,0,0.0
W1313,2026-01-22 17:04:20.064563,30.6,51.0,0.0,0.0,29,0.2,4.9,0.0,0,0.0
W1314,2026-02-13 17:04:20.064563,25.1,70.8,0.0,0.0,25,1.4,47.6,0.0,0,0.0
W1315,2024-08-05 17:04:20.064563,11.9,83.5,0.0,0.0,63,0.6,53.1,0.0,0,0.0
W1316,2025-12-21 17:04:20.064563,14.3,97.5,0.0,0.0,29,0.0,91.7,0.0,0,0.0
W1317,2024-06-25 17:04:20.064563,21.9,81.1,2.1,2.1,15,0.0,43.2,0.0,0,0.0
W1318,2025-12-20 17:04:20.064563,18.9,80.9,0.0,0.0,50,1.5,59.4,0.0,0,0.0
W1319,2026-01-08 17:04:20.064563,23.1,67.3,5.4,5.4,15,0.0,18.6,0.0,0,0.0
W1320,2024-04-27 17:04:20.064563,25.6,75.5,1.6,1.6,24,0.0,24.5,0.0,0,0.0
W1321,2025-01-28 17:04:20.064563,30.3,71.5,0.7,0.7,15,0.3,54.9,0.022500000000000055,0,0.0
W1322,2025-06-12 17:04:20.064563,24.3,75.0,0.2,0.2,33,1.4,69.7,0.0,0,0.0
W1323,2024-04-21 17:04:20.064563,29.9,81.2,9.1,9.1,15,0.4,43.5,0.0,0,0.0
W1324,2025-11-01 17:04:20.064563,25.6,76.1,0.4,0.4,27,0.0,43.3,0.0,0,0.0
W1325,2025-03-26 17:04:20.064563,5.2,100.0,0.6,0.6,29,0.2,25.6,0.0,1,58.09
W1326,2024-07-30 17:04:20.064563,15.6,87.9,1.4,1.4,41,0.1,69.8,0.0,1,35.3
W1327,2024-06-18 17:04:20.064563,23.6,81.4,2.9,2.9,35,0.0,0.5,0.0,0,0.0
W1328,2025-01-14 17:04:20.064563,12.9,82.7,0.0,0.0,15,0.1,51.3,0.0,0,0.0
W1329,2025-02-15 17:04:20.064563,31.0,58.9,1.4,1.4,15,0.0,0.4,0.0,0,0.0
W1330,2025-05-17 17:04:20.064563,40.3,53.0,3.9,3.9,37,0.0,59.3,10.599999999999994,1,135.95
W1331,2024-09-13 17:04:20.064563,37.2,57.6,0.0,0.0,15,0.6,3.1,4.400000000000006,0,0.0
W1332,2024-10-09 17:04:20.064563,22.9,80.8,3.1,3.1,29,0.0,94.0,0.0,0,0.0
W1333,2024-07-31 17:04:20.064563,39.9,61.1,0.0,0.0,42,0.0,47.8,9.799999999999997,0,0.0
W1334,2025-09-21 17:04:20.064563,26.5,56.0,0.0,0.0,15,0.0,68.4,0.0,0,0.0
W1335,2025-03-27 17:04:20.064563,21.6,67.8,0.0,0.0,16,0.0,85.4,0.0,0,0.0
W1336,2025-09-12 17:04:20.064563,18.9,84.0,0.0,0.0,40,0.0,23.5,0.0,0,0.0
W1337,2025-08-13 17:04:20.064563,22.0,69.8,0.0,0.0,21,0.0,54.0,0.0,0,0.0
W1338,2024-12-22 17:04:20.064563,21.1,100.0,0.0,0.0,16,0.0,86.3,0.0,0,0.0
W1339,2024-09-02 17:04:20.064563,26.7,75.1,0.0,0.0,40,0.2,53.8,0.0,0,0.0
W1340,2024-12-06 17:04:20.064563,26.6,69.3,1.6,1.6,42,1.4,39.3,0.0,0,0.0
W1341,2025-07-24 17:04:20.064563,25.0,67.3,0.0,0.0,15,0.8,36.9,0.0,0,0.0
W1342,2025-01-14 17:04:20.064563,29.4,61.1,10.2,10.2,38,0.0,38.4,2.55,0,0.0
W1343,2025-02-27 17:04:20.064563,36.9,54.9,0.0,0.0,15,0.0,61.5,3.799999999999997,0,0.0
W1344,2024-07-13 17:04:20.064563,34.5,59.4,0.0,0.0,15,0.0,4.6,0.0,0,0.0
W1345,2025-07-10 17:04:20.064563,10.2,90.2,0.0,0.0,15,0.0,41.5,0.0,0,0.0
W1346,2024-06-03 17:04:20.064563,-0.5,100.0,0.0,0.8,15,0.0,56.1,1.5,0,0.0
W1347,2024-08-09 17:04:20.064563,34.3,71.9,0.0,0.0,16,0.1,78.6,0.408500000000001,0,0.0
W1348,2024-11-04 17:04:20.064563,11.3,100.0,4.9,4.9,15,1.7,53.0,0.0,0,0.0
W1349,2026-02-08 17:04:20.064563,22.8,78.4,1.4,1.4,15,0.0,92.6,0.0,0,0.0
W1350,2026-02-06 17:04:20.064563,13.3,76.6,0.0,0.0,17,0.0,44.4,0.0,0,0.0
W1351,2025-04-28 17:04:20.064563,7.0,100.0,0.0,0.0,15,0.0,65.1,0.0,0,0.0
W1352,2025-10-09 17:04:20.064563,30.4,79.9,0.0,0.0,34,0.0,1.8,0.19799999999999943,0,0.0
W1353,2025-03-27 17:04:20.064563,32.6,74.8,0.0,0.0,21,1.3,23.8,0.6239999999999999,0,0.0
W1354,2024-06-18 17:04:20.064563,19.2,88.5,0.0,0.0,16,0.0,81.5,0.0,0,0.0
W1355,2025-04-26 17:04:20.064563,-0.9,100.0,0.0,6.8,19,0.0,58.6,2.7,0,0.0
W1356,2024-04-01 17:04:20.064563,19.5,81.2,0.0,0.0,43,0.8,94.6,0.0,0,0.0
W1357,2024-12-13 17:04:20.064563,28.9,72.9,0.0,0.0,15,0.0,75.3,0.0,0,0.0
W1358,2025-09-18 17:04:20.064563,10.2,87.9,0.0,0.0,15,0.6,45.0,0.0,0,0.0
W1359,2024-07-22 17:04:20.064563,26.8,72.7,0.0,0.0,15,0.0,77.9,0.0,0,0.0
W1360,2025-06-26 17:04:20.064563,24.8,86.0,0.0,0.0,15,1.0,46.8,0.0,0,0.0
W1361,2025-03-30 17:04:20.064563,30.8,57.9,0.0,0.0,29,0.0,33.0,0.0,0,0.0
W1362,2026-02-04 17:04:20.064563,26.2,62.1,0.0,0.0,37,0.0,4.7,0.0,0,0.0
W1363,2026-02-04 17:04:20.064563,15.3,88.1,0.0,0.0,53,0.6,86.6,0.0,1,20.9
W1364,2024-12-11 17:04:20.064563,37.0,52.3,0.0,0.0,34,0.0,41.9,4.0,0,0.0
W1365,2025-11-06 17:04:20.064563,23.4,81.4,0.0,0.0,15,0.0,68.5,0.0,0,0.0
W1366,2025-04-12 17:04:20.064563,24.7,68.4,0.0,0.0,15,0.0,15.3,0.0,0,0.0
W1367,2025-12-31 17:04:20.064563,15.7,100.0,10.4,10.4,15,0.0,82.9,2.6,0,0.0
W1368,2025-04-02 17:04:20.064563,20.6,66.3,0.0,0.0,15,0.0,82.4,0.0,0,0.0
W1369,2024-07-06 17:04:20.064563,16.2,98.3,0.0,0.0,15,0.0,48.2,0.0,0,0.0
W1370,2026-02-07 17:04:20.064563,23.3,67.4,0.0,0.0,15,2.5,67.2,0.0,0,0.0
W1371,2024-11-12 17:04:20.064563,42.1,28.9,0.0,0.0,62,0.2,52.1,14.200000000000003,1,120.95
W1372,2025-07-13 17:04:20.064563,11.3,95.5,1.1,1.1,15,0.9,55.2,0.0,0,0.0
W1373,2024-04-12 17:04:20.064563,8.9,94.2,0.0,0.0,15,0.0,88.9,0.0,0,0.0
W1374,2025-12-12 17:04:20.064563,39.7,39.3,0.0,0.0,15,0.9,96.7,9.400000000000006,0,0.0
W1375,2025-10-13 17:04:20.064563,22.9,58.8,22.6,22.6,15,1.5,36.7,11.3,0,0.0
W1376,2025-02-16 17:04:20.064563,18.3,82.5,0.0,0.0,58,1.8,33.2,0.0,0,0.0
W1377,2025-12-02 17:04:20.064563,35.4,66.7,0.0,0.0,21,0.9,30.4,0.7999999999999972,0,0.0
W1378,2024-10-30 17:04:20.064563,18.9,87.4,1.9,1.9,18,1.8,77.1,0.0,0,0.0
W1379,2026-01-10 17:04:20.064563,43.3,45.7,0.0,0.0,44,0.3,72.3,16.599999999999994,1,96.12
W1380,2024-05-21 17:04:20.064563,31.8,67.1,0.0,0.0,17,1.9,4.4,0.0,0,0.0
W1381,2025-12-28 17:04:20.064563,20.1,79.5,2.2,2.2,25,1.6,8.8,0.0,0,0.0
W1382,2025-07-06 17:04:20.064563,45.0,28.2,0.0,0.0,37,0.0,64.6,20.0,1,374.62
W1383,2026-03-05 17:04:20.064563,18.9,67.4,0.0,0.0,15,0.0,27.5,0.0,0,0.0
W1384,2025-01-21 17:04:20.064563,32.4,59.3,0.0,0.0,51,1.7,9.2,0.0,0,0.0
W1385,2026-01-11 17:04:20.064563,28.0,66.4,0.0,0.0,15,1.5,41.4,0.0,0,0.0
W1386,2025-05-10 17:04:20.064563,38.0,61.5,0.0,0.0,15,1.0,87.7,6.0,0,0.0
W1387,2024-07-15 17:04:20.064563,40.6,56.7,0.0,0.0,23,3.1,36.6,11.200000000000003,1,84.37
W1388,2024-08-08 17:04:20.064563,25.3,78.1,0.0,0.0,40,3.1,69.6,0.0,0,0.0
W1389,2024-05-03 17:04:20.064563,17.5,81.0,0.0,0.0,35,2.2,90.1,0.0,0,0.0
W1390,2024-04-25 17:04:20.064563,29.6,51.8,0.0,0.0,20,3.2,16.9,0.0,0,0.0
W1391,2025-01-23 17:04:20.064563,18.2,86.8,0.4,0.4,27,2.0,61.0,0.0,0,0.0
W1392,2025-08-04 17:04:20.064563,45.0,47.8,0.5,0.5,42,1.9,90.8,20.0,1,343.52
W1393,2024-07-14 17:04:20.064563,26.4,46.6,0.0,0.0,22,3.4,19.3,0.0,0,0.0
W1394,2024-06-25 17:04:20.064563,21.3,69.6,0.0,0.0,15,1.8,98.9,0.0,0,0.0
W1395,2024-11-13 17:04:20.064563,26.8,62.8,0.0,0.0,15,3.4,36.5,0.0,0,0.0
W1396,2025-09-19 17:04:20.064563,11.5,93.9,8.5,8.5,24,3.3,21.8,0.0,0,0.0
W1397,2024-08-03 17:04:20.064563,15.3,79.0,0.0,0.0,15,1.7,83.8,0.0,0,0.0
W1398,2025-04-19 17:04:20.064563,37.0,54.1,0.0,0.0,15,3.2,46.8,4.0,1,47.03
W1399,2025-06-25 17:04:20.064563,18.4,80.2,0.0,0.0,17,2.4,67.1,0.0,0,0.0
W1400,2025-04-01 17:04:20.064563,14.5,86.6,5.7,5.7,15,4.5,49.0,0.0,0,0.0
W1401,2026-02-02 17:04:20.064563,30.4,57.3,0.0,0.0,41,2.4,64.4,0.0,0,0.0
W1402,2026-03-01 17:04:20.064563,36.9,48.3,0.0,0.0,15,7.1,3.5,3.799999999999997,0,0.0
W1403,2025-09-22 17:04:20.064563,32.2,50.9,0.0,0.0,31,5.3,35.0,0.0,0,0.0
W1404,2025-05-21 17:04:20.064563,35.0,61.4,0.0,0.0,48,1.9,65.7,0.0,0,0.0
W1405,2025-11-09 17:04:20.064563,17.4,89.6,5.8,5.8,15,5.1,35.1,0.0,0,0.0
W1406,2024-08-23 17:04:20.064563,10.8,86.1,0.0,0.0,27,2.8,77.6,0.0,0,0.0
W1407,2025-05-16 17:04:20.064563,40.0,65.2,0.0,0.0,15,3.1,96.1,10.0,1,130.1
W1408,2026-01-17 17:04:20.064563,21.8,74.2,0.0,0.0,44,6.5,3.7,0.0,0,0.0
W1409,2024-06-27 17:04:20.064563,22.5,91.6,0.9,0.9,41,2.1,85.5,0.0,0,0.0
W1410,2025-08-01 17:04:20.064563,38.3,46.2,0.0,0.0,26,4.3,16.9,6.599999999999994,0,0.0
W1411,2025-12-08 17:04:20.064563,30.6,43.9,1.1,1.1,15,3.6,91.7,0.0,0,0.0
W1412,2025-05-09 17:04:20.064563,29.6,69.7,2.7,2.7,35,2.5,94.7,0.0,0,0.0
W1413,2024-12-29 17:04:20.064563,45.0,45.0,0.0,0.0,23,1.7,56.9,20.0,1,304.39
W1414,2024-04-20 17:04:20.064563,18.6,82.5,3.8,3.8,15,5.2,47.9,0.0,0,0.0
W1415,2026-02-22 17:04:20.064563,34.3,52.2,0.0,0.0,44,3.9,75.8,0.0,0,0.0
W1416,2025-04-01 17:04:20.064563,25.6,71.3,0.0,0.0,52,3.1,91.8,0.0,0,0.0
W1417,2024-10-26 17:04:20.064563,27.7,63.4,0.0,0.0,56,5.3,23.2,0.0,0,0.0
W1418,2025-06-15 17:04:20.064563,40.3,46.5,1.4,1.4,15,7.1,38.2,10.599999999999994,1,141.59
W1419,2025-06-16 17:04:20.064563,30.1,73.3,0.0,0.0,15,5.8,41.8,0.01650000000000022,0,0.0
W1420,2024-11-14 17:04:20.064563,30.4,66.3,4.0,4.0,15,2.7,84.6,0.0,0,0.0
W1421,2025-03-24 17:04:20.064563,35.7,62.5,10.7,10.7,20,6.0,13.7,4.0750000000000055,0,0.0
W1422,2024-06-27 17:04:20.064563,21.4,75.7,0.0,0.0,15,5.6,62.3,0.0,0,0.0
W1423,2026-02-18 17:04:20.064563,16.6,81.7,3.7,3.7,15,6.5,35.1,0.0,0,0.0
W1424,2025-03-29 17:04:20.064563,14.6,76.6,0.0,0.0,47,2.1,88.6,0.0,0,0.0
W1425,2025-09-26 17:04:20.064563,5.3,98.3,0.2,0.2,25,5.0,34.0,0.0,0,0.0
W1426,2026-01-07 17:04:20.064563,45.0,20.0,0.0,0.0,45,2.3,97.8,20.0,1,262.48
W1427,2025-03-20 17:04:20.064563,14.0,83.1,0.0,0.0,34,7.3,1.6,0.0,0,0.0
W1428,2024-05-19 17:04:20.064563,22.8,75.0,0.0,0.0,30,5.1,24.0,0.0,0,0.0
W1429,2025-04-29 17:04:20.064563,22.2,82.3,0.0,0.0,33,6.9,45.7,0.0,0,0.0
W1430,2024-12-25 17:04:20.064563,28.1,65.2,0.0,0.0,28,7.4,25.6,0.0,0,0.0
W1431,2024-09-28 17:04:20.064563,33.2,63.7,0.0,0.0,26,4.2,73.7,0.0,0,0.0
W1432,2024-07-21 17:04:20.064563,33.6,37.8,0.5,0.5,15,2.9,81.5,0.0,0,0.0
W1433,2025-06-26 17:04:20.064563,19.2,80.7,0.0,0.0,46,3.9,69.8,0.0,0,0.0
W1434,2024-06-19 17:04:20.064563,23.3,58.2,7.3,7.3,47,4.2,97.0,0.0,0,0.0
W1435,2026-01-25 17:04:20.064563,27.8,56.2,0.0,0.0,27,6.5,45.6,0.0,0,0.0
W1436,2024-10-21 17:04:20.064563,22.5,74.4,0.0,0.0,75,3.7,98.0,0.0,0,0.0
W1437,2026-01-04 17:04:20.064563,41.1,61.2,1.1,1.1,43,4.4,12.5,12.200000000000003,1,98.91
W1438,2026-01-01 17:04:20.064563,29.9,68.8,0.0,0.0,44,5.0,84.6,0.0,0,0.0
W1439,2025-11-19 17:04:20.064563,32.3,61.7,12.1,12.1,28,5.3,3.8,3.025,0,0.0
W1440,2024-04-08 17:04:20.064563,31.6,62.4,0.0,0.0,59,3.4,53.2,0.0,0,0.0
W1441,2024-05-08 17:04:20.064563,36.7,47.8,1.4,1.4,28,6.7,48.4,3.4000000000000057,0,0.0
W1442,2025-02-22 17:04:20.064563,26.8,64.3,0.0,0.0,51,3.2,85.6,0.0,0,0.0
W1443,2024-11-22 17:04:20.064563,12.0,96.2,1.4,1.4,59,5.2,70.1,0.0,0,0.0
W1444,2024-07-24 17:04:20.064563,29.0,52.7,0.0,0.0,34,6.1,44.1,0.0,0,0.0
W1445,2025-10-17 17:04:20.064563,18.5,88.2,0.0,0.0,42,3.5,89.6,0.0,0,0.0
W1446,2024-10-14 17:04:20.064563,19.7,76.5,0.2,0.2,27,4.5,88.6,0.0,0,0.0
W1447,2024-05-27 17:04:20.064563,30.9,72.0,0.0,0.0,33,7.2,2.5,0.08999999999999986,0,0.0
W1448,2025-10-06 17:04:20.064563,37.4,63.5,0.0,0.0,36,4.5,87.1,4.799999999999997,0,0.0
W1449,2024-10-16 17:04:20.064563,25.2,55.5,5.5,5.5,15,5.4,52.7,0.0,0,0.0
W1450,2025-11-08 17:04:20.064563,28.1,62.1,0.0,0.0,43,4.1,83.9,0.0,0,0.0
W1451,2024-10-25 17:04:20.064563,42.0,38.4,5.4,5.4,41,6.5,18.1,14.0,1,75.54
W1452,2024-11-11 17:04:20.064563,27.4,50.8,13.3,13.3,27,6.4,15.1,3.325,0,0.0
W1453,2025-02-17 17:04:20.064563,45.0,32.2,0.4,0.4,29,5.9,72.2,20.0,1,366.96
W1454,2024-08-16 17:04:20.064563,30.7,88.4,0.0,0.0,34,6.4,27.5,0.6439999999999995,0,0.0
W1455,2025-11-18 17:04:20.064563,7.4,100.0,6.5,6.5,51,4.6,55.9,0.0,0,0.0
W1456,2024-03-20 17:04:20.064563,32.5,80.4,0.0,0.0,35,4.8,68.9,1.3000000000000007,1,35.29
W1457,2024-12-26 17:04:20.064563,28.8,75.1,0.0,0.0,64,5.0,61.0,0.0,0,0.0
W1458,2024-08-13 17:04:20.064563,37.9,45.7,0.0,0.0,34,4.8,69.9,5.799999999999997,0,0.0
W1459,2024-07-29 17:04:20.064563,31.7,58.6,0.0,0.0,57,6.2,62.0,0.0,0,0.0
W1460,2025-09-22 17:04:20.064563,23.6,80.5,0.0,0.0,65,5.9,37.9,0.0,0,0.0
W1461,2024-11-29 17:04:20.064563,12.8,95.2,7.3,7.3,15,7.3,9.0,0.0,0,0.0
W1462,2024-09-12 17:04:20.064563,22.9,69.9,16.5,16.5,35,5.2,85.5,4.125,0,0.0
W1463,2024-07-08 17:04:20.064563,16.5,70.2,0.0,0.0,77,5.1,84.6,0.0,0,0.0
W1464,2026-01-23 17:04:20.064563,19.2,100.0,0.0,0.0,45,7.3,0.6,0.0,0,0.0
W1465,2024-04-13 17:04:20.064563,30.9,62.3,0.0,0.0,59,5.6,84.1,0.0,0,0.0
W1466,2024-07-30 17:04:20.064563,41.7,44.2,0.0,0.0,36,8.3,15.1,14.000000000000007,1,101.72
W1467,2024-04-02 17:04:20.064563,28.9,67.7,0.9,0.9,59,7.5,33.3,0.0,0,0.0
W1468,2025-03-19 17:04:20.064563,13.0,88.0,0.0,0.0,103,6.6,41.3,0.0,0,0.0
W1469,2024-11-16 17:04:20.064563,29.4,67.1,1.1,1.1,15,5.0,68.0,0.0,0,0.0
W1470,2025-11-10 17:04:20.064563,37.0,67.4,0.0,0.0,45,6.4,9.2,4.0,0,0.0
W1471,2025-02-12 17:04:20.064563,18.9,80.4,3.6,3.6,64,3.2,82.7,0.0,0,0.0
W1472,2024-04-03 17:04:20.064563,23.7,62.9,0.0,0.0,81,4.1,94.3,0.0,1,19.66
W1473,2024-09-12 17:04:20.064563,25.1,70.7,0.0,0.0,29,4.1,95.3,0.0,0,0.0
W1474,2024-12-14 17:04:20.064563,17.2,79.6,19.6,19.6,15,7.2,9.2,4.9,0,0.0
W1475,2024-05-10 17:04:20.064563,31.5,77.0,5.5,5.5,35,4.1,91.9,0.525,0,0.0
W1476,2024-07-25 17:04:20.064563,23.8,86.0,0.0,0.0,45,6.9,56.8,0.0,0,0.0
W1477,2025-05-23 17:04:20.064563,29.2,67.3,35.0,35.0,15,6.5,72.7,17.5,1,226.32
W1478,2025-09-07 17:04:20.064563,16.1,73.0,0.0,0.0,30,3.0,93.1,0.0,0,0.0
W1479,2024-07-12 17:04:20.064563,20.6,66.8,0.0,0.0,54,5.4,66.1,0.0,0,0.0
W1480,2024-05-22 17:04:20.064563,32.2,61.8,1.0,1.0,39,5.9,45.7,0.0,0,0.0
W1481,2025-07-18 17:04:20.064563,21.3,81.5,3.6,3.6,52,6.2,52.5,0.0,0,0.0
W1482,2025-06-20 17:04:20.064563,42.3,42.8,0.0,0.0,46,6.6,68.5,14.599999999999994,1,223.69
W1483,2025-03-23 17:04:20.064563,21.0,73.7,0.0,0.0,58,6.1,94.5,0.0,0,0.0
W1484,2025-08-25 17:04:20.064563,27.2,63.2,0.0,0.0,41,4.8,89.0,0.0,0,0.0
W1485,2025-11-15 17:04:20.064563,34.3,58.3,0.0,0.0,81,5.2,57.7,0.0,0,0.0
W1486,2024-07-07 17:04:20.064563,10.8,69.9,0.0,0.0,56,6.1,21.1,0.0,0,0.0
W1487,2025-06-23 17:04:20.064563,7.4,87.9,0.0,0.0,63,8.4,34.7,0.8000000000000007,0,0.0
W1488,2025-08-15 17:04:20.064563,9.7,89.1,10.0,10.0,40,5.0,36.2,0.0,0,0.0
W1489,2024-10-30 17:04:20.064563,37.6,65.6,0.2,0.2,64,6.8,28.9,5.200000000000003,0,0.0
W1490,2025-12-07 17:04:20.064563,19.5,72.6,0.0,0.0,64,4.1,74.7,0.0,0,0.0
W1491,2024-05-01 17:04:20.064563,45.0,44.3,0.0,0.0,81,2.7,83.6,20.0,1,201.05
W1492,2026-01-21 17:04:20.064563,19.4,83.2,0.0,0.0,59,7.4,32.0,0.0,0,0.0
W1493,2025-09-02 17:04:20.064563,26.8,82.7,1.9,1.9,47,2.1,84.6,0.0,0,0.0
W1494,2025-01-20 17:04:20.064563,40.4,62.0,0.0,0.0,67,2.1,73.4,10.799999999999997,1,74.51
W1495,2025-06-30 17:04:20.064563,45.0,41.9,0.0,0.0,54,5.8,44.1,20.0,1,412.98
W1496,2026-01-05 17:04:20.064563,45.0,37.7,0.0,0.0,65,3.9,69.9,20.0,1,393.42
W1497,2024-04-18 17:04:20.064563,37.1,47.7,12.0,12.0,22,4.4,76.9,7.200000000000003,0,0.0
W1498,2024-05-19 17:04:20.064563,35.2,54.7,0.0,0.0,89,4.6,56.1,0.4000000000000057,0,0.0
W1499,2025-07-21 17:04:20.064563,30.9,59.3,0.0,0.0,53,5.5,44.3,0.0,0,0.0
W1500,2025-05-03 17:04:20.064563,32.8,66.4,0.2,0.2,92,5.6,10.2,0.0,0,0.0
W1501,2025-05-28 17:04:20.064563,19.5,85.0,0.0,0.0,68,7.0,0.1,0.0,0,0.0
W1502,2026-02-18 17:04:20.064563,16.8,90.7,0.0,0.0,86,4.1,93.7,0.0,0,0.0
W1503,2024-07-06 17:04:20.064563,25.0,85.1,0.0,0.0,54,6.7,26.7,0.0,0,0.0
W1504,2025-08-02 17:04:20.064563,23.3,93.7,0.0,0.0,31,5.1,66.3,0.0,0,0.0
W1505,2026-03-17 17:04:20.064563,20.5,80.5,0.0,0.0,38,2.9,94.3,0.0,0,0.0
W1506,2025-06-15 17:04:20.064563,32.0,73.0,0.0,0.0,121,4.0,81.8,0.3,0,0.0
W1507,2024-06-01 17:04:20.064563,34.6,54.7,1.3,1.3,57,5.6,12.3,0.0,0,0.0
W1508,2024-06-08 17:04:20.064563,25.9,83.0,0.0,0.0,93,3.7,80.2,0.0,0,0.0
W1509,2025-02-10 17:04:20.064563,39.8,61.0,4.1,4.1,38,2.1,72.6,9.599999999999994,0,0.0
W1510,2025-11-30 17:04:20.064563,13.6,99.7,0.0,0.0,76,5.1,32.9,0.0,0,0.0
W1511,2024-08-16 17:04:20.064563,23.1,76.3,0.0,0.0,80,4.0,69.0,0.0,0,0.0
W1512,2024-05-24 17:04:20.064563,17.8,76.6,5.1,5.1,119,4.8,82.6,0.0,0,0.0
W1513,2024-07-25 17:04:20.064563,6.3,86.6,0.0,0.0,67,5.3,29.1,0.0,0,0.0
W1514,2024-12-24 17:04:20.064563,24.2,73.3,0.0,0.0,59,2.9,86.9,0.0,0,0.0
W1515,2025-12-17 17:04:20.064563,23.8,89.7,1.1,1.1,79,4.4,7.9,0.0,0,0.0
W1516,2025-12-26 17:04:20.064563,40.1,46.7,0.0,0.0,56,2.4,52.7,10.200000000000003,0,0.0
W1517,2025-11-07 17:04:20.064563,31.3,70.9,0.0,0.0,83,5.7,23.3,0.0585000000000004,0,0.0
W1518,2025-09-30 17:04:20.064563,14.8,96.3,4.2,4.2,65,1.7,72.8,0.0,0,0.0
W1519,2026-03-17 17:04:20.064563,43.5,41.9,0.0,0.0,60,2.0,17.5,17.0,1,75.55
W1520,2025-02-13 17:04:20.064563,37.2,67.3,2.6,2.6,80,4.3,34.1,4.400000000000006,0,0.0
W1521,2025-04-12 17:04:20.064563,30.8,34.7,5.0,5.0,68,3.8,12.7,0.0,0,0.0
W1522,2025-11-19 17:04:20.064563,22.7,63.7,5.8,5.8,79,2.6,81.2,0.0,0,0.0
W1523,2025-09-12 17:04:20.064563,15.4,77.7,0.0,0.0,109,3.7,13.2,0.0,0,0.0
W1524,2025-01-13 17:04:20.064563,21.3,69.9,0.0,0.0,66,1.3,72.3,0.0,0,0.0
W1525,2025-06-25 17:04:20.064563,35.9,59.5,1.4,1.4,65,2.6,70.7,1.7999999999999972,0,0.0
W1526,2025-08-17 17:04:20.064563,43.8,47.1,0.0,0.0,50,2.8,14.2,17.599999999999994,1,186.49
W1527,2025-11-27 17:04:20.064563,40.4,53.3,8.3,8.3,71,1.9,56.6,10.799999999999997,0,0.0
W1528,2025-06-01 17:04:20.064563,20.1,85.8,0.9,0.9,62,3.8,49.7,0.0,0,0.0
W1529,2024-06-27 17:04:20.064563,13.8,79.8,0.0,0.0,84,2.9,59.5,0.0,0,0.0
W1530,2026-03-06 17:04:20.064563,26.4,58.2,0.0,0.0,101,0.0,93.7,0.0,0,0.0
W1531,2024-07-13 17:04:20.064563,7.3,100.0,0.0,0.0,64,2.8,8.1,0.0,0,0.0
W1532,2026-01-17 17:04:20.064563,28.2,61.4,0.0,0.0,68,2.6,82.1,0.0,0,0.0
W1533,2026-01-13 17:04:20.064563,23.5,59.0,0.0,0.0,98,0.2,86.2,0.0,0,0.0
W1534,2025-10-03 17:04:20.064563,20.3,89.2,0.0,0.0,92,1.3,12.6,0.0,0,0.0
W1535,2024-10-24 17:04:20.064563,9.1,100.0,0.0,0.0,90,2.5,65.6,0.0,0,0.0
W1536,2025-06-01 17:04:20.064563,30.1,80.4,0.0,0.0,71,0.9,70.2,0.05200000000000077,0,0.0
W1537,2025-06-23 17:04:20.064563,19.7,82.4,0.0,0.0,50,0.0,54.9,0.0,0,0.0
W1538,2024-11-06 17:04:20.064563,13.3,96.3,0.0,0.0,64,2.6,50.3,0.0,0,0.0
W1539,2025-05-15 17:04:20.064563,-3.7,100.0,0.0,1.3,59,1.2,31.8,11.100000000000001,1,83.47
W1540,2025-02-28 17:04:20.064563,24.7,66.5,0.0,0.0,91,1.4,68.9,0.0,0,0.0
W1541,2025-06-25 17:04:20.064563,42.7,57.0,0.0,0.0,85,1.2,28.6,15.400000000000006,1,231.52
W1542,2025-04-30 17:04:20.064563,41.6,50.3,0.0,0.0,67,2.1,46.0,13.200000000000003,1,140.03
W1543,2025-05-17 17:04:20.064563,20.4,88.5,2.5,2.5,66,0.0,85.7,0.0,0,0.0
W1544,2024-06-23 17:04:20.064563,19.0,83.4,0.0,0.0,89,1.6,9.0,0.0,0,0.0
W1545,2025-02-01 17:04:20.064563,29.7,78.4,0.0,0.0,73,2.0,52.8,0.0,0,0.0
W1546,2025-05-29 17:04:20.064563,15.0,89.7,0.0,0.0,68,0.0,48.6,0.0,0,0.0
W1547,2025-02-01 17:04:20.064563,28.0,53.1,7.4,7.4,104,0.0,37.8,0.0,0,0.0
W1548,2026-01-28 17:04:20.064563,32.7,75.5,1.5,1.5,65,2.0,59.8,0.7425000000000008,0,0.0
W1549,2024-12-04 17:04:20.064563,37.3,44.6,0.0,0.0,93,1.4,1.6,4.599999999999994,0,0.0
W1550,2025-04-05 17:04:20.064563,24.0,86.5,0.0,0.0,87,0.0,49.2,0.0,0,0.0
W1551,2024-08-21 17:04:20.064563,23.0,74.7,2.8,2.8,43,0.0,48.6,0.0,0,0.0
W1552,2026-02-19 17:04:20.064563,16.2,97.4,17.6,17.6,31,0.3,51.6,4.4,0,0.0
W1553,2025-07-16 17:04:20.064563,16.7,96.3,3.4,3.4,89,0.3,21.2,0.0,0,0.0
W1554,2024-05-25 17:04:20.064563,22.7,80.2,5.4,5.4,66,0.0,20.8,0.0,0,0.0
W1555,2024-06-19 17:04:20.064563,28.7,72.1,0.0,0.0,50,2.3,64.7,0.0,0,0.0
W1556,2024-06-13 17:04:20.064563,34.1,63.0,0.0,0.0,87,0.6,9.3,0.0,0,0.0
W1557,2024-06-21 17:04:20.064563,17.0,64.4,11.0,11.0,46,0.0,30.6,2.75,1,33.12
W1558,2025-06-03 17:04:20.064563,39.9,51.3,0.0,0.0,88,1.1,83.1,9.799999999999997,1,83.58
W1559,2024-06-24 17:04:20.064563,22.3,65.4,3.8,3.8,125,0.1,10.4,0.0,0,0.0
W1560,2025-04-03 17:04:20.064563,24.8,74.5,11.5,11.5,64,0.0,46.8,2.875,0,0.0
W1561,2024-07-29 17:04:20.064563,17.5,72.3,0.0,0.0,91,0.9,66.9,0.0,0,0.0
W1562,2025-10-08 17:04:20.064563,0.8,97.0,0.0,0.7,74,1.5,14.2,0.0,0,0.0
W1563,2024-05-18 17:04:20.064563,33.8,75.3,0.0,0.0,56,0.2,31.2,1.0069999999999988,0,0.0
W1564,2025-11-08 17:04:20.064563,32.4,72.1,0.0,0.0,99,0.0,55.9,0.25199999999999917,0,0.0
W1565,2025-10-14 17:04:20.064563,22.2,76.7,0.0,0.0,67,0.1,32.7,0.0,0,0.0
W1566,2025-10-14 17:04:20.064563,25.7,73.3,2.4,2.4,69,0.0,11.0,0.0,0,0.0
W1567,2025-02-18 17:04:20.064563,30.2,62.3,17.0,17.0,80,0.2,23.2,4.25,0,0.0
W1568,2026-02-02 17:04:20.064563,9.4,100.0,0.6,0.6,70,0.8,10.9,0.0,0,0.0
W1569,2024-07-21 17:04:20.064563,19.7,73.7,0.0,0.0,102,0.0,98.4,0.0,0,0.0
W1570,2025-05-12 17:04:20.064563,32.9,70.5,0.2,0.2,85,0.7,23.6,0.07249999999999997,0,0.0
W1571,2025-03-15 17:04:20.064563,12.5,88.8,1.9,1.9,63,0.0,53.1,0.0,0,0.0
W1572,2026-01-28 17:04:20.064563,27.9,63.9,0.0,0.0,84,0.0,42.9,0.0,0,0.0
W1573,2025-05-25 17:04:20.064563,11.4,93.1,0.5,0.5,62,0.0,57.0,0.0,0,0.0
W1574,2024-05-09 17:04:20.064563,29.7,59.6,4.0,4.0,87,0.0,49.8,0.0,0,0.0
W1575,2025-01-06 17:04:20.064563,24.6,76.3,4.4,4.4,93,1.8,72.7,0.0,0,0.0
W1576,2025-11-22 17:04:20.064563,8.8,91.4,7.0,7.0,64,0.8,87.3,0.0,0,0.0
W1577,2025-01-31 17:04:20.064563,36.6,59.7,0.0,0.0,103,1.3,28.5,3.200000000000003,0,0.0
W1578,2025-03-13 17:04:20.064563,17.7,95.7,0.0,0.0,80,0.0,18.4,0.0,0,0.0
W1579,2024-07-02 17:04:20.064563,16.9,77.5,0.6,0.6,93,1.8,98.4,0.0,0,0.0
W1580,2025-10-30 17:04:20.064563,27.0,68.2,0.5,0.5,134,0.0,86.6,0.0,0,0.0
W1581,2025-08-19 17:04:20.064563,36.5,59.9,0.0,0.0,125,0.0,36.4,3.0,0,0.0
W1582,2024-10-21 17:04:20.064563,14.8,83.4,0.0,0.0,72,0.0,89.5,0.0,0,0.0
W1583,2024-08-23 17:04:20.064563,25.6,76.2,0.0,0.0,81,0.0,67.1,0.0,0,0.0
W1584,2026-01-19 17:04:20.064563,29.3,71.6,0.0,0.0,54,0.0,43.7,0.0,0,0.0
W1585,2025-07-24 17:04:20.064563,31.9,72.9,6.9,6.9,77,0.0,87.3,0.27550000000000036,0,0.0
W1586,2024-11-02 17:04:20.064563,26.8,63.8,0.0,0.0,82,0.9,67.5,0.0,0,0.0
W1587,2024-07-06 17:04:20.064563,21.3,68.6,0.0,0.0,59,2.6,82.6,0.0,0,0.0
W1588,2025-03-11 17:04:20.064563,16.7,81.8,1.2,1.2,95,0.0,41.8,0.0,0,0.0
W1589,2025-10-08 17:04:20.064563,25.9,61.5,0.0,0.0,68,0.0,79.9,0.0,0,0.0
W1590,2025-03-29 17:04:20.064563,14.3,94.2,7.4,7.4,48,0.0,36.7,0.0,0,0.0
W1591,2024-07-13 17:04:20.064563,-4.2,100.0,10.8,13.7,59,0.0,73.5,15.3,1,119.85
W1592,2024-12-28 17:04:20.064563,29.4,89.3,0.0,0.0,63,0.0,43.6,0.0,0,0.0
W1593,2025-10-26 17:04:20.064563,34.0,71.9,0.0,0.0,71,0.8,40.5,0.3800000000000011,0,0.0
W1594,2024-11-04 17:04:20.064563,1.4,100.0,5.6,6.3,95,1.9,79.7,0.0,0,0.0
W1595,2025-05-31 17:04:20.064563,14.9,96.3,3.3,3.3,52,0.0,12.5,0.0,0,0.0
W1596,2025-10-13 17:04:20.064563,31.2,46.8,0.0,0.0,85,0.0,92.8,0.0,0,0.0
W1597,2025-12-14 17:04:20.064563,45.0,67.7,10.7,10.7,38,0.0,50.9,22.675,1,404.14
W1598,2025-12-06 17:04:20.064563,25.2,66.3,0.0,0.0,51,0.7,63.6,0.0,0,0.0
W1599,2026-02-07 17:04:20.064563,17.7,82.2,0.0,0.0,68,0.1,40.5,0.0,0,0.0
W1600,2026-01-05 17:04:20.064563,23.2,56.7,0.0,0.0,123,2.1,64.6,0.0,0,0.0
W1601,2025-10-09 17:04:20.064563,38.7,56.7,0.0,0.0,85,0.0,71.0,7.400000000000006,0,0.0
W1602,2024-04-13 17:04:20.064563,18.5,71.1,0.0,0.0,78,0.9,86.8,0.0,0,0.0
W1603,2025-12-01 17:04:20.064563,17.0,85.5,0.0,0.0,58,0.0,85.4,0.0,0,0.0
W1604,2026-01-20 17:04:20.064563,20.2,74.3,2.5,2.5,55,0.0,35.8,0.0,0,0.0
W1605,2026-02-26 17:04:20.064563,15.5,76.0,0.0,0.0,38,1.4,61.6,0.0,0,0.0
W1606,2024-12-16 17:04:20.064563,26.2,62.6,1.7,1.7,100,1.9,78.1,0.0,0,0.0
W1607,2024-04-16 17:04:20.064563,41.2,50.4,0.0,0.0,72,0.4,76.5,12.400000000000006,1,152.82
W1608,2024-09-18 17:04:20.064563,28.2,54.8,0.4,0.4,69,0.0,89.1,0.0,0,0.0
W1609,2024-12-22 17:04:20.064563,22.5,68.8,0.0,0.0,70,0.0,83.2,0.0,0,0.0
W1610,2026-03-07 17:04:20.064563,22.1,83.5,3.6,3.6,100,0.6,71.8,0.0,0,0.0
W1611,2025-01-28 17:04:20.064563,9.4,100.0,0.0,0.0,71,0.0,74.9,0.0,0,0.0
W1612,2025-02-28 17:04:20.064563,33.8,64.0,0.0,0.0,61,0.9,80.7,0.0,0,0.0
W1613,2025-03-12 17:04:20.064563,24.2,64.5,4.8,4.8,90,0.0,83.8,0.0,0,0.0
W1614,2024-03-24 17:04:20.064563,23.2,71.5,0.0,0.0,61,0.0,35.3,0.0,0,0.0
W1615,2024-09-19 17:04:20.064563,45.0,42.8,0.0,0.0,29,0.0,78.2,20.0,1,326.6
W1616,2024-08-11 17:04:20.064563,28.0,64.5,0.0,0.0,32,0.0,94.9,0.0,0,0.0
W1617,2025-10-18 17:04:20.064563,17.5,92.8,1.8,1.8,55,0.0,23.3,0.0,0,0.0
W1618,2026-01-20 17:04:20.064563,20.7,81.1,0.0,0.0,68,0.2,4.8,0.0,0,0.0
W1619,2025-05-02 17:04:20.064563,36.5,64.4,0.0,0.0,78,0.0,7.2,3.0,0,0.0
W1620,2024-05-28 17:04:20.064563,26.1,67.7,0.0,0.0,42,1.1,21.7,0.0,0,0.0
W1621,2024-08-10 17:04:20.064563,10.6,100.0,0.8,0.8,54,0.1,92.0,0.0,0,0.0
W1622,2025-12-26 17:04:20.064563,34.2,57.0,0.0,0.0,44,0.7,12.7,0.0,0,0.0
W1623,2024-04-18 17:04:20.064563,18.3,72.8,0.0,0.0,82,0.0,74.8,0.0,0,0.0
W1624,2024-06-19 17:04:20.064563,43.7,66.2,35.5,35.5,15,0.0,86.7,35.150000000000006,1,277.52
W1625,2025-09-12 17:04:20.064563,35.8,38.0,0.5,0.5,97,1.5,87.8,1.5999999999999943,0,0.0
W1626,2024-10-24 17:04:20.064563,20.5,71.8,0.0,0.0,65,1.0,41.7,0.0,0,0.0
W1627,2025-04-07 17:04:20.064563,37.8,47.0,1.6,1.6,92,0.3,49.5,5.599999999999994,0,0.0
W1628,2025-05-21 17:04:20.064563,25.7,96.6,0.0,0.0,43,0.0,32.3,0.0,0,0.0
W1629,2025-06-25 17:04:20.064563,33.5,77.8,6.8,6.8,47,0.0,14.7,1.3649999999999995,0,0.0
W1630,2025-03-02 17:04:20.064563,29.8,80.2,0.0,0.0,35,0.0,21.2,0.0,0,0.0
W1631,2024-08-26 17:04:20.064563,16.5,81.9,0.0,0.0,67,0.6,13.5,0.0,0,0.0
W1632,2025-03-31 17:04:20.064563,18.6,100.0,0.0,0.0,61,0.0,40.8,0.0,0,0.0
W1633,2025-01-31 17:04:20.064563,35.3,60.7,0.0,0.0,15,1.8,17.0,0.5999999999999943,0,0.0
W1634,2025-02-13 17:04:20.064563,21.7,87.3,0.0,0.0,76,1.2,40.3,0.0,0,0.0
W1635,2025-10-20 17:04:20.064563,21.0,80.4,0.0,0.0,70,1.2,85.1,0.0,0,0.0
W1636,2025-11-18 17:04:20.064563,15.4,86.3,8.0,8.0,26,0.6,65.5,0.0,0,0.0
W1637,2024-06-12 17:04:20.064563,29.2,63.6,2.1,2.1,54,0.1,66.3,0.0,0,0.0
W1638,2024-05-10 17:04:20.064563,45.0,40.4,0.0,0.0,22,0.4,81.2,20.0,1,152.43
W1639,2024-08-24 17:04:20.064563,14.3,94.6,0.0,0.0,36,0.0,4.1,0.0,0,0.0
W1640,2024-08-26 17:04:20.064563,25.2,75.8,0.0,0.0,84,2.1,79.5,0.0,0,0.0
W1641,2025-12-10 17:04:20.064563,39.1,51.0,0.0,0.0,27,0.0,19.6,8.200000000000003,0,0.0
W1642,2024-05-07 17:04:20.064563,24.2,88.8,0.0,0.0,50,0.0,34.6,0.0,0,0.0
W1643,2026-02-06 17:04:20.064563,29.5,36.0,0.0,0.0,21,0.0,30.8,0.0,0,0.0
W1644,2024-06-09 17:04:20.064563,14.4,93.5,4.5,4.5,46,0.0,10.6,0.0,0,0.0
W1645,2024-12-21 17:04:20.064563,29.3,73.3,0.0,0.0,59,0.8,17.4,0.0,0,0.0
W1646,2025-06-14 17:04:20.064563,23.1,86.8,8.0,8.0,46,0.0,95.6,0.0,0,0.0
W1647,2026-01-24 17:04:20.064563,34.9,57.1,0.0,0.0,57,0.0,60.0,0.0,0,0.0
W1648,2025-05-26 17:04:20.064563,36.9,56.8,0.0,0.0,75,1.3,47.4,3.799999999999997,0,0.0
W1649,2025-07-28 17:04:20.064563,45.0,52.4,0.0,0.0,35,1.1,75.8,20.0,0,0.0
W1650,2025-11-29 17:04:20.064563,30.8,78.7,6.5,6.5,15,0.0,81.4,0.3480000000000004,0,0.0
W1651,2025-06-13 17:04:20.064563,28.3,64.6,0.0,0.0,33,1.2,11.0,0.0,0,0.0
W1652,2025-05-16 17:04:20.064563,26.9,72.3,0.0,0.0,18,0.0,74.1,0.0,0,0.0
W1653,2024-12-22 17:04:20.064563,21.5,94.6,0.6,0.6,44,0.0,93.2,0.0,0,0.0
W1654,2024-10-24 17:04:20.064563,28.4,46.2,0.0,0.0,41,0.0,58.5,0.0,0,0.0
W1655,2025-08-24 17:04:20.064563,22.0,70.0,0.0,0.0,53,0.3,61.4,0.0,0,0.0
W1656,2024-07-12 17:04:20.064563,26.7,84.6,0.0,0.0,15,0.0,87.0,0.0,0,0.0
W1657,2025-03-06 17:04:20.064563,38.2,63.7,3.3,3.3,35,0.4,67.9,6.400000000000006,0,0.0
W1658,2025-06-01 17:04:20.064563,14.9,92.8,10.0,10.0,46,0.0,99.5,0.0,0,0.0
W1659,2024-07-09 17:04:20.064563,36.4,50.9,0.0,0.0,53,0.0,28.3,2.799999999999997,0,0.0
W1660,2025-01-02 17:04:20.064563,38.2,43.9,7.3,7.3,15,0.0,84.5,6.400000000000006,0,0.0
W1661,2026-02-10 17:04:20.064563,23.8,68.4,0.0,0.0,40,0.0,61.2,0.0,0,0.0
W1662,2026-02-10 17:04:20.064563,3.8,100.0,5.1,5.1,15,0.0,36.6,0.0,0,0.0
W1663,2025-11-15 17:04:20.064563,18.9,75.3,9.3,9.3,21,0.0,88.3,0.0,0,0.0
W1664,2025-07-29 17:04:20.064563,38.0,54.1,0.0,0.0,31,0.5,99.6,6.0,0,0.0
W1665,2025-09-08 17:04:20.064563,24.8,65.3,0.0,0.0,73,1.4,5.8,0.0,0,0.0
W1666,2026-01-30 17:04:20.064563,15.0,95.9,8.8,8.8,22,0.0,92.6,0.0,0,0.0
W1667,2025-01-27 17:04:20.064563,20.0,74.7,13.9,13.9,16,0.0,20.3,3.475,0,0.0
W1668,2024-05-03 17:04:20.064563,33.4,58.9,0.0,0.0,36,0.0,20.5,0.0,0,0.0
W1669,2024-10-29 17:04:20.064563,30.5,47.5,0.0,0.0,46,1.1,4.2,0.0,0,0.0
W1670,2025-04-26 17:04:20.064563,22.6,60.0,0.0,0.0,31,0.2,92.2,0.0,0,0.0
W1671,2025-11-21 17:04:20.064563,21.3,78.1,0.0,0.0,51,0.0,75.9,0.0,0,0.0
W1672,2024-05-13 17:04:20.064563,21.1,65.1,1.9,1.9,23,0.0,5.3,0.0,0,0.0
W1673,2024-03-25 17:04:20.064563,15.8,100.0,0.6,0.6,61,0.7,63.4,0.0,0,0.0
W1674,2024-10-13 17:04:20.064563,41.2,27.7,0.0,0.0,44,1.5,12.0,12.400000000000006,1,191.12
W1675,2025-01-20 17:04:20.064563,21.8,69.3,0.0,0.0,31,0.0,75.1,0.0,0,0.0
W1676,2024-10-20 17:04:20.064563,37.2,54.4,0.0,0.0,50,0.3,40.9,4.400000000000006,1,48.18
W1677,2024-08-05 17:04:20.064563,40.2,46.0,7.5,7.5,28,2.5,5.2,10.400000000000006,0,0.0
W1678,2024-12-04 17:04:20.064563,35.0,46.5,0.0,0.0,49,0.0,82.9,0.0,0,0.0
W1679,2025-01-08 17:04:20.064563,20.7,69.4,7.2,7.2,19,0.0,57.2,0.0,0,0.0
W1680,2025-02-16 17:04:20.064563,29.0,56.5,0.0,0.0,27,0.0,77.3,0.0,0,0.0
W1681,2024-07-18 17:04:20.064563,24.8,70.0,4.5,4.5,25,0.0,67.5,0.0,0,0.0
W1682,2024-03-25 17:04:20.064563,16.0,100.0,10.9,10.9,15,1.1,43.4,2.725,0,0.0
W1683,2025-08-09 17:04:20.064563,28.2,68.4,0.0,0.0,50,1.8,69.9,0.0,0,0.0
W1684,2025-06-01 17:04:20.064563,13.2,100.0,22.3,22.3,15,0.0,1.5,11.15,1,147.55
W1685,2024-09-13 17:04:20.064563,36.9,59.8,0.0,0.0,41,0.0,34.0,3.799999999999997,0,0.0
W1686,2024-07-28 17:04:20.064563,20.4,90.6,0.0,0.0,57,1.2,77.8,0.0,1,44.66
W1687,2025-04-11 17:04:20.064563,27.0,41.5,0.0,0.0,51,0.6,76.3,0.0,0,0.0
W1688,2025-09-14 17:04:20.064563,27.8,65.2,0.0,0.0,23,0.4,88.7,0.0,0,0.0
W1689,2026-03-08 17:04:20.064563,22.4,89.5,0.0,0.0,45,0.7,61.1,0.0,0,0.0
W1690,2024-11-08 17:04:20.064563,30.9,58.0,0.0,0.0,15,0.1,94.2,0.0,0,0.0
W1691,2025-08-12 17:04:20.064563,20.3,97.2,9.9,9.9,15,0.5,55.8,0.0,0,0.0
W1692,2025-10-11 17:04:20.064563,33.7,74.3,0.0,0.0,15,0.0,50.0,0.7955000000000001,0,0.0
W1693,2026-01-31 17:04:20.064563,11.5,88.0,0.0,0.0,24,0.0,19.7,0.0,0,0.0
W1694,2025-03-15 17:04:20.064563,26.3,65.6,0.0,0.0,15,0.0,77.9,0.0,0,0.0
W1695,2024-05-30 17:04:20.064563,44.4,33.3,0.0,0.0,48,0.0,69.2,18.799999999999997,1,106.87
W1696,2025-04-28 17:04:20.064563,15.0,81.2,0.0,0.0,18,0.5,46.1,0.0,0,0.0
W1697,2024-04-30 17:04:20.064563,18.2,70.3,0.0,0.0,43,0.3,8.7,0.0,0,0.0
W1698,2025-06-07 17:04:20.064563,30.1,69.1,0.0,0.0,23,0.0,12.6,0.0,0,0.0
W1699,2024-04-06 17:04:20.064563,26.8,55.2,0.0,0.0,15,0.0,11.4,0.0,0,0.0
W1700,2025-07-01 17:04:20.064563,28.5,73.3,3.3,3.3,15,0.0,37.6,0.0,0,0.0
W1701,2024-06-05 17:04:20.064563,29.9,71.4,0.0,0.0,15,1.5,15.9,0.0,0,0.0
W1702,2025-02-01 17:04:20.064563,31.3,46.4,0.0,0.0,24,0.0,86.1,0.0,0,0.0
W1703,2025-10-28 17:04:20.064563,36.1,71.4,7.5,7.5,39,0.1,89.9,2.6270000000000047,1,54.34
W1704,2025-05-31 17:04:20.064563,29.1,71.5,0.0,0.0,57,0.0,85.7,0.0,0,0.0
W1705,2025-10-26 17:04:20.064563,22.6,83.6,0.0,0.0,18,1.3,60.9,0.0,0,0.0
W1706,2025-05-06 17:04:20.064563,31.7,54.8,0.0,0.0,15,0.0,59.6,0.0,0,0.0
W1707,2026-03-14 17:04:20.064563,44.0,50.2,0.0,0.0,15,0.0,89.1,18.0,1,115.93
W1708,2026-01-02 17:04:20.064563,23.7,85.8,8.4,8.4,15,0.0,40.6,0.0,0,0.0
W1709,2025-05-19 17:04:20.064563,15.3,86.1,0.0,0.0,20,0.0,6.2,0.0,0,0.0
W1710,2025-01-08 17:04:20.064563,36.1,75.9,4.7,4.7,15,0.0,47.0,3.999500000000005,0,0.0
W1711,2024-07-13 17:04:20.064563,23.8,74.7,1.4,1.4,15,1.5,55.4,0.0,0,0.0
W1712,2025-05-06 17:04:20.064563,3.3,100.0,0.0,0.0,48,0.4,54.9,0.0,0,0.0
W1713,2024-04-08 17:04:20.064563,33.5,62.7,0.3,0.3,27,0.6,15.9,0.0,0,0.0
W1714,2025-02-13 17:04:20.064563,19.6,86.4,0.2,0.2,22,2.1,78.3,0.0,0,0.0
W1715,2024-09-09 17:04:20.064563,24.1,57.1,0.0,0.0,15,0.0,73.2,0.0,0,0.0
W1716,2025-12-10 17:04:20.064563,28.3,71.2,0.0,0.0,15,0.9,23.0,0.0,0,0.0
W1717,2025-07-02 17:04:20.064563,26.9,62.3,0.0,0.0,32,0.6,55.1,0.0,0,0.0
W1718,2026-02-22 17:04:20.064563,32.1,53.4,0.0,0.0,23,1.5,79.0,0.0,0,0.0
W1719,2025-03-23 17:04:20.064563,20.6,96.5,0.0,0.0,36,0.7,0.8,0.0,0,0.0
W1720,2024-06-16 17:04:20.064563,30.1,62.7,4.5,4.5,22,0.0,27.5,0.0,0,0.0
W1721,2025-06-08 17:04:20.064563,22.4,66.4,0.0,0.0,21,0.4,47.2,0.0,0,0.0
W1722,2024-07-04 17:04:20.064563,32.4,57.8,0.0,0.0,28,0.0,84.5,0.0,0,0.0
W1723,2024-11-22 17:04:20.064563,31.2,50.3,0.0,0.0,15,0.0,79.9,0.0,0,0.0
W1724,2025-06-07 17:04:20.064563,15.6,100.0,0.0,0.0,19,0.0,15.1,0.0,0,0.0
W1725,2025-11-11 17:04:20.064563,35.9,49.3,0.0,0.0,47,0.0,46.3,1.7999999999999972,0,0.0
W1726,2025-05-02 17:04:20.064563,19.6,85.8,1.9,1.9,16,0.0,30.5,0.0,0,0.0
W1727,2025-09-05 17:04:20.064563,33.1,73.9,0.1,0.1,15,0.0,40.1,0.6045000000000011,0,0.0
W1728,2024-06-06 17:04:20.064563,28.7,62.0,11.5,11.5,15,0.3,54.1,2.875,0,0.0
W1729,2025-04-27 17:04:20.064563,43.4,50.2,0.0,0.0,15,0.4,49.9,16.799999999999997,1,95.26
W1730,2025-01-29 17:04:20.064563,22.8,65.6,0.0,0.0,24,0.4,14.2,0.0,0,0.0
W1731,2025-02-28 17:04:20.064563,21.5,100.0,0.0,0.0,53,1.9,12.2,0.0,0,0.0
W1732,2024-10-30 17:04:20.064563,24.8,82.2,0.0,0.0,15,0.0,13.0,0.0,0,0.0
W1733,2025-02-22 17:04:20.064563,22.0,75.1,0.0,0.0,25,1.6,84.1,0.0,0,0.0
W1734,2024-09-06 17:04:20.064563,33.0,52.8,0.0,0.0,19,2.5,2.0,0.0,0,0.0
W1735,2024-06-04 17:04:20.064563,8.8,95.6,0.0,0.0,19,1.9,20.2,0.0,0,0.0
W1736,2025-08-22 17:04:20.064563,14.5,84.9,0.0,0.0,18,0.0,95.6,0.0,0,0.0
W1737,2025-12-26 17:04:20.064563,14.3,100.0,0.0,0.0,34,0.9,6.6,0.0,0,0.0
W1738,2024-07-12 17:04:20.064563,34.5,46.0,0.0,0.0,15,0.0,3.6,0.0,0,0.0
W1739,2025-09-12 17:04:20.064563,42.1,48.2,0.0,0.0,33,0.0,38.7,14.200000000000003,0,0.0
W1740,2025-08-22 17:04:20.064563,24.0,73.9,0.0,0.0,21,2.5,15.1,0.0,0,0.0
W1741,2024-10-02 17:04:20.064563,23.3,73.9,0.0,0.0,15,1.4,56.6,0.0,0,0.0
W1742,2025-03-10 17:04:20.064563,25.7,70.4,0.0,0.0,27,1.7,33.9,0.0,0,0.0
W1743,2025-03-12 17:04:20.064563,36.6,53.9,0.0,0.0,22,0.0,20.9,3.200000000000003,0,0.0
W1744,2026-01-07 17:04:20.064563,15.7,95.1,0.0,0.0,15,0.0,99.9,0.0,0,0.0
W1745,2024-08-16 17:04:20.064563,27.4,75.0,0.0,0.0,23,2.3,34.1,0.0,0,0.0
W1746,2024-11-14 17:04:20.064563,34.8,62.1,0.0,0.0,15,1.6,64.1,0.0,0,0.0
W1747,2024-07-01 17:04:20.064563,30.0,34.6,6.2,6.2,15,0.7,87.4,0.0,0,0.0
W1748,2024-08-14 17:04:20.064563,26.9,72.7,10.7,10.7,15,2.8,92.2,2.675,0,0.0
W1749,2024-12-05 17:04:20.064563,35.0,40.9,0.0,0.0,15,2.2,41.0,0.0,0,0.0
W1750,2024-10-06 17:04:20.064563,-2.0,100.0,2.5,2.7,15,0.3,97.6,6.0,0,0.0
W1751,2024-09-11 17:04:20.064563,31.8,77.1,0.0,0.0,15,0.0,72.5,0.6389999999999997,0,0.0
W1752,2025-11-24 17:04:20.064563,18.5,73.0,0.0,0.0,23,2.3,58.3,0.0,0,0.0
W1753,2024-08-21 17:04:20.064563,6.7,97.3,0.0,0.0,30,1.2,69.3,0.0,0,0.0
W1754,2026-01-18 17:04:20.064563,30.1,58.8,0.0,0.0,15,2.1,36.0,0.0,0,0.0
W1755,2024-06-03 17:04:20.064563,38.7,64.2,0.0,0.0,15,2.0,42.4,7.400000000000006,1,55.0
W1756,2024-09-15 17:04:20.064563,23.6,75.5,0.0,0.0,24,3.5,58.6,0.0,0,0.0
W1757,2025-12-21 17:04:20.064563,34.5,75.5,0.0,0.0,24,3.5,32.7,1.2375,0,0.0
W1758,2025-08-05 17:04:20.064563,41.1,52.5,0.0,0.0,15,1.9,76.9,12.200000000000003,0,0.0
W1759,2025-07-06 17:04:20.064563,38.1,55.2,0.9,0.9,57,2.8,25.1,6.200000000000003,1,40.41
W1760,2025-10-16 17:04:20.064563,41.4,48.6,0.3,0.3,26,2.4,79.7,12.799999999999997,1,115.56
W1761,2025-11-01 17:04:20.064563,32.4,69.5,0.0,0.0,19,4.7,15.2,0.0,0,0.0
W1762,2025-06-20 17:04:20.064563,25.8,54.0,0.0,0.0,15,3.4,21.7,0.0,0,0.0
W1763,2026-02-13 17:04:20.064563,9.0,97.4,0.0,0.0,43,1.8,75.3,0.0,0,0.0
W1764,2025-10-17 17:04:20.064563,22.5,75.5,0.0,0.0,34,2.3,26.3,0.0,0,0.0
W1765,2026-01-05 17:04:20.064563,16.6,92.4,7.0,7.0,15,2.4,79.5,0.0,0,0.0
W1766,2025-12-28 17:04:20.064563,45.0,40.6,0.0,0.0,15,1.4,78.4,20.0,1,184.88
W1767,2025-12-17 17:04:20.064563,23.2,64.8,4.8,4.8,15,4.1,25.7,0.0,1,18.79
W1768,2025-02-11 17:04:20.064563,26.2,70.7,0.0,0.0,24,4.7,7.3,0.0,0,0.0
W1769,2025-12-20 17:04:20.064563,30.5,53.4,0.0,0.0,37,5.4,16.6,0.0,0,0.0
W1770,2025-02-04 17:04:20.064563,25.4,52.6,0.0,0.0,15,2.7,75.3,0.0,0,0.0
W1771,2024-08-19 17:04:20.064563,42.0,54.3,0.0,0.0,24,3.8,84.7,14.0,1,136.56
W1772,2025-06-11 17:04:20.064563,18.8,87.6,0.0,0.0,60,5.6,38.3,0.0,0,0.0
W1773,2024-05-26 17:04:20.064563,26.9,74.3,0.0,0.0,27,4.7,16.4,0.0,1,51.72
W1774,2025-07-11 17:04:20.064563,17.6,96.7,0.0,0.0,15,7.2,7.5,0.0,0,0.0
W1775,2025-06-13 17:04:20.064563,11.8,85.7,0.0,0.0,15,6.1,21.6,0.0,0,0.0
W1776,2025-12-24 17:04:20.064563,18.9,67.4,0.0,0.0,17,2.2,98.0,0.0,0,0.0
W1777,2025-01-22 17:04:20.064563,24.6,72.4,2.4,2.4,15,7.9,17.0,0.0,0,0.0
W1778,2024-12-24 17:04:20.064563,20.7,75.5,7.4,7.4,15,5.2,8.6,0.0,0,0.0
W1779,2025-11-13 17:04:20.064563,18.1,74.5,0.0,0.0,39,4.8,78.5,0.0,0,0.0
W1780,2024-05-14 17:04:20.064563,10.9,92.8,2.6,2.6,24,4.6,61.5,0.0,0,0.0
W1781,2025-03-13 17:04:20.064563,24.2,67.6,0.0,0.0,19,4.6,53.5,0.0,0,0.0
W1782,2025-08-19 17:04:20.064563,10.0,76.7,0.0,0.0,15,5.9,44.8,0.0,0,0.0
W1783,2024-06-01 17:04:20.064563,32.6,56.7,0.0,0.0,46,4.0,70.2,0.0,0,0.0
W1784,2025-01-29 17:04:20.064563,25.8,59.9,0.0,0.0,23,3.9,69.8,0.0,0,0.0
W1785,2025-07-03 17:04:20.064563,10.4,96.7,0.5,0.5,32,4.8,42.4,0.0,0,0.0
W1786,2025-06-23 17:04:20.064563,21.9,70.6,0.0,0.0,15,4.4,23.4,0.0,0,0.0
W1787,2024-04-25 17:04:20.064563,17.5,94.9,0.0,0.0,23,4.7,84.1,0.0,0,0.0
W1788,2024-05-15 17:04:20.064563,28.2,83.8,8.1,8.1,15,5.2,16.5,0.0,0,0.0
W1789,2025-03-30 17:04:20.064563,38.4,59.2,2.2,2.2,15,5.0,53.4,6.799999999999997,1,83.77
W1790,2025-01-05 17:04:20.064563,6.2,85.1,0.0,0.0,15,4.3,69.3,0.0,0,0.0
W1791,2024-06-04 17:04:20.064563,26.2,85.8,0.0,0.0,33,5.1,63.9,0.0,0,0.0
W1792,2026-01-07 17:04:20.064563,23.4,90.7,0.0,0.0,39,4.6,61.9,0.0,1,18.05
W1793,2024-06-18 17:04:20.064563,31.7,62.6,0.0,0.0,20,4.3,66.3,0.0,0,0.0
W1794,2025-12-07 17:04:20.064563,27.1,82.5,0.0,0.0,15,4.3,87.6,0.0,0,0.0
W1795,2025-11-16 17:04:20.064563,17.5,78.3,0.0,0.0,28,6.0,36.5,0.0,0,0.0
W1796,2025-08-19 17:04:20.064563,21.8,58.6,0.0,0.0,51,3.8,62.7,0.0,0,0.0
W1797,2025-04-15 17:04:20.064563,17.0,76.8,0.0,0.0,17,4.5,69.7,0.0,0,0.0
W1798,2025-07-04 17:04:20.064563,35.8,73.7,3.5,3.5,29,6.3,59.0,2.6729999999999947,0,0.0
W1799,2025-11-02 17:04:20.064563,25.2,57.3,0.0,0.0,23,6.4,90.3,0.0,1,47.58
W1800,2025-10-06 17:04:20.064563,44.0,44.0,0.0,0.0,60,3.2,65.5,18.0,1,115.76
W1801,2024-04-29 17:04:20.064563,24.4,73.8,0.0,0.0,27,6.6,42.4,0.0,0,0.0
W1802,2025-06-21 17:04:20.064563,17.9,78.0,0.0,0.0,51,4.4,84.6,0.0,0,0.0
W1803,2025-10-24 17:04:20.064563,9.9,90.8,4.7,4.7,49,5.0,49.0,0.0,0,0.0
W1804,2026-01-14 17:04:20.064563,7.0,100.0,9.9,9.9,50,5.1,53.0,0.0,0,0.0
W1805,2024-09-26 17:04:20.064563,9.2,90.6,0.0,0.0,15,4.4,58.2,0.0,0,0.0
W1806,2025-02-10 17:04:20.064563,27.7,54.3,0.0,0.0,15,5.0,32.3,0.0,0,0.0
W1807,2025-11-27 17:04:20.064563,30.1,67.0,0.0,0.0,64,5.3,72.3,0.0,0,0.0
W1808,2025-07-18 17:04:20.064563,9.2,100.0,16.0,16.0,29,9.1,9.8,6.199999999999999,0,0.0
W1809,2025-08-13 17:04:20.064563,34.0,67.8,0.0,0.0,29,4.7,86.9,0.0,0,0.0
W1810,2024-08-19 17:04:20.064563,20.2,71.6,1.4,1.4,15,5.0,75.5,0.0,0,0.0
W1811,2024-05-20 17:04:20.064563,26.5,57.8,0.0,0.0,44,5.8,35.4,0.0,0,0.0
W1812,2025-06-22 17:04:20.064563,41.1,45.5,0.0,0.0,15,6.0,22.6,12.200000000000003,1,169.55
W1813,2024-07-01 17:04:20.064563,34.0,74.7,0.0,0.0,27,6.3,38.8,0.9400000000000006,0,0.0
W1814,2025-03-04 17:04:20.064563,22.3,83.0,0.0,0.0,47,3.7,80.5,0.0,0,0.0
W1815,2024-06-12 17:04:20.064563,16.1,92.9,0.0,0.0,51,8.9,3.2,1.8000000000000007,0,0.0
W1816,2025-08-16 17:04:20.064563,3.5,100.0,0.2,0.2,76,5.5,46.8,0.0,0,0.0
W1817,2026-01-08 17:04:20.064563,17.8,87.5,0.9,0.9,36,6.1,25.4,0.0,0,0.0
W1818,2024-09-10 17:04:20.064563,22.9,76.9,0.0,0.0,26,6.7,87.5,0.0,0,0.0
W1819,2024-04-27 17:04:20.064563,15.1,93.9,2.2,2.2,60,7.6,41.4,0.0,0,0.0
W1820,2024-11-26 17:04:20.064563,23.7,69.0,0.0,0.0,54,4.0,69.8,0.0,0,0.0
W1821,2026-03-12 17:04:20.064563,25.8,57.2,0.0,0.0,40,5.7,35.8,0.0,0,0.0
W1822,2025-06-09 17:04:20.064563,22.8,83.1,0.0,0.0,49,6.5,33.0,0.0,0,0.0
W1823,2025-06-10 17:04:20.064563,18.5,94.6,8.0,8.0,25,6.5,32.6,0.0,0,0.0
W1824,2025-09-05 17:04:20.064563,26.7,58.8,0.0,0.0,63,4.8,67.8,0.0,0,0.0
W1825,2025-09-04 17:04:20.064563,29.4,74.1,0.0,0.0,83,5.5,96.4,0.0,0,0.0
W1826,2025-12-02 17:04:20.064563,14.1,100.0,0.9,0.9,34,7.4,20.8,0.0,0,0.0
W1827,2024-08-27 17:04:20.064563,39.1,51.3,0.4,0.4,58,5.4,64.4,8.200000000000003,0,0.0
W1828,2025-03-25 17:04:20.064563,24.0,65.8,0.0,0.0,20,6.3,26.5,0.0,0,0.0
W1829,2025-04-03 17:04:20.064563,25.2,73.4,0.0,0.0,30,4.7,54.9,0.0,0,0.0
W1830,2025-01-01 17:04:20.064563,32.1,56.4,2.2,2.2,59,5.2,54.2,0.0,0,0.0
W1831,2025-04-18 17:04:20.064563,27.3,62.8,0.0,0.0,51,5.3,45.0,0.0,0,0.0
W1832,2025-05-10 17:04:20.064563,34.5,62.5,0.0,0.0,31,4.7,49.9,0.0,0,0.0
W1833,2025-02-27 17:04:20.064563,27.9,52.2,7.1,7.1,40,5.5,88.0,0.0,0,0.0
W1834,2026-02-11 17:04:20.064563,18.9,67.2,0.0,0.0,72,8.5,8.9,1.0,0,0.0
W1835,2025-11-20 17:04:20.064563,28.6,67.3,0.0,0.0,26,4.2,83.0,0.0,0,0.0
W1836,2024-05-10 17:04:20.064563,13.6,89.4,15.8,15.8,58,7.4,46.2,3.95,0,0.0
W1837,2025-12-24 17:04:20.064563,26.1,74.3,12.0,12.0,43,7.1,33.4,3.0,0,0.0
W1838,2026-01-09 17:04:20.064563,24.7,91.8,0.0,0.0,68,6.0,17.7,0.0,0,0.0
W1839,2025-02-23 17:04:20.064563,22.9,76.7,0.0,0.0,57,3.1,81.5,0.0,0,0.0
W1840,2024-05-24 17:04:20.064563,23.7,80.4,2.6,2.6,87,5.8,59.2,0.0,0,0.0
W1841,2025-02-18 17:04:20.064563,6.2,91.0,0.0,0.0,77,5.4,72.8,0.0,1,33.76
W1842,2024-06-22 17:04:20.064563,19.5,88.4,0.0,0.0,51,5.2,31.5,0.0,0,0.0
W1843,2025-10-10 17:04:20.064563,25.9,65.8,0.0,0.0,74,5.6,39.3,0.0,0,0.0
W1844,2026-02-10 17:04:20.064563,26.6,70.8,0.0,0.0,44,5.0,91.4,0.0,0,0.0
W1845,2025-04-17 17:04:20.064563,14.7,86.8,0.0,0.0,54,5.5,96.1,0.0,0,0.0
W1846,2025-01-02 17:04:20.064563,37.7,63.8,1.4,1.4,87,4.8,74.0,5.400000000000006,0,0.0
W1847,2024-12-01 17:04:20.064563,16.3,72.4,0.0,0.0,68,4.7,74.9,0.0,0,0.0
W1848,2026-01-19 17:04:20.064563,34.7,35.1,0.0,0.0,74,4.4,69.4,0.0,0,0.0
W1849,2025-11-25 17:04:20.064563,29.3,64.0,10.5,10.5,64,6.7,58.7,2.625,0,0.0
W1850,2024-08-18 17:04:20.064563,18.5,86.9,0.9,0.9,71,5.7,59.5,0.0,0,0.0
W1851,2025-02-22 17:04:20.064563,42.8,47.4,11.2,11.2,24,2.9,96.4,18.399999999999995,1,151.44
W1852,2024-06-09 17:04:20.064563,13.1,100.0,2.5,2.5,91,5.2,75.1,0.0,0,0.0
W1853,2025-11-04 17:04:20.064563,34.2,63.1,9.3,9.3,55,4.1,65.5,0.0,0,0.0
W1854,2026-01-26 17:04:20.064563,35.0,51.9,0.0,0.0,76,5.4,18.9,0.0,0,0.0
W1855,2024-08-09 17:04:20.064563,18.3,59.3,0.0,0.0,65,3.1,97.7,0.0,0,0.0
W1856,2025-03-11 17:04:20.064563,38.9,49.2,5.4,5.4,76,4.2,52.0,7.799999999999997,1,87.6
W1857,2025-01-29 17:04:20.064563,22.5,86.5,0.0,0.0,104,2.7,94.4,0.0,0,0.0
W1858,2026-01-18 17:04:20.064563,27.9,64.2,1.9,1.9,54,2.9,71.4,0.0,0,0.0
W1859,2026-03-03 17:04:20.064563,27.6,68.9,17.4,17.4,53,5.8,4.0,4.35,0,0.0
W1860,2026-01-25 17:04:20.064563,23.7,78.7,8.1,8.1,51,4.3,53.9,0.0,0,0.0
W1861,2025-04-23 17:04:20.064563,33.1,50.2,0.0,0.0,27,2.3,89.3,0.0,0,0.0
W1862,2024-07-28 17:04:20.064563,32.9,66.8,0.0,0.0,39,6.8,5.2,0.0,0,0.0
W1863,2025-11-17 17:04:20.064563,7.5,100.0,7.6,7.6,61,1.8,86.7,0.0,0,0.0
W1864,2026-03-13 17:04:20.064563,38.0,51.2,0.0,0.0,88,4.0,61.3,6.0,1,72.84
W1865,2024-06-12 17:04:20.064563,8.4,86.1,1.6,1.6,78,6.7,4.5,0.0,1,36.1
W1866,2025-01-29 17:04:20.064563,35.3,56.3,12.4,12.4,60,6.1,37.4,3.6999999999999944,1,22.5
W1867,2025-10-11 17:04:20.064563,36.3,33.4,0.0,0.0,121,5.3,3.0,2.5999999999999943,0,0.0
W1868,2025-04-07 17:04:20.064563,14.1,92.2,15.2,15.2,50,6.9,0.2,3.8,0,0.0
W1869,2026-01-05 17:04:20.064563,20.9,83.2,0.0,0.0,65,2.8,89.6,0.0,0,0.0
W1870,2025-02-17 17:04:20.064563,13.9,100.0,2.1,2.1,64,5.8,74.9,0.0,0,0.0
W1871,2024-07-26 17:04:20.064563,22.9,73.8,0.0,0.0,104,3.3,28.9,0.0,1,33.92
W1872,2026-02-02 17:04:20.064563,21.9,81.2,0.0,0.0,46,4.2,11.4,0.0,0,0.0
W1873,2026-03-07 17:04:20.064563,32.8,52.2,4.5,4.5,87,5.4,5.4,0.0,0,0.0
W1874,2026-02-17 17:04:20.064563,38.1,49.3,0.0,0.0,72,1.6,91.7,6.200000000000003,0,0.0
W1875,2025-09-08 17:04:20.064563,39.0,36.3,0.0,0.0,56,2.9,62.6,8.0,0,0.0
W1876,2024-06-21 17:04:20.064563,19.4,79.0,3.9,3.9,36,5.2,16.1,0.0,0,0.0
W1877,2026-01-08 17:04:20.064563,22.9,72.6,0.0,0.0,103,3.5,68.1,0.0,0,0.0
W1878,2026-02-02 17:04:20.064563,8.2,100.0,4.5,4.5,47,2.4,99.9,0.0,0,0.0
W1879,2025-05-25 17:04:20.064563,16.9,78.4,9.5,9.5,56,2.9,78.8,0.0,0,0.0
W1880,2025-08-20 17:04:20.064563,34.6,58.9,9.2,9.2,36,1.2,44.7,0.0,0,0.0
W1881,2025-03-23 17:04:20.064563,41.2,44.9,0.0,0.0,113,2.9,81.4,12.400000000000006,0,0.0
W1882,2024-04-05 17:04:20.064563,12.7,87.7,0.3,0.3,76,2.2,74.4,0.0,0,0.0
W1883,2025-03-24 17:04:20.064563,19.1,82.2,4.4,4.4,39,3.8,8.9,0.0,0,0.0
W1884,2025-01-28 17:04:20.064563,24.7,73.3,0.0,0.0,66,0.7,92.6,0.0,0,0.0
W1885,2024-09-18 17:04:20.064563,27.8,75.9,3.4,3.4,96,3.0,88.4,0.0,0,0.0
W1886,2024-10-23 17:04:20.064563,16.9,83.4,3.1,3.1,50,3.4,59.1,0.0,0,0.0
W1887,2025-03-02 17:04:20.064563,29.2,62.6,9.1,9.1,50,1.7,50.8,0.0,0,0.0
W1888,2025-07-28 17:04:20.064563,20.3,77.8,0.0,0.0,100,3.5,22.8,0.0,0,0.0
W1889,2024-09-30 17:04:20.064563,24.9,65.6,0.0,0.0,83,3.8,83.4,0.0,0,0.0
W1890,2024-11-04 17:04:20.064563,30.5,60.7,0.0,0.0,52,2.9,43.2,0.0,0,0.0
W1891,2024-08-05 17:04:20.064563,25.1,92.7,1.4,1.4,78,0.4,57.9,0.0,0,0.0
W1892,2024-08-23 17:04:20.064563,20.6,69.9,0.0,0.0,74,2.4,17.0,0.0,0,0.0
W1893,2024-06-05 17:04:20.064563,23.9,71.4,0.0,0.0,78,2.9,21.4,0.0,0,0.0
W1894,2025-01-14 17:04:20.064563,24.1,70.0,1.0,1.0,94,3.6,98.5,0.0,0,0.0
W1895,2024-06-29 17:04:20.064563,21.3,75.6,3.8,3.8,75,0.9,49.4,0.0,0,0.0
W1896,2025-08-19 17:04:20.064563,22.4,73.1,0.2,0.2,75,1.5,81.6,0.0,0,0.0
W1897,2025-09-21 17:04:20.064563,41.0,51.3,0.0,0.0,75,0.5,83.0,12.0,1,150.24
W1898,2025-09-08 17:04:20.064563,30.6,47.0,0.0,0.0,100,2.1,98.2,0.0,0,0.0
W1899,2024-04-25 17:04:20.064563,22.0,87.3,9.4,9.4,45,0.8,98.3,0.0,0,0.0
W1900,2026-01-24 17:04:20.064563,32.0,68.4,2.1,2.1,31,0.0,45.7,0.0,0,0.0
W1901,2025-02-25 17:04:20.064563,21.7,65.1,2.1,2.1,70,0.7,95.0,0.0,0,0.0
W1902,2025-12-10 17:04:20.064563,36.7,32.2,0.0,0.0,86,1.5,36.5,3.4000000000000057,0,0.0
W1903,2024-07-30 17:04:20.064563,28.7,57.2,0.0,0.0,70,1.6,60.8,0.0,0,0.0
W1904,2025-11-19 17:04:20.064563,23.9,71.7,0.0,0.0,68,1.2,82.2,0.0,0,0.0
W1905,2025-04-07 17:04:20.064563,29.5,91.6,4.5,4.5,63,1.5,91.4,0.0,0,0.0
W1906,2024-08-22 17:04:20.064563,9.3,100.0,0.0,0.0,79,0.9,52.4,0.0,0,0.0
W1907,2024-08-31 17:04:20.064563,13.7,71.3,0.0,0.0,53,1.1,41.8,0.0,0,0.0
W1908,2024-09-19 17:04:20.064563,13.1,83.5,0.0,0.0,92,0.7,72.9,0.0,0,0.0
W1909,2026-02-25 17:04:20.064563,26.4,69.8,0.0,0.0,26,0.4,45.6,0.0,0,0.0
W1910,2025-12-17 17:04:20.064563,42.3,49.0,5.6,5.6,79,1.1,67.2,14.599999999999994,1,139.63
W1911,2024-09-03 17:04:20.064563,45.0,29.4,0.0,0.0,86,1.3,80.4,20.0,1,305.77
W1912,2025-06-09 17:04:20.064563,31.4,61.6,11.1,11.1,67,0.3,84.1,2.775,0,0.0
W1913,2024-05-01 17:04:20.064563,30.0,57.8,0.0,0.0,41,0.0,25.4,0.0,0,0.0
W1914,2025-05-12 17:04:20.064563,7.0,88.5,0.0,0.0,85,0.0,57.1,0.0,0,0.0
W1915,2025-03-26 17:04:20.064563,19.6,83.2,0.4,0.4,68,0.5,2.5,0.0,0,0.0
W1916,2026-02-08 17:04:20.064563,17.1,92.1,0.0,0.0,112,0.0,79.8,0.0,0,0.0
W1917,2024-11-16 17:04:20.064563,18.8,90.2,0.0,0.0,87,0.2,12.5,0.0,0,0.0
W1918,2025-06-15 17:04:20.064563,23.3,80.8,0.0,0.0,56,0.1,87.2,0.0,0,0.0
W1919,2025-12-03 17:04:20.064563,20.3,74.6,0.0,0.0,46,1.1,40.7,0.0,0,0.0
W1920,2025-01-03 17:04:20.064563,5.2,100.0,10.8,10.8,46,1.4,16.7,2.7,0,0.0
W1921,2025-06-20 17:04:20.064563,32.5,64.4,0.0,0.0,96,0.0,79.6,0.0,0,0.0
W1922,2024-11-12 17:04:20.064563,14.3,89.9,0.0,0.0,102,0.0,20.0,0.0,0,0.0
W1923,2025-09-15 17:04:20.064563,27.4,62.8,0.0,0.0,83,0.0,39.4,0.0,0,0.0
W1924,2024-11-17 17:04:20.064563,45.0,37.5,0.0,0.0,81,1.2,56.7,20.0,1,146.55
W1925,2025-01-28 17:04:20.064563,15.8,87.0,3.0,3.0,67,0.0,36.0,0.0,0,0.0
W1926,2025-07-11 17:04:20.064563,-0.3,100.0,5.3,10.6,68,1.2,17.9,0.8999999999999999,0,0.0
W1927,2024-10-02 17:04:20.064563,22.1,79.8,0.0,0.0,103,0.3,40.6,0.0,0,0.0
W1928,2025-03-29 17:04:20.064563,36.0,49.9,0.0,0.0,72,0.0,14.4,2.0,0,0.0
W1929,2026-02-10 17:04:20.064563,44.6,34.8,0.0,0.0,92,0.0,71.9,19.200000000000003,1,120.98
W1930,2025-10-23 17:04:20.064563,12.7,86.0,0.0,0.0,68,0.0,17.2,0.0,0,0.0
W1931,2025-06-12 17:04:20.064563,30.0,86.8,0.0,0.0,99,0.6,48.2,0.0,0,0.0
W1932,2025-07-03 17:04:20.064563,20.3,75.5,0.0,0.0,90,0.1,56.0,0.0,0,0.0
W1933,2024-12-31 17:04:20.064563,23.9,83.2,0.0,0.0,98,0.2,94.5,0.0,0,0.0
W1934,2025-04-13 17:04:20.064563,45.0,38.7,0.0,0.0,116,0.0,7.8,20.0,1,460.05
W1935,2025-08-14 17:04:20.064563,10.0,97.7,0.0,0.0,26,1.1,93.0,0.0,0,0.0
W1936,2025-09-09 17:04:20.064563,27.5,76.6,0.0,0.0,93,0.1,20.8,0.0,0,0.0
W1937,2025-05-20 17:04:20.064563,29.7,59.8,5.0,5.0,77,0.0,84.1,0.0,0,0.0
W1938,2024-08-30 17:04:20.064563,35.9,49.8,1.9,1.9,83,0.3,9.0,1.7999999999999972,0,0.0
W1939,2024-10-08 17:04:20.064563,26.0,87.6,7.6,7.6,67,0.0,98.9,0.0,0,0.0
W1940,2025-11-27 17:04:20.064563,28.1,77.7,3.4,3.4,75,0.0,80.8,0.0,0,0.0
W1941,2024-08-06 17:04:20.064563,21.1,86.3,1.1,1.1,81,0.5,6.3,0.0,0,0.0
W1942,2024-11-29 17:04:20.064563,27.7,76.3,0.0,0.0,95,0.8,21.4,0.0,0,0.0
W1943,2024-05-10 17:04:20.064563,21.6,82.2,0.0,0.0,93,0.9,54.9,0.0,0,0.0
W1944,2026-01-03 17:04:20.064563,31.2,83.4,1.0,1.0,74,0.0,52.4,0.8039999999999999,0,0.0
W1945,2025-07-23 17:04:20.064563,21.3,78.5,0.0,0.0,72,0.1,62.9,0.0,0,0.0
W1946,2025-04-02 17:04:20.064563,28.8,72.6,0.0,0.0,76,0.0,46.4,0.0,0,0.0
W1947,2025-10-06 17:04:20.064563,24.7,58.4,7.8,7.8,52,0.8,73.4,0.0,0,0.0
W1948,2024-07-01 17:04:20.064563,36.3,47.4,0.0,0.0,111,0.0,34.8,2.5999999999999943,0,0.0
W1949,2026-03-16 17:04:20.064563,24.5,61.3,0.0,0.0,49,0.2,17.6,0.0,0,0.0
W1950,2025-08-28 17:04:20.064563,7.3,100.0,0.0,0.0,90,0.9,3.4,0.0,0,0.0
W1951,2024-07-23 17:04:20.064563,37.6,28.0,0.0,0.0,89,0.1,32.5,5.200000000000003,0,0.0
W1952,2025-01-03 17:04:20.064563,15.9,82.1,0.0,0.0,63,0.3,42.7,0.0,1,23.41
W1953,2024-06-11 17:04:20.064563,18.5,52.4,0.0,0.0,80,0.0,65.9,0.0,0,0.0
W1954,2024-08-29 17:04:20.064563,19.0,73.1,0.6,0.6,97,0.0,80.6,0.0,0,0.0
W1955,2024-12-22 17:04:20.064563,38.7,47.0,0.0,0.0,66,0.0,24.0,7.400000000000006,0,0.0
W1956,2025-06-21 17:04:20.064563,3.6,100.0,5.9,5.9,87,0.0,49.3,0.0,0,0.0
W1957,2025-08-25 17:04:20.064563,45.0,46.5,0.0,0.0,95,0.0,23.4,20.0,1,470.57
W1958,2024-08-15 17:04:20.064563,35.6,48.3,0.0,0.0,58,0.5,95.1,1.2000000000000028,0,0.0
W1959,2025-06-08 17:04:20.064563,27.2,79.8,0.0,0.0,50,0.0,64.8,0.0,0,0.0
W1960,2024-06-19 17:04:20.064563,24.5,73.5,4.1,4.1,66,0.0,67.8,0.0,0,0.0
W1961,2024-10-31 17:04:20.064563,27.9,68.6,2.3,2.3,42,0.7,53.1,0.0,0,0.0
W1962,2025-06-22 17:04:20.064563,30.2,52.7,0.0,0.0,15,0.0,28.2,0.0,0,0.0
W1963,2025-03-10 17:04:20.064563,31.5,52.9,1.2,1.2,58,0.3,20.0,0.0,0,0.0
W1964,2024-04-14 17:04:20.064563,30.6,55.9,0.0,0.0,113,0.0,65.7,0.0,0,0.0
W1965,2025-05-16 17:04:20.064563,25.9,71.6,0.0,0.0,61,0.6,92.2,0.0,0,0.0
W1966,2024-05-11 17:04:20.064563,23.0,76.2,0.0,0.0,77,1.4,21.3,0.0,0,0.0
W1967,2025-04-27 17:04:20.064563,23.5,90.2,29.1,29.1,25,1.4,57.2,14.55,1,80.7
W1968,2025-08-14 17:04:20.064563,23.1,79.3,0.0,0.0,68,0.0,52.9,0.0,0,0.0
W1969,2025-04-04 17:04:20.064563,36.3,28.4,0.0,0.0,61,0.0,64.2,2.5999999999999943,0,0.0
W1970,2024-11-14 17:04:20.064563,30.9,66.2,0.0,0.0,92,0.2,58.8,0.0,0,0.0
W1971,2025-04-17 17:04:20.064563,-4.4,100.0,0.0,2.3,68,1.9,27.3,13.200000000000001,1,97.98
W1972,2024-06-09 17:04:20.064563,31.6,53.0,0.0,0.0,65,0.0,69.1,0.0,0,0.0
W1973,2025-04-05 17:04:20.064563,26.9,61.5,18.7,18.7,45,0.0,27.3,4.675,0,0.0
W1974,2024-11-02 17:04:20.064563,24.8,66.1,9.8,9.8,26,0.9,65.3,0.0,0,0.0
W1975,2024-04-15 17:04:20.064563,21.1,64.6,0.0,0.0,40,0.0,30.0,0.0,0,0.0
W1976,2025-02-07 17:04:20.064563,36.2,57.7,2.3,2.3,28,0.7,8.2,2.4000000000000057,0,0.0
W1977,2024-06-27 17:04:20.064563,34.5,44.2,0.0,0.0,76,0.0,12.7,0.0,0,0.0
W1978,2026-01-12 17:04:20.064563,17.3,87.7,0.0,0.0,61,0.4,83.4,0.0,0,0.0
W1979,2025-02-24 17:04:20.064563,29.1,88.8,0.0,0.0,80,0.0,12.1,0.0,0,0.0
W1980,2024-08-14 17:04:20.064563,15.3,73.8,9.3,9.3,46,0.0,33.1,0.0,0,0.0
W1981,2024-08-05 17:04:20.064563,11.2,90.3,0.0,0.0,35,0.1,28.8,0.0,0,0.0
W1982,2024-04-26 17:04:20.064563,18.7,56.7,0.0,0.0,55,0.0,5.8,0.0,0,0.0
W1983,2025-01-05 17:04:20.064563,33.6,56.6,1.9,1.9,76,0.5,60.0,0.0,0,0.0
W1984,2025-07-14 17:04:20.064563,34.5,64.6,0.0,0.0,56,0.0,79.9,0.0,0,0.0
W1985,2026-02-28 17:04:20.064563,30.1,72.0,0.0,0.0,85,0.0,99.2,0.010000000000000142,0,0.0
W1986,2024-08-07 17:04:20.064563,32.3,62.4,0.0,0.0,51,0.3,93.6,0.0,0,0.0
W1987,2026-03-10 17:04:20.064563,30.2,73.6,2.0,2.0,70,0.3,4.9,0.03599999999999982,0,0.0
W1988,2025-07-11 17:04:20.064563,18.6,100.0,9.3,9.3,15,0.0,25.8,0.0,0,0.0
W1989,2025-06-20 17:04:20.064563,29.3,83.1,0.3,0.3,54,0.0,41.2,0.0,0,0.0
W1990,2025-12-08 17:04:20.064563,33.0,55.3,0.0,0.0,51,0.0,87.5,0.0,0,0.0
W1991,2024-03-23 17:04:20.064563,32.5,46.7,0.0,0.0,30,0.1,36.0,0.0,0,0.0
W1992,2024-06-07 17:04:20.064563,36.9,50.6,0.0,0.0,80,0.0,57.0,3.799999999999997,0,0.0
W1993,2024-04-06 17:04:20.064563,32.1,52.4,0.0,0.0,44,0.4,66.0,0.0,0,0.0
W1994,2024-12-05 17:04:20.064563,28.5,71.7,0.0,0.0,42,0.5,29.8,0.0,0,0.0
W1995,2024-10-24 17:04:20.064563,35.7,44.6,0.0,0.0,82,0.0,58.2,1.4000000000000057,0,0.0
W1996,2024-08-18 17:04:20.064563,24.7,72.2,11.3,11.3,36,0.0,5.1,2.825,0,0.0
W1997,2025-09-30 17:04:20.064563,16.2,94.1,0.0,0.0,70,0.0,48.0,0.0,0,0.0
W1998,2025-12-01 17:04:20.064563,23.4,73.9,5.9,5.9,15,0.1,37.9,0.0,0,0.0
W1999,2025-09-09 17:04:20.064563,17.6,74.2,0.0,0.0,38,0.0,35.6,0.0,0,0.0
W2000,2025-05-25 17:04:20.064563,18.2,94.4,1.4,1.4,92,0.0,23.5,0.0,0,0.0
W2001,2024-07-09 17:04:20.064563,23.6,55.9,8.6,8.6,53,2.1,81.8,0.0,0,0.0
W2002,2025-01-07 17:04:20.064563,17.1,81.1,1.7,1.7,27,0.0,88.2,0.0,0,0.0
W2003,2024-11-16 17:04:20.064563,21.9,76.7,0.0,0.0,56,0.0,88.8,0.0,0,0.0
W2004,2025-01-20 17:04:20.064563,6.1,100.0,0.0,0.0,31,0.0,39.6,0.0,0,0.0
W2005,2024-07-20 17:04:20.064563,27.1,71.1,0.0,0.0,79,0.0,25.9,0.0,0,0.0
W2006,2024-05-05 17:04:20.064563,25.0,78.6,0.0,0.0,15,1.8,9.8,0.0,0,0.0
W2007,2024-11-17 17:04:20.064563,16.8,84.4,0.0,0.0,55,0.8,67.2,0.0,0,0.0
W2008,2025-05-21 17:04:20.064563,31.6,58.9,0.0,0.0,54,2.4,33.0,0.0,0,0.0
W2009,2026-01-01 17:04:20.064563,34.4,54.4,5.0,5.0,16,0.4,27.7,0.0,0,0.0
W2010,2025-12-15 17:04:20.064563,8.9,90.5,0.0,0.0,43,0.0,37.1,0.0,0,0.0
W2011,2025-06-29 17:04:20.064563,17.4,91.8,4.4,4.4,46,0.3,55.5,0.0,0,0.0
W2012,2024-05-21 17:04:20.064563,17.3,77.6,0.0,0.0,15,0.5,16.2,0.0,0,0.0
W2013,2024-07-09 17:04:20.064563,15.6,95.1,0.0,0.0,21,0.6,96.1,0.0,0,0.0
W2014,2025-08-11 17:04:20.064563,33.3,60.2,0.0,0.0,43,0.0,73.3,0.0,0,0.0
W2015,2025-11-19 17:04:20.064563,23.1,70.2,1.2,1.2,27,1.8,4.7,0.0,0,0.0
W2016,2025-09-17 17:04:20.064563,22.4,82.7,0.0,0.0,36,0.0,30.7,0.0,0,0.0
W2017,2024-04-03 17:04:20.064563,5.0,95.3,0.0,0.0,44,0.3,5.0,0.0,0,0.0
W2018,2025-12-25 17:04:20.064563,31.4,69.4,0.0,0.0,26,0.0,22.9,0.0,0,0.0
W2019,2025-08-27 17:04:20.064563,12.6,93.2,0.0,0.0,43,0.0,28.7,0.0,0,0.0
W2020,2025-10-27 17:04:20.064563,25.6,65.6,8.7,8.7,32,0.2,71.8,0.0,0,0.0
W2021,2024-11-20 17:04:20.064563,27.8,73.6,0.0,0.0,58,1.3,71.9,0.0,0,0.0
W2022,2024-08-12 17:04:20.064563,38.6,57.6,2.6,2.6,15,0.4,4.5,7.200000000000003,0,0.0
W2023,2025-01-10 17:04:20.064563,11.9,100.0,0.0,0.0,29,0.3,58.8,0.0,0,0.0
W2024,2025-05-31 17:04:20.064563,-5.0,100.0,0.5,0.7,52,0.0,96.1,15.0,1,167.87
W2025,2024-03-19 17:04:20.064563,26.8,74.7,0.0,0.0,15,0.9,62.8,0.0,0,0.0
W2026,2025-12-07 17:04:20.064563,43.0,34.2,0.0,0.0,42,0.0,96.1,16.0,1,149.0
W2027,2025-03-14 17:04:20.064563,37.4,78.4,0.0,0.0,40,0.5,38.1,7.907999999999999,1,99.3
W2028,2024-11-19 17:04:20.064563,27.1,55.3,0.0,0.0,15,0.9,46.0,0.0,0,0.0
W2029,2025-10-23 17:04:20.064563,20.1,89.4,4.9,4.9,19,0.2,49.5,0.0,0,0.0
W2030,2025-05-18 17:04:20.064563,33.1,64.7,0.0,0.0,45,0.0,92.4,0.0,0,0.0
W2031,2024-09-25 17:04:20.064563,15.3,75.4,0.0,0.0,33,1.4,38.0,0.0,1,32.0
W2032,2026-01-27 17:04:20.064563,29.8,64.1,0.0,0.0,28,1.8,98.3,0.0,0,0.0
W2033,2026-01-31 17:04:20.064563,30.1,64.1,7.9,7.9,24,0.8,54.3,0.0,0,0.0
W2034,2024-06-13 17:04:20.064563,35.6,69.7,2.1,2.1,52,0.0,21.8,1.2000000000000028,0,0.0
W2035,2025-09-05 17:04:20.064563,45.0,35.4,0.0,0.0,47,1.2,10.4,20.0,1,236.46
W2036,2025-03-22 17:04:20.064563,28.9,64.0,0.0,0.0,20,0.0,17.3,0.0,1,42.73
W2037,2024-05-26 17:04:20.064563,19.9,56.8,2.5,2.5,15,0.0,3.9,0.0,0,0.0
W2038,2025-09-07 17:04:20.064563,24.7,90.2,0.0,0.0,45,1.2,69.2,0.0,0,0.0
W2039,2025-09-26 17:04:20.064563,7.3,88.3,0.0,0.0,15,0.6,51.7,0.0,0,0.0
W2040,2025-08-19 17:04:20.064563,18.1,86.2,0.0,0.0,23,0.0,73.8,0.0,0,0.0
W2041,2025-08-19 17:04:20.064563,20.9,77.6,0.8,0.8,36,0.2,78.2,0.0,0,0.0
W2042,2025-10-06 17:04:20.064563,19.8,79.4,0.0,0.0,56,1.2,93.1,0.0,0,0.0
W2043,2024-04-07 17:04:20.064563,26.5,78.3,0.0,0.0,58,0.0,11.7,0.0,0,0.0
W2044,2025-04-21 17:04:20.064563,16.8,100.0,3.6,3.6,26,1.0,18.6,0.0,0,0.0
W2045,2025-07-12 17:04:20.064563,36.2,58.2,0.0,0.0,21,0.0,54.8,2.4000000000000057,0,0.0
W2046,2024-05-01 17:04:20.064563,25.0,79.0,3.0,3.0,15,0.0,13.0,0.0,0,0.0
W2047,2025-12-28 17:04:20.064563,24.9,75.9,0.0,0.0,70,0.5,9.3,0.0,0,0.0
W2048,2025-04-18 17:04:20.064563,21.7,87.6,1.0,1.0,22,0.0,66.6,0.0,0,0.0
W2049,2025-04-04 17:04:20.064563,26.6,65.5,0.0,0.0,43,1.2,72.5,0.0,0,0.0
W2050,2024-12-02 17:04:20.064563,33.3,70.9,0.0,0.0,33,0.0,84.3,0.1485000000000008,0,0.0
W2051,2024-04-03 17:04:20.064563,16.3,96.6,12.7,12.7,15,0.8,91.6,3.175,0,0.0
W2052,2025-03-18 17:04:20.064563,18.4,93.2,0.0,0.0,18,0.1,44.2,0.0,0,0.0
W2053,2024-05-26 17:04:20.064563,22.0,70.5,0.0,0.0,15,0.0,98.0,0.0,0,0.0
W2054,2025-03-06 17:04:20.064563,11.5,91.0,0.0,0.0,50,0.4,3.8,0.0,0,0.0
W2055,2024-11-19 17:04:20.064563,16.8,87.2,4.1,4.1,17,0.0,87.0,0.0,0,0.0
W2056,2026-01-19 17:04:20.064563,20.2,65.9,1.4,1.4,53,1.5,32.1,0.0,0,0.0
W2057,2025-12-21 17:04:20.064563,33.7,75.3,0.0,0.0,18,0.6,92.2,0.9805000000000001,0,0.0
W2058,2024-07-02 17:04:20.064563,27.6,68.4,1.7,1.7,17,0.4,22.3,0.0,0,0.0
W2059,2025-11-03 17:04:20.064563,26.9,72.4,0.0,0.0,15,0.0,74.1,0.0,0,0.0
W2060,2025-02-21 17:04:20.064563,33.5,54.0,3.5,3.5,15,0.1,42.5,0.0,0,0.0
W2061,2024-08-01 17:04:20.064563,23.6,61.3,0.0,0.0,15,0.0,38.1,0.0,0,0.0
W2062,2024-05-02 17:04:20.064563,28.9,60.6,0.0,0.0,33,0.0,5.9,0.0,0,0.0
W2063,2025-03-13 17:04:20.064563,24.0,76.2,0.0,0.0,27,1.2,70.6,0.0,0,0.0
W2064,2025-09-28 17:04:20.064563,27.7,75.3,0.0,0.0,54,0.0,17.5,0.0,0,0.0
W2065,2025-02-27 17:04:20.064563,19.2,82.9,0.0,0.0,15,0.0,46.3,0.0,0,0.0
W2066,2026-01-05 17:04:20.064563,0.6,100.0,0.0,1.0,48,0.5,14.1,0.0,0,0.0
W2067,2024-09-13 17:04:20.064563,23.7,71.1,0.0,0.0,15,0.8,60.4,0.0,0,0.0
W2068,2026-02-17 17:04:20.064563,39.2,56.1,0.0,0.0,30,1.6,23.1,8.400000000000006,0,0.0
W2069,2025-07-06 17:04:20.064563,34.3,73.4,0.0,0.0,15,0.9,59.4,0.7310000000000008,0,0.0
W2070,2026-02-28 17:04:20.064563,34.7,65.1,0.0,0.0,27,0.0,94.7,0.0,0,0.0
W2071,2025-07-21 17:04:20.064563,37.4,62.1,0.0,0.0,15,0.3,92.1,4.799999999999997,0,0.0
W2072,2025-12-24 17:04:20.064563,25.9,74.1,0.0,0.0,15,0.4,20.0,0.0,0,0.0
W2073,2024-09-20 17:04:20.064563,27.0,54.5,0.0,0.0,25,0.4,9.9,0.0,0,0.0
W2074,2024-08-03 17:04:20.064563,18.8,71.3,4.2,4.2,49,0.0,4.3,0.0,0,0.0
W2075,2024-05-21 17:04:20.064563,21.8,81.8,0.4,0.4,15,0.0,82.9,0.0,0,0.0
W2076,2025-06-29 17:04:20.064563,31.2,63.2,6.8,6.8,15,0.5,24.9,0.0,0,0.0
W2077,2024-04-24 17:04:20.064563,37.0,58.8,0.0,0.0,15,1.1,28.4,4.0,0,0.0
W2078,2025-01-12 17:04:20.064563,23.6,91.4,0.0,0.0,15,0.0,22.6,0.0,0,0.0
W2079,2024-10-10 17:04:20.064563,20.5,86.5,0.0,0.0,15,0.0,84.0,0.0,0,0.0
W2080,2024-05-01 17:04:20.064563,25.0,85.1,7.1,7.1,15,0.0,97.9,0.0,0,0.0
W2081,2024-10-08 17:04:20.064563,31.0,64.4,0.0,0.0,30,0.0,75.5,0.0,0,0.0
W2082,2024-04-29 17:04:20.064563,10.6,86.1,0.0,0.0,22,0.9,82.4,0.0,0,0.0
W2083,2025-02-04 17:04:20.064563,2.0,100.0,0.0,0.0,15,0.0,62.1,0.0,1,43.72
W2084,2025-01-29 17:04:20.064563,19.5,72.7,14.4,14.4,15,0.9,52.9,3.6,0,0.0
W2085,2025-08-27 17:04:20.064563,12.8,100.0,0.0,0.0,29,1.4,72.2,0.0,0,0.0
W2086,2025-04-29 17:04:20.064563,19.9,88.0,4.0,4.0,15,0.0,3.6,0.0,0,0.0
W2087,2025-09-25 17:04:20.064563,23.5,79.9,2.3,2.3,48,0.0,6.1,0.0,0,0.0
W2088,2025-07-15 17:04:20.064563,20.5,91.7,10.0,10.0,15,0.2,68.7,0.0,0,0.0
W2089,2024-12-02 17:04:20.064563,39.5,30.5,0.0,0.0,43,0.0,33.5,9.0,0,0.0
W2090,2024-04-24 17:04:20.064563,28.3,73.5,0.0,0.0,31,0.0,48.9,0.0,0,0.0
W2091,2026-01-09 17:04:20.064563,28.0,54.9,5.1,5.1,26,0.0,78.2,0.0,0,0.0
W2092,2024-09-29 17:04:20.064563,31.2,63.1,0.2,0.2,28,0.9,57.7,0.0,0,0.0
W2093,2025-01-04 17:04:20.064563,13.6,86.5,0.0,0.0,29,1.7,80.5,0.0,0,0.0
W2094,2025-03-18 17:04:20.064563,35.4,63.5,0.0,0.0,15,0.0,41.9,0.7999999999999972,0,0.0
W2095,2024-05-05 17:04:20.064563,24.2,75.9,1.7,1.7,15,0.0,28.7,0.0,0,0.0
W2096,2026-01-18 17:04:20.064563,31.7,75.9,0.0,0.0,15,0.9,23.5,0.5015000000000003,0,0.0
W2097,2025-02-20 17:04:20.064563,14.3,82.6,0.0,0.0,45,0.0,13.2,0.0,0,0.0
W2098,2024-12-22 17:04:20.064563,9.5,100.0,8.5,8.5,15,0.0,3.7,0.0,0,0.0
W2099,2024-07-23 17:04:20.064563,33.2,61.9,0.0,0.0,15,0.0,5.3,0.0,0,0.0
W2100,2025-03-29 17:04:20.064563,28.8,50.5,3.8,3.8,28,0.0,27.1,0.0,0,0.0
W2101,2025-06-08 17:04:20.064563,16.0,76.8,0.0,0.0,26,0.7,27.8,0.0,0,0.0
W2102,2025-05-01 17:04:20.064563,16.3,84.0,9.0,9.0,15,0.0,38.2,0.0,0,0.0
W2103,2025-06-11 17:04:20.064563,36.3,66.7,3.4,3.4,35,0.0,59.2,2.5999999999999943,0,0.0
W2104,2025-04-17 17:04:20.064563,13.1,95.0,0.0,0.0,25,0.0,75.9,0.0,0,0.0
W2105,2025-02-28 17:04:20.064563,41.4,36.2,0.0,0.0,15,0.9,19.8,12.799999999999997,1,132.44
W2106,2024-09-25 17:04:20.064563,16.0,84.6,5.4,5.4,15,0.0,75.9,0.0,0,0.0
W2107,2025-08-08 17:04:20.064563,31.4,83.1,6.9,6.9,16,3.1,13.9,0.9169999999999987,0,0.0
W2108,2026-02-24 17:04:20.064563,21.7,78.5,5.5,5.5,15,0.3,98.9,0.0,0,0.0
W2109,2025-08-09 17:04:20.064563,31.0,60.2,0.0,0.0,15,0.0,28.5,0.0,0,0.0
W2110,2025-03-29 17:04:20.064563,19.6,85.6,0.0,0.0,42,0.0,83.7,0.0,0,0.0
W2111,2025-08-31 17:04:20.064563,23.4,82.6,0.0,0.0,16,2.1,19.0,0.0,0,0.0
W2112,2024-12-16 17:04:20.064563,25.4,67.3,0.0,0.0,15,2.3,95.1,0.0,0,0.0
W2113,2024-06-10 17:04:20.064563,15.0,92.6,0.0,0.0,15,1.3,82.7,0.0,0,0.0
W2114,2025-05-26 17:04:20.064563,32.4,58.1,0.0,0.0,15,1.8,35.9,0.0,0,0.0
W2115,2024-06-06 17:04:20.064563,19.9,87.4,0.0,0.0,15,0.2,42.1,0.0,0,0.0
W2116,2025-06-01 17:04:20.064563,22.7,77.6,0.0,0.0,54,3.8,0.4,0.0,0,0.0
W2117,2025-11-24 17:04:20.064563,15.1,92.2,0.0,0.0,15,2.7,25.1,0.0,0,0.0
W2118,2024-09-18 17:04:20.064563,-0.6,100.0,17.0,17.7,15,2.5,28.9,6.05,0,0.0
W2119,2025-09-27 17:04:20.064563,23.1,67.2,4.7,4.7,15,2.1,45.3,0.0,0,0.0
W2120,2025-01-12 17:04:20.064563,45.0,52.0,0.3,0.3,32,3.2,13.9,20.0,1,380.65
W2121,2025-02-09 17:04:20.064563,32.8,59.9,0.0,0.0,25,1.5,47.9,0.0,0,0.0
W2122,2024-07-01 17:04:20.064563,24.8,75.6,0.0,0.0,22,3.0,66.8,0.0,0,0.0
W2123,2024-06-07 17:04:20.064563,22.4,73.4,2.3,2.3,21,3.4,37.1,0.0,1,23.71
W2124,2025-02-16 17:04:20.064563,25.2,81.2,0.0,0.0,31,2.9,23.2,0.0,0,0.0
W2125,2026-01-23 17:04:20.064563,30.5,58.2,0.0,0.0,18,2.3,54.8,0.0,0,0.0
W2126,2025-01-14 17:04:20.064563,13.2,88.9,0.0,0.0,19,1.4,2.9,0.0,0,0.0
W2127,2025-01-25 17:04:20.064563,36.1,63.6,3.2,3.2,28,1.4,34.1,2.200000000000003,0,0.0
W2128,2025-06-17 17:04:20.064563,32.2,73.5,0.0,0.0,15,3.4,52.8,0.3850000000000005,0,0.0
W2129,2025-11-25 17:04:20.064563,32.2,56.5,0.0,0.0,15,4.2,33.6,0.0,0,0.0
W2130,2025-05-28 17:04:20.064563,29.4,85.5,1.4,1.4,25,4.5,34.5,0.0,0,0.0
W2131,2024-09-04 17:04:20.064563,25.2,75.3,0.0,0.0,15,1.1,84.8,0.0,0,0.0
W2132,2026-02-22 17:04:20.064563,31.7,52.0,0.0,0.0,15,4.6,93.4,0.0,0,0.0
W2133,2025-06-15 17:04:20.064563,30.9,67.3,2.1,2.1,56,3.6,82.7,0.0,1,22.05
W2134,2025-03-12 17:04:20.064563,21.5,74.0,0.0,0.0,56,3.8,9.9,0.0,0,0.0
W2135,2025-06-18 17:04:20.064563,19.3,85.4,0.0,0.0,15,4.2,29.0,0.0,0,0.0
W2136,2024-04-30 17:04:20.064563,26.0,70.5,0.0,0.0,45,1.4,71.1,0.0,0,0.0
W2137,2025-03-14 17:04:20.064563,40.5,50.0,0.0,0.0,46,1.9,97.4,11.0,1,125.18
W2138,2025-12-07 17:04:20.064563,12.6,82.0,16.3,16.3,15,4.9,24.2,4.075,0,0.0
W2139,2025-06-06 17:04:20.064563,10.3,100.0,0.0,0.0,25,2.9,89.8,0.0,0,0.0
W2140,2024-12-24 17:04:20.064563,26.6,58.5,2.8,2.8,34,5.0,73.9,0.0,0,0.0
W2141,2026-01-01 17:04:20.064563,25.5,60.6,0.0,0.0,43,1.2,98.3,0.0,0,0.0
W2142,2024-05-15 17:04:20.064563,26.7,73.6,0.7,0.7,39,5.1,9.4,0.0,0,0.0
W2143,2024-06-02 17:04:20.064563,27.4,84.9,0.0,0.0,15,3.3,39.5,0.0,0,0.0
W2144,2026-02-03 17:04:20.064563,22.8,72.3,3.6,3.6,62,5.8,47.8,0.0,0,0.0
W2145,2025-12-30 17:04:20.064563,39.9,57.2,0.0,0.0,77,4.1,67.2,9.799999999999997,1,89.57
W2146,2025-05-07 17:04:20.064563,9.0,100.0,1.4,1.4,15,3.9,65.4,0.0,0,0.0
W2147,2025-03-25 17:04:20.064563,16.7,93.1,0.0,0.0,39,3.1,90.6,0.0,0,0.0
W2148,2025-08-25 17:04:20.064563,24.0,70.9,1.7,1.7,67,2.6,83.9,0.0,1,36.34
W2149,2026-02-11 17:04:20.064563,8.6,86.2,0.0,0.0,50,7.1,5.5,0.0,0,0.0
W2150,2024-08-28 17:04:20.064563,23.2,53.1,0.9,0.9,49,4.8,48.7,0.0,0,0.0
W2151,2024-04-18 17:04:20.064563,41.6,44.9,0.0,0.0,15,5.2,40.7,13.200000000000003,1,139.84
W2152,2024-08-11 17:04:20.064563,25.2,84.0,0.0,0.0,47,3.8,99.7,0.0,0,0.0
W2153,2025-11-30 17:04:20.064563,27.3,57.8,0.0,0.0,36,4.2,42.7,0.0,0,0.0
W2154,2026-02-10 17:04:20.064563,12.4,98.4,0.3,0.3,47,6.3,68.3,0.0,0,0.0
W2155,2025-06-09 17:04:20.064563,18.8,72.2,1.0,1.0,15,7.2,28.4,0.0,0,0.0
W2156,2024-04-22 17:04:20.064563,21.2,79.2,0.6,0.6,15,4.6,61.5,0.0,0,0.0
W2157,2024-07-25 17:04:20.064563,21.8,84.3,0.0,0.0,31,5.7,20.7,0.0,0,0.0
W2158,2024-05-25 17:04:20.064563,37.8,46.7,0.0,0.0,26,5.4,60.4,5.599999999999994,0,0.0
W2159,2024-11-14 17:04:20.064563,30.6,65.8,0.0,0.0,31,5.0,86.8,0.0,0,0.0
W2160,2026-01-07 17:04:20.064563,13.9,85.0,0.0,0.0,25,8.6,1.9,1.1999999999999993,0,0.0
W2161,2025-03-28 17:04:20.064563,27.5,75.9,0.5,0.5,30,5.9,50.5,0.0,0,0.0
W2162,2025-03-23 17:04:20.064563,30.0,67.4,0.0,0.0,22,3.7,98.2,0.0,0,0.0
W2163,2025-04-14 17:04:20.064563,36.4,56.0,0.0,0.0,35,6.7,15.9,2.799999999999997,0,0.0
W2164,2025-10-19 17:04:20.064563,40.8,64.4,0.0,0.0,15,4.7,18.3,11.599999999999994,1,179.91
W2165,2024-04-20 17:04:20.064563,14.8,94.3,4.6,4.6,38,5.1,47.1,0.0,0,0.0
W2166,2025-11-27 17:04:20.064563,16.9,77.8,0.0,0.0,43,4.5,87.1,0.0,0,0.0
W2167,2024-08-22 17:04:20.064563,12.4,90.5,0.0,0.0,15,3.0,56.3,0.0,0,0.0
W2168,2026-02-11 17:04:20.064563,22.7,75.3,0.0,0.0,65,5.7,50.9,0.0,0,0.0
W2169,2025-06-21 17:04:20.064563,29.7,66.3,0.0,0.0,22,6.3,8.7,0.0,0,0.0
W2170,2025-04-01 17:04:20.064563,34.9,82.9,0.1,0.1,63,5.5,96.2,3.1605000000000003,0,0.0
W2171,2025-04-02 17:04:20.064563,24.2,77.3,19.9,19.9,15,6.0,34.7,4.975,0,0.0
W2172,2025-06-15 17:04:20.064563,21.8,56.9,0.0,0.0,60,6.4,25.2,0.0,0,0.0
W2173,2024-06-04 17:04:20.064563,26.5,64.8,0.0,0.0,44,5.9,41.2,0.0,0,0.0
W2174,2025-10-26 17:04:20.064563,16.6,65.7,0.0,0.0,53,6.1,41.4,0.0,0,0.0
W2175,2024-08-05 17:04:20.064563,45.0,39.2,0.0,0.0,62,6.8,45.9,20.0,1,262.97
W2176,2025-09-11 17:04:20.064563,8.9,76.7,0.0,0.0,80,4.7,68.9,0.0,0,0.0
W2177,2025-03-28 17:04:20.064563,26.8,61.0,6.0,6.0,52,4.4,86.8,0.0,0,0.0
W2178,2025-04-29 17:04:20.064563,45.0,27.3,0.0,0.0,52,8.4,5.7,20.8,1,178.23
W2179,2025-02-02 17:04:20.064563,25.1,76.2,7.2,7.2,15,5.9,49.1,0.0,0,0.0
W2180,2026-01-12 17:04:20.064563,23.1,75.4,0.0,0.0,15,6.9,41.4,0.0,0,0.0
W2181,2024-12-28 17:04:20.064563,21.4,80.9,2.7,2.7,37,7.4,1.1,0.0,0,0.0
W2182,2024-11-28 17:04:20.064563,23.2,74.2,0.0,0.0,31,5.0,81.6,0.0,0,0.0
W2183,2024-07-12 17:04:20.064563,38.7,38.0,0.0,0.0,32,8.8,10.4,9.000000000000007,1,101.28
W2184,2024-04-13 17:04:20.064563,2.9,100.0,2.7,2.7,39,8.1,11.5,0.1999999999999993,0,0.0
W2185,2024-09-24 17:04:20.064563,40.3,68.7,0.0,0.0,60,5.9,4.8,10.599999999999994,0,0.0
W2186,2025-08-11 17:04:20.064563,10.8,98.0,1.0,1.0,33,7.7,20.0,0.0,0,0.0
W2187,2025-08-30 17:04:20.064563,22.3,72.2,1.8,1.8,62,6.1,17.7,0.0,0,0.0
W2188,2025-04-18 17:04:20.064563,20.7,64.7,0.0,0.0,49,5.7,34.8,0.0,0,0.0
W2189,2025-10-14 17:04:20.064563,30.9,54.6,0.0,0.0,50,5.9,65.9,0.0,0,0.0
W2190,2024-07-16 17:04:20.064563,9.0,100.0,10.2,10.2,67,6.8,5.4,2.55,0,0.0
W2191,2024-12-11 17:04:20.064563,29.6,76.3,7.8,7.8,38,3.4,86.0,0.0,0,0.0
W2192,2024-12-09 17:04:20.064563,45.0,45.1,0.0,0.0,49,6.7,32.7,20.0,1,356.6
W2193,2026-03-08 17:04:20.064563,11.4,100.0,0.0,0.0,62,5.0,60.7,0.0,0,0.0
W2194,2025-06-17 17:04:20.064563,26.9,76.7,0.0,0.0,88,6.3,1.2,0.0,0,0.0
W2195,2024-10-23 17:04:20.064563,18.4,87.5,0.0,0.0,51,7.1,36.6,0.0,0,0.0
W2196,2025-12-04 17:04:20.064563,29.3,59.5,0.0,0.0,61,8.9,0.2,1.8000000000000007,0,0.0
W2197,2025-01-04 17:04:20.064563,25.2,74.0,6.3,6.3,38,8.2,16.5,0.3999999999999986,0,0.0
W2198,2026-02-26 17:04:20.064563,18.6,73.6,3.5,3.5,45,5.3,44.8,0.0,1,41.88
W2199,2025-08-02 17:04:20.064563,29.9,65.4,0.0,0.0,44,6.2,53.5,0.0,0,0.0
W2200,2024-10-08 17:04:20.064563,43.0,48.7,0.0,0.0,43,6.8,15.3,16.0,1,153.61
W2201,2024-07-21 17:04:20.064563,23.1,92.2,7.5,7.5,74,3.7,74.5,0.0,0,0.0
W2202,2024-08-03 17:04:20.064563,32.2,48.6,0.0,0.0,45,6.3,18.9,0.0,1,50.34
W2203,2024-06-01 17:04:20.064563,12.1,96.7,0.8,0.8,24,4.5,11.6,0.0,0,0.0
W2204,2025-06-23 17:04:20.064563,15.4,100.0,0.0,0.0,59,5.4,33.3,0.0,0,0.0
W2205,2024-09-10 17:04:20.064563,29.7,73.0,2.8,2.8,72,4.1,55.1,0.0,1,33.31
W2206,2026-03-18 17:04:20.064563,39.8,58.6,0.0,0.0,83,4.1,98.9,9.599999999999994,0,0.0
W2207,2025-06-16 17:04:20.064563,28.6,73.0,0.0,0.0,34,6.3,41.9,0.0,0,0.0
W2208,2024-06-15 17:04:20.064563,21.9,90.2,1.7,1.7,78,4.3,42.6,0.0,1,42.09
W2209,2026-02-14 17:04:20.064563,25.0,61.6,0.0,0.0,100,8.2,5.9,0.3999999999999986,0,0.0
W2210,2025-02-08 17:04:20.064563,12.5,77.4,0.4,0.4,45,4.0,76.6,0.0,0,0.0
W2211,2026-01-30 17:04:20.064563,31.0,63.4,0.0,0.0,57,5.7,18.2,0.0,0,0.0
W2212,2025-03-08 17:04:20.064563,33.8,37.7,0.0,0.0,36,2.9,74.5,0.0,0,0.0
W2213,2026-03-14 17:04:20.064563,20.5,91.6,0.0,0.0,98,3.2,91.1,0.0,0,0.0
W2214,2024-05-23 17:04:20.064563,20.3,91.8,0.0,0.0,32,4.4,76.8,0.0,0,0.0
W2215,2025-10-02 17:04:20.064563,27.7,64.2,0.0,0.0,54,5.9,64.2,0.0,0,0.0
W2216,2025-09-24 17:04:20.064563,20.6,75.3,0.0,0.0,78,4.9,60.4,0.0,0,0.0
W2217,2025-01-09 17:04:20.064563,24.3,72.8,5.2,5.2,39,5.2,45.4,0.0,0,0.0
W2218,2025-01-19 17:04:20.064563,45.0,43.0,0.0,0.0,44,7.2,14.5,20.0,1,338.84
W2219,2024-08-26 17:04:20.064563,22.5,77.5,0.0,0.0,63,4.4,77.9,0.0,0,0.0
W2220,2026-03-16 17:04:20.064563,21.4,83.5,0.0,0.0,112,3.8,47.7,0.0,0,0.0
W2221,2026-03-14 17:04:20.064563,18.5,80.5,0.0,0.0,60,4.3,62.6,0.0,0,0.0
W2222,2026-03-05 17:04:20.064563,32.4,70.8,3.5,3.5,54,5.0,37.4,0.0959999999999996,0,0.0
W2223,2025-12-31 17:04:20.064563,23.2,79.7,0.0,0.0,43,5.9,20.1,0.0,0,0.0
W2224,2024-09-12 17:04:20.064563,18.5,76.2,0.0,0.0,74,3.5,80.7,0.0,0,0.0
W2225,2025-03-23 17:04:20.064563,38.2,66.0,0.0,0.0,84,4.7,34.2,6.400000000000006,0,0.0
W2226,2025-08-20 17:04:20.064563,39.2,37.6,0.0,0.0,55,5.2,86.7,8.400000000000006,0,0.0
W2227,2024-11-02 17:04:20.064563,19.0,80.6,10.2,10.2,58,3.3,96.6,2.55,0,0.0
W2228,2024-07-20 17:04:20.064563,6.3,100.0,4.5,4.5,47,4.2,83.0,0.0,0,0.0
W2229,2024-10-09 17:04:20.064563,35.1,50.2,0.0,0.0,30,5.7,12.8,0.20000000000000284,0,0.0
W2230,2024-08-07 17:04:20.064563,18.2,85.9,0.0,0.0,78,4.4,85.5,0.0,0,0.0
W2231,2024-11-15 17:04:20.064563,32.9,66.1,8.9,8.9,93,4.4,51.9,0.0,0,0.0
W2232,2025-08-05 17:04:20.064563,5.3,93.4,0.0,0.0,45,6.2,24.1,0.0,0,0.0
W2233,2024-04-13 17:04:20.064563,33.9,58.4,0.0,0.0,73,2.8,9.3,0.0,0,0.0
W2234,2025-03-22 17:04:20.064563,12.9,89.1,2.0,2.0,92,5.1,27.9,0.0,0,0.0
W2235,2025-10-06 17:04:20.064563,32.3,56.0,0.0,0.0,68,5.6,13.7,0.0,0,0.0
W2236,2025-10-25 17:04:20.064563,25.1,95.3,0.0,0.0,42,5.9,2.6,0.0,0,0.0
W2237,2025-03-30 17:04:20.064563,15.5,79.2,0.0,0.0,72,1.7,98.8,0.0,0,0.0
W2238,2025-07-09 17:04:20.064563,20.9,88.7,0.0,0.0,101,2.4,83.2,0.0,0,0.0
W2239,2025-10-03 17:04:20.064563,31.9,58.3,0.0,0.0,62,2.3,73.9,0.0,0,0.0
W2240,2024-07-28 17:04:20.064563,26.1,60.0,0.0,0.0,77,5.2,19.3,0.0,0,0.0
W2241,2025-12-04 17:04:20.064563,30.8,64.8,5.3,5.3,41,5.9,2.8,0.0,0,0.0
W2242,2024-06-14 17:04:20.064563,44.8,49.3,4.7,4.7,62,2.1,48.5,19.599999999999994,1,227.21
W2243,2024-05-24 17:04:20.064563,9.4,100.0,1.5,1.5,78,3.3,74.2,0.0,0,0.0
W2244,2025-01-28 17:04:20.064563,41.2,63.9,4.1,4.1,68,1.6,96.3,12.400000000000006,1,94.26
W2245,2025-04-29 17:04:20.064563,26.0,100.0,6.2,6.2,53,4.4,84.4,0.0,0,0.0
W2246,2025-07-21 17:04:20.064563,16.0,88.5,0.0,0.0,83,3.1,89.4,0.0,1,41.22
W2247,2025-09-07 17:04:20.064563,11.7,85.8,0.0,0.0,88,3.6,23.9,0.0,0,0.0
W2248,2025-05-12 17:04:20.064563,23.1,79.9,1.5,1.5,86,3.9,15.5,0.0,0,0.0
W2249,2025-05-11 17:04:20.064563,34.2,56.0,0.0,0.0,69,5.0,24.8,0.0,0,0.0
W2250,2025-10-27 17:04:20.064563,23.7,83.7,0.0,0.0,63,3.9,13.9,0.0,0,0.0
W2251,2024-06-01 17:04:20.064563,40.1,36.9,0.0,0.0,115,0.6,79.8,10.200000000000003,1,158.72
W2252,2024-07-24 17:04:20.064563,10.5,100.0,0.1,0.1,78,3.6,90.3,0.0,0,0.0
W2253,2025-02-05 17:04:20.064563,24.9,81.2,0.0,0.0,71,4.0,30.7,0.0,0,0.0
W2254,2026-01-04 17:04:20.064563,12.5,74.4,1.0,1.0,45,1.5,87.7,0.0,0,0.0
W2255,2024-06-01 17:04:20.064563,28.6,60.0,4.1,4.1,50,4.0,5.5,0.0,0,0.0
W2256,2025-06-21 17:04:20.064563,33.9,67.4,1.4,1.4,61,1.6,67.7,0.0,0,0.0
W2257,2025-07-08 17:04:20.064563,20.8,90.6,6.7,6.7,72,1.7,52.7,0.0,0,0.0
W2258,2026-02-12 17:04:20.064563,-1.0,98.8,0.0,2.4,70,2.6,27.7,3.0,0,0.0
W2259,2025-08-29 17:04:20.064563,27.0,76.6,1.2,1.2,75,2.4,76.8,0.0,0,0.0
W2260,2025-03-05 17:04:20.064563,29.4,46.5,0.0,0.0,49,3.0,21.2,0.0,0,0.0
W2261,2024-07-27 17:04:20.064563,29.0,65.5,0.0,0.0,106,3.1,41.6,0.0,0,0.0
W2262,2025-10-03 17:04:20.064563,37.4,65.1,2.2,2.2,59,2.2,71.0,4.799999999999997,0,0.0
W2263,2026-01-02 17:04:20.064563,14.3,83.1,2.9,2.9,77,3.5,33.8,0.0,0,0.0
W2264,2025-11-09 17:04:20.064563,31.8,47.2,0.0,0.0,68,3.1,85.5,0.0,0,0.0
W2265,2024-09-20 17:04:20.064563,36.9,56.1,0.0,0.0,72,1.6,86.5,3.799999999999997,1,33.92
W2266,2024-07-28 17:04:20.064563,7.2,93.1,1.3,1.3,60,1.5,20.3,0.0,0,0.0
W2267,2025-06-04 17:04:20.064563,28.2,74.0,0.0,0.0,85,1.3,44.0,0.0,0,0.0
W2268,2025-08-14 17:04:20.064563,20.0,71.2,0.0,0.0,59,0.0,43.2,0.0,0,0.0
W2269,2024-05-13 17:04:20.064563,24.2,66.0,7.8,7.8,70,1.4,41.0,0.0,0,0.0
W2270,2024-07-23 17:04:20.064563,28.5,47.1,1.9,1.9,73,0.5,50.2,0.0,0,0.0
W2271,2025-08-30 17:04:20.064563,20.1,81.5,3.5,3.5,85,0.6,7.4,0.0,0,0.0
W2272,2024-08-21 17:04:20.064563,18.2,81.0,1.5,1.5,91,0.7,87.0,0.0,0,0.0
W2273,2025-01-23 17:04:20.064563,25.3,60.1,13.6,13.6,46,0.0,29.0,3.4,1,33.42
W2274,2024-09-02 17:04:20.064563,14.1,90.7,0.0,0.0,87,0.8,0.2,0.0,0,0.0
W2275,2024-08-30 17:04:20.064563,14.1,99.1,0.0,0.0,70,0.8,68.5,0.0,0,0.0
W2276,2025-02-11 17:04:20.064563,31.8,60.2,0.0,0.0,106,0.0,65.0,0.0,0,0.0
W2277,2026-03-14 17:04:20.064563,13.5,92.4,0.4,0.4,71,1.7,98.3,0.0,0,0.0
W2278,2024-11-03 17:04:20.064563,31.7,65.2,0.0,0.0,75,0.7,71.9,0.0,0,0.0
W2279,2025-03-07 17:04:20.064563,29.6,53.5,0.0,0.0,70,1.5,33.3,0.0,0,0.0
W2280,2025-08-31 17:04:20.064563,7.7,100.0,2.1,2.1,61,0.5,95.3,0.0,0,0.0
W2281,2025-01-02 17:04:20.064563,18.2,78.0,16.6,16.6,87,0.4,36.5,4.15,0,0.0
W2282,2024-06-06 17:04:20.064563,36.9,61.1,0.0,0.0,89,1.5,82.1,3.799999999999997,0,0.0
W2283,2024-11-29 17:04:20.064563,15.2,94.9,7.9,7.9,65,1.3,33.6,0.0,0,0.0
W2284,2024-10-05 17:04:20.064563,20.4,78.1,0.0,0.0,70,1.9,4.9,0.0,0,0.0
W2285,2025-12-28 17:04:20.064563,29.6,71.6,0.0,0.0,102,0.0,73.4,0.0,1,33.41
W2286,2025-10-03 17:04:20.064563,32.8,63.2,17.5,17.5,33,0.0,35.0,4.375,0,0.0
W2287,2024-12-24 17:04:20.064563,22.5,62.1,0.0,0.0,82,0.0,33.9,0.0,0,0.0
W2288,2024-07-24 17:04:20.064563,19.0,78.1,5.0,5.0,113,0.0,71.6,0.0,0,0.0
W2289,2025-12-18 17:04:20.064563,39.2,45.0,6.0,6.0,48,0.7,32.2,8.400000000000006,0,0.0
W2290,2025-01-22 17:04:20.064563,42.4,41.8,0.0,0.0,90,2.7,11.8,14.799999999999997,0,0.0
W2291,2025-12-07 17:04:20.064563,34.8,44.8,0.0,0.0,85,1.5,40.5,0.0,0,0.0
W2292,2025-09-15 17:04:20.064563,25.9,82.5,0.5,0.5,89,0.0,82.4,0.0,0,0.0
W2293,2024-06-21 17:04:20.064563,16.9,100.0,0.3,0.3,73,0.8,13.0,0.0,0,0.0
W2294,2025-08-14 17:04:20.064563,16.7,94.7,5.5,5.5,56,0.0,55.4,0.0,0,0.0
W2295,2026-01-03 17:04:20.064563,30.2,77.4,5.4,5.4,72,0.0,13.2,0.0739999999999998,0,0.0
W2296,2024-09-06 17:04:20.064563,29.2,62.8,0.0,0.0,69,0.0,4.9,0.0,0,0.0
W2297,2025-11-14 17:04:20.064563,39.0,45.1,0.0,0.0,32,0.0,37.9,8.0,0,0.0
W2298,2025-11-02 17:04:20.064563,31.5,55.0,0.0,0.0,62,0.6,65.8,0.0,0,0.0
W2299,2024-08-22 17:04:20.064563,10.0,100.0,0.0,0.0,72,1.5,27.5,0.0,0,0.0
W2300,2024-09-09 17:04:20.064563,35.5,59.0,0.0,0.0,56,1.0,44.6,1.0,1,38.06
W2301,2026-01-21 17:04:20.064563,15.0,86.7,0.2,0.2,80,1.5,49.1,0.0,0,0.0
W2302,2025-12-17 17:04:20.064563,21.2,91.2,16.2,16.2,30,0.8,84.1,4.05,0,0.0
W2303,2025-11-27 17:04:20.064563,27.5,72.8,0.0,0.0,77,0.0,81.9,0.0,0,0.0
W2304,2025-02-26 17:04:20.064563,45.0,34.2,0.0,0.0,121,0.0,0.2,20.0,1,222.66
W2305,2025-10-16 17:04:20.064563,45.0,35.7,0.0,0.0,102,0.6,41.4,20.0,1,543.77
W2306,2024-04-29 17:04:20.064563,31.1,70.2,13.3,13.3,62,0.0,65.6,3.3360000000000003,1,29.76
W2307,2024-04-16 17:04:20.064563,23.2,85.7,1.2,1.2,110,0.0,85.2,0.0,0,0.0
W2308,2024-06-09 17:04:20.064563,30.3,70.0,0.0,0.0,75,0.0,4.9,0.0,0,0.0
W2309,2024-05-03 17:04:20.064563,33.9,78.2,0.0,0.0,75,1.2,62.8,1.599,0,0.0
W2310,2026-01-03 17:04:20.064563,21.8,93.7,0.1,0.1,55,0.0,84.2,0.0,0,0.0
W2311,2025-10-29 17:04:20.064563,43.0,50.0,1.4,1.4,98,0.9,25.5,16.0,1,185.19
W2312,2024-12-14 17:04:20.064563,27.3,60.7,0.0,0.0,115,0.4,20.5,0.0,0,0.0
W2313,2026-01-13 17:04:20.064563,30.0,51.9,0.0,0.0,93,0.4,46.8,0.0,1,24.01
W2314,2024-10-19 17:04:20.064563,31.7,58.6,6.0,6.0,91,0.0,96.3,0.0,0,0.0
W2315,2025-10-24 17:04:20.064563,29.2,73.7,1.2,1.2,17,0.0,69.3,0.0,0,0.0
W2316,2025-05-18 17:04:20.064563,33.4,78.2,0.0,0.0,121,0.5,42.4,1.394,0,0.0
W2317,2025-12-10 17:04:20.064563,18.8,85.9,0.0,0.0,72,0.9,2.1,0.0,0,0.0
W2318,2026-01-01 17:04:20.064563,19.4,92.6,0.0,0.0,121,0.5,55.7,0.0,0,0.0
W2319,2024-04-18 17:04:20.064563,14.0,86.5,12.7,12.7,83,0.0,34.9,3.175,0,0.0
W2320,2025-08-09 17:04:20.064563,29.4,72.1,8.4,8.4,72,0.0,18.6,0.0,0,0.0
W2321,2025-12-20 17:04:20.064563,32.8,69.0,1.3,1.3,63,0.0,50.0,0.0,0,0.0
W2322,2025-09-27 17:04:20.064563,29.6,45.8,0.0,0.0,76,0.5,34.1,0.0,0,0.0
W2323,2025-01-08 17:04:20.064563,41.7,43.2,0.0,0.0,34,0.0,3.9,13.400000000000006,0,0.0
W2324,2026-01-04 17:04:20.064563,24.9,82.1,0.7,0.7,89,0.0,72.6,0.0,0,0.0
W2325,2025-01-21 17:04:20.064563,31.7,65.2,0.0,0.0,20,0.0,73.3,0.0,0,0.0
W2326,2025-07-25 17:04:20.064563,14.1,76.9,0.0,0.0,65,0.5,61.9,0.0,0,0.0
W2327,2024-11-23 17:04:20.064563,21.1,54.0,0.0,0.0,102,0.5,84.1,0.0,0,0.0
W2328,2026-02-17 17:04:20.064563,32.0,58.4,0.0,0.0,85,1.2,20.3,0.0,0,0.0
W2329,2025-05-07 17:04:20.064563,33.5,59.0,7.8,7.8,24,0.0,28.6,0.0,0,0.0
W2330,2025-01-16 17:04:20.064563,22.1,68.1,0.0,0.0,43,1.2,45.9,0.0,0,0.0
W2331,2025-06-25 17:04:20.064563,24.3,75.0,0.0,0.0,57,1.1,6.0,0.0,0,0.0
W2332,2024-05-31 17:04:20.064563,9.8,100.0,5.3,5.3,60,1.2,88.4,0.0,0,0.0
W2333,2026-02-21 17:04:20.064563,21.4,84.6,0.0,0.0,86,0.1,49.1,0.0,0,0.0
W2334,2024-05-18 17:04:20.064563,33.9,35.6,0.0,0.0,80,0.2,32.5,0.0,0,0.0
W2335,2024-08-26 17:04:20.064563,30.8,50.7,4.5,4.5,37,0.2,47.8,0.0,0,0.0
W2336,2025-06-11 17:04:20.064563,30.0,61.9,0.0,0.0,80,0.0,32.5,0.0,0,0.0
W2337,2025-05-17 17:04:20.064563,25.5,77.5,0.0,0.0,81,0.0,28.6,0.0,0,0.0
W2338,2025-07-26 17:04:20.064563,25.1,77.3,3.7,3.7,69,0.2,44.8,0.0,0,0.0
W2339,2025-07-06 17:04:20.064563,18.4,87.1,0.0,0.0,115,0.0,48.2,0.0,0,0.0
W2340,2024-10-12 17:04:20.064563,32.0,58.2,0.0,0.0,80,0.7,43.3,0.0,0,0.0
W2341,2025-03-01 17:04:20.064563,29.2,62.9,1.1,1.1,82,0.0,54.8,0.0,0,0.0
W2342,2025-11-29 17:04:20.064563,29.9,57.8,0.0,0.0,102,0.0,78.3,0.0,0,0.0
W2343,2024-08-12 17:04:20.064563,19.7,88.1,1.2,1.2,79,0.0,5.7,0.0,1,28.92
W2344,2025-02-01 17:04:20.064563,3.5,95.6,0.1,0.1,52,0.0,81.2,0.0,0,0.0
W2345,2025-02-07 17:04:20.064563,36.0,64.5,3.3,3.3,81,0.7,22.9,2.0,0,0.0
W2346,2025-03-06 17:04:20.064563,20.2,81.8,0.0,0.0,55,0.0,25.2,0.0,0,0.0
W2347,2025-04-30 17:04:20.064563,16.4,85.0,0.0,0.0,43,0.3,59.9,0.0,0,0.0
W2348,2024-07-29 17:04:20.064563,31.9,55.5,0.0,0.0,44,0.0,97.6,0.0,0,0.0
W2349,2025-04-01 17:04:20.064563,21.1,64.8,14.7,14.7,57,0.2,1.7,3.675,0,0.0
W2350,2025-08-27 17:04:20.064563,35.6,50.1,0.0,0.0,73,0.0,67.3,1.2000000000000028,0,0.0
W2351,2025-10-14 17:04:20.064563,31.2,59.9,11.1,11.1,59,1.2,69.7,2.775,0,0.0
W2352,2024-07-04 17:04:20.064563,31.8,38.6,0.0,0.0,72,0.2,57.4,0.0,0,0.0
W2353,2025-02-07 17:04:20.064563,11.3,91.0,0.9,0.9,61,0.8,1.0,0.0,0,0.0
W2354,2024-11-20 17:04:20.064563,37.1,63.6,3.2,3.2,59,1.9,60.6,4.200000000000003,0,0.0
W2355,2025-07-08 17:04:20.064563,27.6,74.3,22.5,22.5,25,0.0,11.5,11.25,1,175.13
W2356,2024-07-21 17:04:20.064563,21.3,73.1,5.2,5.2,35,1.5,7.8,0.0,0,0.0
W2357,2024-12-16 17:04:20.064563,26.4,70.8,0.7,0.7,30,0.1,69.6,0.0,0,0.0
W2358,2025-06-21 17:04:20.064563,7.2,93.6,0.0,0.0,47,0.0,70.0,0.0,0,0.0
W2359,2024-11-26 17:04:20.064563,29.1,67.9,3.2,3.2,61,0.0,89.0,0.0,0,0.0
W2360,2024-08-09 17:04:20.064563,14.7,100.0,0.0,0.0,43,0.0,0.3,0.0,0,0.0
W2361,2024-06-25 17:04:20.064563,11.5,100.0,0.0,0.0,98,0.0,37.9,0.0,0,0.0
W2362,2024-05-08 17:04:20.064563,9.8,100.0,0.4,0.4,63,0.0,1.2,0.0,0,0.0
W2363,2025-01-09 17:04:20.064563,36.1,50.9,0.0,0.0,57,0.0,36.5,2.200000000000003,0,0.0
W2364,2025-04-15 17:04:20.064563,18.7,89.4,1.8,1.8,38,0.7,49.2,0.0,0,0.0
W2365,2025-12-08 17:04:20.064563,40.3,32.6,27.7,27.7,16,0.0,53.0,24.449999999999996,1,383.83
W2366,2025-05-20 17:04:20.064563,19.6,78.0,0.0,0.0,29,0.3,35.6,0.0,0,0.0
W2367,2024-11-27 17:04:20.064563,7.9,100.0,0.0,0.0,59,0.1,72.5,0.0,0,0.0
W2368,2024-08-28 17:04:20.064563,13.8,96.7,0.0,0.0,43,1.4,41.6,0.0,0,0.0
W2369,2025-02-16 17:04:20.064563,37.4,60.7,0.0,0.0,54,0.0,51.7,4.799999999999997,0,0.0
W2370,2025-10-30 17:04:20.064563,23.4,77.8,1.7,1.7,57,1.1,80.0,0.0,0,0.0
W2371,2025-02-01 17:04:20.064563,19.5,78.8,12.1,12.1,15,0.0,17.4,3.025,0,0.0
W2372,2024-09-28 17:04:20.064563,26.6,75.5,3.0,3.0,15,0.0,32.1,0.0,0,0.0
W2373,2024-08-28 17:04:20.064563,30.0,55.4,0.0,0.0,31,0.4,52.1,0.0,0,0.0
W2374,2025-08-10 17:04:20.064563,36.2,47.3,0.0,0.0,66,0.6,76.8,2.4000000000000057,0,0.0
W2375,2025-08-27 17:04:20.064563,39.5,51.4,0.0,0.0,56,0.0,42.5,9.0,0,0.0
W2376,2025-07-09 17:04:20.064563,21.4,79.6,2.6,2.6,34,0.2,7.3,0.0,0,0.0
W2377,2025-08-10 17:04:20.064563,11.7,74.1,0.2,0.2,86,0.0,98.9,0.0,0,0.0
W2378,2025-01-27 17:04:20.064563,20.9,83.3,0.0,0.0,72,0.8,70.8,0.0,0,0.0
W2379,2025-08-09 17:04:20.064563,27.6,76.3,0.0,0.0,67,0.0,72.3,0.0,0,0.0
W2380,2024-04-10 17:04:20.064563,15.4,86.2,0.8,0.8,30,0.0,46.5,0.0,0,0.0
W2381,2024-06-18 17:04:20.064563,15.4,100.0,1.0,1.0,64,1.0,54.7,0.0,0,0.0
W2382,2025-04-24 17:04:20.064563,28.4,60.5,0.0,0.0,51,0.2,99.4,0.0,0,0.0
W2383,2025-08-17 17:04:20.064563,24.5,69.6,2.1,2.1,25,0.7,59.5,0.0,0,0.0
W2384,2025-06-29 17:04:20.064563,25.3,68.1,0.0,0.0,42,2.5,21.9,0.0,0,0.0
W2385,2024-11-19 17:04:20.064563,17.4,83.1,0.0,0.0,22,0.0,96.4,0.0,0,0.0
W2386,2024-10-24 17:04:20.064563,22.7,72.7,0.0,0.0,28,0.0,53.8,0.0,0,0.0
W2387,2025-11-05 17:04:20.064563,15.8,72.3,0.0,0.0,19,0.0,2.1,0.0,0,0.0
W2388,2025-03-14 17:04:20.064563,33.9,53.7,0.0,0.0,61,0.0,57.3,0.0,0,0.0
W2389,2024-05-06 17:04:20.064563,35.4,56.0,0.9,0.9,38,1.4,7.0,0.7999999999999972,0,0.0
W2390,2024-05-08 17:04:20.064563,6.5,100.0,0.0,0.0,22,0.0,52.8,0.0,0,0.0
W2391,2024-12-31 17:04:20.064563,15.7,100.0,0.0,0.0,50,0.5,82.5,0.0,0,0.0
W2392,2025-08-06 17:04:20.064563,10.0,100.0,17.2,17.2,15,0.0,53.9,4.3,0,0.0
W2393,2025-11-19 17:04:20.064563,18.5,74.5,0.3,0.3,60,0.0,37.3,0.0,0,0.0
W2394,2026-01-16 17:04:20.064563,24.2,66.8,8.9,8.9,24,0.3,88.3,0.0,0,0.0
W2395,2026-02-04 17:04:20.064563,10.5,92.7,3.4,3.4,15,0.9,92.8,0.0,0,0.0
W2396,2025-07-12 17:04:20.064563,15.8,100.0,0.0,0.0,28,0.0,34.7,0.0,0,0.0
W2397,2025-01-04 17:04:20.064563,15.0,85.9,0.0,0.0,15,0.0,49.9,0.0,0,0.0
W2398,2025-09-18 17:04:20.064563,27.1,56.1,0.0,0.0,48,0.0,98.3,0.0,0,0.0
W2399,2024-03-26 17:04:20.064563,25.7,66.4,0.0,0.0,58,2.3,17.8,0.0,0,0.0
W2400,2024-07-06 17:04:20.064563,17.8,90.9,0.0,0.0,15,0.3,29.8,0.0,0,0.0
W2401,2025-06-02 17:04:20.064563,26.8,76.7,0.0,0.0,33,0.4,42.8,0.0,0,0.0
W2402,2024-08-02 17:04:20.064563,19.5,78.7,2.2,2.2,54,1.1,10.1,0.0,0,0.0
W2403,2024-12-13 17:04:20.064563,22.3,83.4,0.0,0.0,15,0.0,27.2,0.0,0,0.0
W2404,2025-03-27 17:04:20.064563,41.7,24.7,0.0,0.0,25,0.4,54.5,13.400000000000006,1,146.78
W2405,2025-05-04 17:04:20.064563,38.4,53.4,7.9,7.9,18,0.7,22.8,6.799999999999997,0,0.0
W2406,2025-03-27 17:04:20.064563,12.0,100.0,0.0,0.0,54,0.0,68.6,0.0,0,0.0
W2407,2024-05-03 17:04:20.064563,33.3,51.7,0.0,0.0,44,0.5,34.8,0.0,0,0.0
W2408,2025-05-02 17:04:20.064563,33.1,52.0,0.0,0.0,47,2.1,9.0,0.0,0,0.0
W2409,2024-05-09 17:04:20.064563,13.5,71.1,0.0,0.0,44,1.7,76.5,0.0,0,0.0
W2410,2025-10-22 17:04:20.064563,33.2,76.1,0.0,0.0,24,1.5,56.7,0.976,0,0.0
W2411,2025-10-14 17:04:20.064563,40.4,42.2,0.0,0.0,64,1.9,82.5,10.799999999999997,0,0.0
W2412,2024-10-03 17:04:20.064563,13.8,91.7,2.2,2.2,15,0.0,36.0,0.0,0,0.0
W2413,2025-03-24 17:04:20.064563,15.8,92.3,0.0,0.0,15,0.0,1.9,0.0,0,0.0
W2414,2025-10-05 17:04:20.064563,35.2,72.4,0.0,0.0,15,0.0,4.7,1.0240000000000076,0,0.0
W2415,2025-01-07 17:04:20.064563,27.7,66.9,0.0,0.0,27,3.5,79.5,0.0,1,39.37
W2416,2024-06-01 17:04:20.064563,30.5,58.8,0.0,0.0,22,0.2,41.1,0.0,0,0.0
W2417,2025-04-17 17:04:20.064563,28.4,69.1,0.0,0.0,18,0.0,97.6,0.0,1,34.78
W2418,2025-08-16 17:04:20.064563,28.9,79.5,5.7,5.7,20,0.0,83.0,0.0,0,0.0
W2419,2025-06-22 17:04:20.064563,11.7,90.7,10.0,10.0,32,0.1,1.6,0.0,0,0.0
W2420,2025-10-02 17:04:20.064563,35.5,47.2,0.0,0.0,37,0.0,87.0,1.0,0,0.0
W2421,2024-12-29 17:04:20.064563,36.7,39.5,0.0,0.0,40,1.9,21.3,3.4000000000000057,0,0.0
W2422,2025-12-16 17:04:20.064563,22.7,63.7,0.0,0.0,15,0.8,48.6,0.0,0,0.0
W2423,2026-02-12 17:04:20.064563,24.6,81.8,0.0,0.0,16,0.3,50.6,0.0,0,0.0
W2424,2025-12-03 17:04:20.064563,9.7,92.3,0.0,0.0,40,0.0,6.0,0.0,0,0.0
W2425,2024-07-17 17:04:20.064563,30.1,58.7,0.0,0.0,28,0.0,12.6,0.0,0,0.0
W2426,2024-07-27 17:04:20.064563,30.7,56.8,0.7,0.7,34,0.3,42.3,0.0,0,0.0
W2427,2024-06-25 17:04:20.064563,24.4,74.3,0.0,0.0,38,0.1,64.3,0.0,0,0.0
W2428,2025-04-25 17:04:20.064563,36.2,53.2,18.5,18.5,15,0.0,26.4,7.025000000000006,1,56.32
W2429,2025-04-04 17:04:20.064563,21.7,74.8,2.1,2.1,52,0.0,52.6,0.0,0,0.0
W2430,2025-02-28 17:04:20.064563,30.6,77.5,0.0,0.0,15,0.0,37.9,0.22500000000000053,0,0.0
W2431,2025-10-10 17:04:20.064563,14.8,100.0,0.0,0.0,15,0.7,63.0,0.0,0,0.0
W2432,2025-03-27 17:04:20.064563,24.8,56.8,0.0,0.0,15,2.1,42.4,0.0,0,0.0
W2433,2024-08-12 17:04:20.064563,23.3,78.4,2.7,2.7,33,0.0,85.2,0.0,0,0.0
W2434,2024-10-07 17:04:20.064563,27.3,61.4,0.5,0.5,15,0.8,98.4,0.0,0,0.0
W2435,2025-11-24 17:04:20.064563,21.3,75.6,17.3,17.3,15,0.0,91.3,4.325,1,47.27
W2436,2025-08-21 17:04:20.064563,23.7,77.6,0.0,0.0,28,0.4,16.9,0.0,0,0.0
W2437,2025-05-03 17:04:20.064563,33.3,58.0,0.0,0.0,16,0.1,45.7,0.0,0,0.0
W2438,2025-08-12 17:04:20.064563,20.6,81.4,0.0,0.0,15,0.5,45.9,0.0,0,0.0
W2439,2024-04-28 17:04:20.064563,8.9,100.0,0.0,0.0,39,0.0,84.0,0.0,0,0.0
W2440,2024-05-03 17:04:20.064563,42.5,49.2,0.0,0.0,21,1.0,35.7,15.0,1,140.97
W2441,2024-04-26 17:04:20.064563,38.8,45.3,0.0,0.0,27,0.0,55.0,7.599999999999994,0,0.0
W2442,2024-08-05 17:04:20.064563,12.1,85.6,6.0,6.0,22,1.4,60.9,0.0,0,0.0
W2443,2026-03-18 17:04:20.064563,31.9,47.8,0.1,0.1,27,1.6,11.2,0.0,0,0.0
W2444,2025-02-22 17:04:20.064563,20.0,71.5,0.0,0.0,15,0.2,55.8,0.0,0,0.0
W2445,2025-07-16 17:04:20.064563,27.6,88.2,0.0,0.0,31,1.0,24.7,0.0,0,0.0
W2446,2025-08-31 17:04:20.064563,27.9,60.2,0.0,0.0,37,0.9,20.7,0.0,0,0.0
W2447,2025-06-28 17:04:20.064563,22.7,64.1,0.0,0.0,28,1.3,25.0,0.0,0,0.0
W2448,2024-08-17 17:04:20.064563,17.2,87.5,3.7,3.7,26,1.3,9.9,0.0,0,0.0
W2449,2025-11-28 17:04:20.064563,18.1,81.8,0.0,0.0,35,0.0,7.0,0.0,0,0.0
W2450,2025-08-27 17:04:20.064563,15.8,84.3,0.0,0.0,15,0.3,64.7,0.0,0,0.0
W2451,2024-08-08 17:04:20.064563,16.7,99.1,0.0,0.0,15,0.0,94.1,0.0,0,0.0
W2452,2025-02-16 17:04:20.064563,24.3,79.0,0.0,0.0,65,0.0,68.8,0.0,0,0.0
W2453,2025-12-05 17:04:20.064563,17.8,77.9,5.4,5.4,36,0.0,31.2,0.0,1,25.48
W2454,2025-02-07 17:04:20.064563,31.8,58.0,0.1,0.1,19,0.6,33.5,0.0,0,0.0
W2455,2024-08-31 17:04:20.064563,39.9,45.2,3.9,3.9,26,0.0,54.1,9.799999999999997,0,0.0
W2456,2025-04-24 17:04:20.064563,19.2,89.9,7.7,7.7,15,0.0,86.6,0.0,0,0.0
W2457,2025-12-09 17:04:20.064563,27.4,65.8,0.4,0.4,15,1.0,20.2,0.0,0,0.0
W2458,2025-01-18 17:04:20.064563,30.0,47.1,0.0,0.0,15,0.9,46.9,0.0,0,0.0
W2459,2025-11-15 17:04:20.064563,29.7,64.9,0.0,0.0,25,0.3,49.9,0.0,0,0.0
W2460,2025-02-25 17:04:20.064563,25.8,56.0,0.0,0.0,26,0.7,93.1,0.0,0,0.0
W2461,2025-08-19 17:04:20.064563,32.4,83.2,0.0,0.0,41,0.6,53.6,1.5839999999999994,0,0.0
W2462,2025-08-21 17:04:20.064563,29.8,55.6,1.9,1.9,15,2.0,78.1,0.0,0,0.0
W2463,2025-09-14 17:04:20.064563,12.6,89.4,11.4,11.4,18,0.0,8.8,2.85,0,0.0
W2464,2025-08-01 17:04:20.064563,33.7,62.0,0.0,0.0,33,0.0,32.7,0.0,0,0.0
W2465,2026-03-13 17:04:20.064563,33.9,56.3,3.8,3.8,61,0.3,61.1,0.0,0,0.0
W2466,2025-10-15 17:04:20.064563,17.4,81.0,0.0,0.0,53,0.0,67.8,0.0,0,0.0
W2467,2025-01-18 17:04:20.064563,25.4,76.1,0.0,0.0,49,0.0,88.5,0.0,0,0.0
W2468,2025-07-17 17:04:20.064563,31.8,77.5,8.7,8.7,19,0.9,59.0,0.6750000000000003,0,0.0
W2469,2024-04-04 17:04:20.064563,22.9,83.3,0.0,0.0,15,0.1,29.0,0.0,0,0.0
W2470,2025-03-30 17:04:20.064563,35.7,71.2,0.3,0.3,25,0.4,53.9,1.7420000000000067,0,0.0
W2471,2025-02-20 17:04:20.064563,45.0,32.0,0.0,0.0,65,0.4,71.2,20.0,1,314.05
W2472,2026-02-05 17:04:20.064563,17.1,87.5,3.9,3.9,22,0.3,78.4,0.0,0,0.0
W2473,2024-07-08 17:04:20.064563,11.2,94.8,1.7,1.7,15,0.0,94.5,0.0,0,0.0
W2474,2025-05-18 17:04:20.064563,28.0,71.5,0.0,0.0,27,2.3,19.1,0.0,0,0.0
W2475,2025-11-05 17:04:20.064563,32.2,75.4,0.0,0.0,15,2.4,66.1,0.5940000000000014,0,0.0
W2476,2025-01-27 17:04:20.064563,22.7,73.8,0.0,0.0,15,2.5,20.0,0.0,0,0.0
W2477,2026-02-20 17:04:20.064563,39.5,46.6,0.0,0.0,29,2.5,31.8,9.0,1,47.31
W2478,2025-12-22 17:04:20.064563,11.6,97.9,0.0,0.0,35,1.4,14.3,0.0,0,0.0
W2479,2024-04-14 17:04:20.064563,31.9,44.3,0.0,0.0,15,1.4,77.3,0.0,0,0.0
W2480,2025-11-19 17:04:20.064563,18.9,79.2,0.0,0.0,15,0.4,91.4,0.0,0,0.0
W2481,2025-07-16 17:04:20.064563,42.2,45.4,0.0,0.0,15,2.2,3.0,14.400000000000006,1,159.49
W2482,2024-12-14 17:04:20.064563,44.9,33.4,0.0,0.0,18,1.4,81.4,19.799999999999997,0,0.0
W2483,2026-01-18 17:04:20.064563,17.3,94.6,0.0,0.0,15,0.9,24.2,0.0,0,0.0
W2484,2025-10-31 17:04:20.064563,19.5,70.1,0.0,0.0,15,2.2,48.7,0.0,0,0.0
W2485,2025-10-30 17:04:20.064563,33.6,58.2,2.0,2.0,19,1.3,74.8,0.0,0,0.0
W2486,2024-11-06 17:04:20.064563,21.1,81.2,2.3,2.3,15,2.5,50.7,0.0,0,0.0
W2487,2024-05-09 17:04:20.064563,24.5,86.7,0.0,0.0,15,2.5,23.1,0.0,0,0.0
W2488,2025-11-05 17:04:20.064563,25.3,72.0,0.0,0.0,21,2.1,90.6,0.0,0,0.0
W2489,2025-07-22 17:04:20.064563,5.8,100.0,0.0,0.0,18,3.1,59.4,0.0,0,0.0
W2490,2024-09-08 17:04:20.064563,24.9,79.7,0.0,0.0,20,0.6,93.1,0.0,0,0.0
W2491,2025-09-05 17:04:20.064563,18.1,84.1,7.0,7.0,15,1.8,84.7,0.0,0,0.0
W2492,2025-12-22 17:04:20.064563,20.1,69.0,8.8,8.8,15,1.5,87.7,0.0,0,0.0
W2493,2025-12-12 17:04:20.064563,39.4,36.5,0.0,0.0,37,4.3,36.2,8.799999999999997,0,0.0
W2494,2025-04-11 17:04:20.064563,12.4,92.4,0.0,0.0,17,3.7,98.7,0.0,0,0.0
W2495,2024-08-16 17:04:20.064563,33.1,54.9,0.0,0.0,15,2.4,85.2,0.0,0,0.0
W2496,2026-02-13 17:04:20.064563,22.2,85.9,10.4,10.4,15,3.9,33.8,2.6,0,0.0
W2497,2024-11-21 17:04:20.064563,22.2,84.2,0.0,0.0,19,0.9,89.6,0.0,0,0.0
W2498,2024-04-19 17:04:20.064563,32.9,58.8,0.0,0.0,35,3.1,75.5,0.0,0,0.0
W2499,2025-10-25 17:04:20.064563,28.4,55.8,0.0,0.0,28,2.6,72.5,0.0,0,0.0
W2500,2026-03-05 17:04:20.064563,30.7,69.0,0.0,0.0,29,6.0,0.6,0.0,0,0.0
W2501,2024-07-08 17:04:20.064563,34.7,47.8,0.0,0.0,19,4.5,2.3,0.0,0,0.0
W2502,2024-09-29 17:04:20.064563,21.7,69.9,0.0,0.0,25,2.4,69.5,0.0,0,0.0
W2503,2024-04-06 17:04:20.064563,18.9,71.9,0.0,0.0,15,3.0,27.9,0.0,0,0.0
W2504,2025-06-12 17:04:20.064563,14.1,87.4,3.3,3.3,20,5.1,5.9,0.0,0,0.0
W2505,2025-02-02 17:04:20.064563,16.7,96.6,0.0,0.0,17,3.9,28.6,0.0,0,0.0
W2506,2025-05-20 17:04:20.064563,45.0,42.4,0.0,0.0,15,4.3,83.8,20.0,1,180.56
W2507,2024-08-20 17:04:20.064563,37.4,49.4,0.0,0.0,43,4.8,47.1,4.799999999999997,0,0.0
W2508,2025-05-14 17:04:20.064563,11.5,77.5,0.0,0.0,15,3.7,61.6,0.0,0,0.0
W2509,2026-02-23 17:04:20.064563,11.8,97.9,0.0,0.0,39,4.0,80.1,0.0,0,0.0
W2510,2024-10-12 17:04:20.064563,29.8,57.5,0.5,0.5,39,6.5,32.3,0.0,0,0.0
W2511,2025-05-12 17:04:20.064563,30.5,65.5,0.6,0.6,17,4.6,1.1,0.0,0,0.0
W2512,2025-08-13 17:04:20.064563,30.5,60.7,1.9,1.9,46,4.3,32.3,0.0,0,0.0
W2513,2025-12-04 17:04:20.064563,22.5,84.7,0.1,0.1,18,5.1,95.7,0.0,0,0.0
W2514,2025-07-13 17:04:20.064563,23.7,72.8,1.2,1.2,15,3.9,48.2,0.0,0,0.0
W2515,2024-05-20 17:04:20.064563,28.3,67.0,0.0,0.0,15,5.1,57.0,0.0,0,0.0
W2516,2026-03-10 17:04:20.064563,25.9,76.1,0.0,0.0,31,5.1,76.0,0.0,0,0.0
W2517,2024-08-06 17:04:20.064563,2.8,100.0,0.0,0.0,15,6.0,11.5,0.0,0,0.0
W2518,2025-08-31 17:04:20.064563,22.7,84.8,14.9,14.9,15,4.8,73.4,3.725,0,0.0
W2519,2024-10-16 17:04:20.064563,16.5,84.4,4.9,4.9,21,5.2,29.8,0.0,0,0.0
W2520,2025-10-13 17:04:20.064563,26.8,69.9,0.3,0.3,31,7.1,38.8,0.0,0,0.0
W2521,2025-02-13 17:04:20.064563,45.0,37.3,0.3,0.3,57,5.3,26.9,20.0,1,343.94
W2522,2026-01-25 17:04:20.064563,28.7,57.5,0.0,0.0,52,5.3,15.4,0.0,0,0.0
W2523,2025-07-20 17:04:20.064563,21.9,71.7,3.9,3.9,37,6.5,36.1,0.0,0,0.0
W2524,2025-09-07 17:04:20.064563,34.2,51.0,0.0,0.0,31,7.3,9.5,0.0,0,0.0
W2525,2025-04-07 17:04:20.064563,29.8,71.8,0.0,0.0,27,4.2,84.5,0.0,0,0.0
W2526,2025-02-02 17:04:20.064563,29.2,55.5,0.0,0.0,35,6.0,30.6,0.0,0,0.0
W2527,2024-09-11 17:04:20.064563,31.1,76.7,0.0,0.0,24,4.3,65.4,0.3685000000000006,0,0.0
W2528,2025-07-01 17:04:20.064563,45.0,50.0,2.9,2.9,16,5.4,29.7,20.0,1,255.46
W2529,2025-09-14 17:04:20.064563,13.7,89.7,0.0,0.0,35,5.8,21.1,0.0,0,0.0
W2530,2025-03-03 17:04:20.064563,29.7,65.4,0.7,0.7,18,5.0,71.4,0.0,0,0.0
W2531,2025-09-28 17:04:20.064563,15.7,80.8,2.6,2.6,16,4.8,62.4,0.0,0,0.0
W2532,2025-03-15 17:04:20.064563,30.6,66.9,12.8,12.8,31,5.1,21.8,3.2,0,0.0
W2533,2026-02-08 17:04:20.064563,15.8,97.2,0.2,0.2,15,4.7,61.2,0.0,0,0.0
W2534,2026-02-13 17:04:20.064563,20.8,71.7,0.0,0.0,18,7.3,0.5,0.0,0,0.0
W2535,2026-01-05 17:04:20.064563,22.0,61.6,0.0,0.0,65,7.4,17.7,0.0,0,0.0
W2536,2026-02-25 17:04:20.064563,34.8,64.9,0.0,0.0,32,5.1,72.8,0.0,0,0.0
W2537,2024-12-13 17:04:20.064563,34.2,62.0,0.0,0.0,68,7.8,41.0,0.0,1,31.54
W2538,2025-12-02 17:04:20.064563,12.5,80.0,0.0,0.0,17,5.9,20.4,0.0,0,0.0
W2539,2025-07-26 17:04:20.064563,25.5,64.3,0.0,0.0,43,6.3,50.6,0.0,0,0.0
W2540,2024-09-30 17:04:20.064563,17.9,74.6,0.0,0.0,57,6.6,46.5,0.0,0,0.0
W2541,2024-11-25 17:04:20.064563,12.4,84.1,0.0,0.0,24,5.6,63.4,0.0,0,0.0
W2542,2024-12-28 17:04:20.064563,22.8,72.5,0.0,0.0,76,7.2,7.3,0.0,0,0.0
W2543,2025-10-10 17:04:20.064563,21.9,74.5,0.0,0.0,36,3.9,81.9,0.0,0,0.0
W2544,2025-01-17 17:04:20.064563,45.0,36.0,0.0,0.0,54,7.6,5.8,20.0,1,518.87
W2545,2024-11-03 17:04:20.064563,29.3,58.4,3.9,3.9,23,4.3,45.4,0.0,1,20.99
W2546,2025-01-16 17:04:20.064563,11.2,90.9,0.6,0.6,74,4.2,71.0,0.0,0,0.0
W2547,2025-01-07 17:04:20.064563,19.4,82.6,0.0,0.0,51,5.6,34.5,0.0,0,0.0
W2548,2026-03-09 17:04:20.064563,35.2,54.0,0.0,0.0,88,4.8,91.0,0.4000000000000057,0,0.0
W2549,2024-10-16 17:04:20.064563,45.0,54.1,0.0,0.0,70,5.6,75.5,20.0,1,376.77
W2550,2026-02-22 17:04:20.064563,9.1,100.0,0.0,0.0,64,5.2,42.6,0.0,0,0.0
W2551,2026-03-09 17:04:20.064563,6.2,84.8,11.0,11.0,15,5.9,18.4,2.75,0,0.0
W2552,2025-07-31 17:04:20.064563,43.7,49.7,0.0,0.0,50,6.4,4.3,17.400000000000006,1,117.92
W2553,2025-02-05 17:04:20.064563,28.9,72.7,0.0,0.0,42,5.8,80.2,0.0,0,0.0
W2554,2025-07-22 17:04:20.064563,16.3,81.2,0.0,0.0,50,8.1,19.4,0.1999999999999993,0,0.0
W2555,2025-03-10 17:04:20.064563,30.3,49.5,0.0,0.0,52,7.6,27.0,0.0,0,0.0
W2556,2025-10-12 17:04:20.064563,-1.4,100.0,1.0,1.1,30,9.5,1.0,7.199999999999999,0,0.0
W2557,2024-12-23 17:04:20.064563,25.0,72.4,12.4,12.4,23,9.7,1.8,6.499999999999998,0,0.0
W2558,2025-01-06 17:04:20.064563,28.3,56.4,0.0,0.0,49,6.1,23.0,0.0,0,0.0
W2559,2024-07-20 17:04:20.064563,34.2,44.1,0.0,0.0,31,4.1,87.3,0.0,0,0.0
W2560,2025-10-26 17:04:20.064563,14.9,86.8,8.0,8.0,52,5.6,78.1,0.0,0,0.0
W2561,2026-02-08 17:04:20.064563,25.9,68.9,0.0,0.0,57,2.1,77.0,0.0,0,0.0
W2562,2025-09-25 17:04:20.064563,15.7,82.2,0.0,0.0,69,4.4,82.7,0.0,0,0.0
W2563,2025-04-10 17:04:20.064563,27.6,67.8,1.9,1.9,60,8.1,18.7,0.1999999999999993,0,0.0
W2564,2025-04-26 17:04:20.064563,16.0,74.9,0.0,0.0,20,3.7,97.9,0.0,0,0.0
W2565,2025-03-06 17:04:20.064563,20.9,74.3,6.9,6.9,24,7.7,23.2,0.0,0,0.0
W2566,2024-08-14 17:04:20.064563,15.0,92.8,0.0,0.0,88,5.3,15.0,0.0,0,0.0
W2567,2025-01-09 17:04:20.064563,31.5,59.2,0.0,0.0,71,7.0,29.5,0.0,0,0.0
W2568,2024-04-30 17:04:20.064563,33.6,42.9,0.0,0.0,24,5.3,53.0,0.0,0,0.0
W2569,2025-01-06 17:04:20.064563,22.7,71.3,0.0,0.0,66,7.1,12.4,0.0,0,0.0
W2570,2024-06-06 17:04:20.064563,25.4,61.2,2.0,2.0,37,3.9,73.9,0.0,0,0.0
W2571,2025-03-07 17:04:20.064563,10.5,96.9,0.0,0.0,16,7.9,37.2,0.0,0,0.0
W2572,2025-06-13 17:04:20.064563,22.0,80.2,0.0,0.0,91,5.6,56.8,0.0,0,0.0
W2573,2026-01-18 17:04:20.064563,24.5,56.7,9.4,9.4,41,5.0,73.4,0.0,0,0.0
W2574,2024-12-05 17:04:20.064563,45.0,50.1,0.0,0.0,63,6.2,90.2,20.0,1,303.9
W2575,2025-07-21 17:04:20.064563,13.9,78.1,4.4,4.4,26,3.5,81.9,0.0,0,0.0
W2576,2024-10-23 17:04:20.064563,39.6,66.1,0.0,0.0,37,5.6,53.7,9.200000000000003,0,0.0
W2577,2024-10-10 17:04:20.064563,35.0,57.1,0.0,0.0,29,3.1,99.1,0.0,0,0.0
W2578,2025-09-20 17:04:20.064563,27.8,55.8,0.0,0.0,89,4.7,53.0,0.0,0,0.0
W2579,2024-12-20 17:04:20.064563,42.6,34.7,0.0,0.0,29,5.7,53.6,15.200000000000003,1,210.74
W2580,2025-10-14 17:04:20.064563,28.7,70.4,0.0,0.0,94,6.4,15.8,0.0,0,0.0
W2581,2026-02-28 17:04:20.064563,28.9,62.7,4.4,4.4,34,8.7,14.9,1.3999999999999986,0,0.0
W2582,2024-12-21 17:04:20.064563,24.5,72.3,0.0,0.0,38,8.3,16.9,0.6000000000000014,0,0.0
W2583,2024-08-05 17:04:20.064563,37.2,70.3,0.5,0.5,61,4.8,59.2,4.5080000000000044,0,0.0
W2584,2024-07-07 17:04:20.064563,36.0,49.1,0.0,0.0,50,4.0,41.5,2.0,0,0.0
W2585,2025-12-08 17:04:20.064563,18.7,82.5,8.0,8.0,50,5.3,38.6,0.0,0,0.0
W2586,2025-11-08 17:04:20.064563,11.8,100.0,0.0,0.0,47,7.5,12.8,0.0,0,0.0
W2587,2024-11-18 17:04:20.064563,23.0,78.2,0.0,0.0,59,4.6,38.1,0.0,0,0.0
W2588,2024-11-21 17:04:20.064563,17.0,68.4,10.9,10.9,29,7.1,37.8,2.725,0,0.0
W2589,2024-05-08 17:04:20.064563,24.4,78.5,12.5,12.5,58,5.2,62.1,3.125,0,0.0
W2590,2026-02-01 17:04:20.064563,37.4,42.3,0.0,0.0,77,4.1,38.8,4.799999999999997,0,0.0
W2591,2025-09-12 17:04:20.064563,20.4,93.4,4.8,4.8,62,4.5,41.9,0.0,0,0.0
W2592,2024-11-04 17:04:20.064563,24.6,64.9,0.0,0.0,88,5.0,27.3,0.0,0,0.0
W2593,2025-12-31 17:04:20.064563,25.6,100.0,14.2,14.2,45,5.1,13.2,3.55,0,0.0
W2594,2024-11-11 17:04:20.064563,33.5,74.4,0.0,0.0,72,4.2,30.0,0.770000000000001,0,0.0
W2595,2024-05-10 17:04:20.064563,2.5,98.2,0.0,0.0,66,5.5,4.3,0.0,0,0.0
W2596,2024-06-28 17:04:20.064563,18.9,81.8,0.0,0.0,55,5.1,20.4,0.0,0,0.0
W2597,2025-05-15 17:04:20.064563,27.1,76.9,0.0,0.0,55,6.3,32.5,0.0,0,0.0
W2598,2025-02-19 17:04:20.064563,37.0,62.3,0.0,0.0,73,5.9,14.6,4.0,0,0.0
W2599,2025-07-14 17:04:20.064563,20.1,84.3,0.0,0.0,90,4.4,66.5,0.0,0,0.0
W2600,2024-06-28 17:04:20.064563,6.2,100.0,6.6,6.6,69,5.3,28.1,0.0,0,0.0
W2601,2026-02-13 17:04:20.064563,31.2,62.0,0.0,0.0,82,3.1,61.6,0.0,0,0.0
W2602,2024-08-05 17:04:20.064563,18.6,78.4,0.0,0.0,49,4.9,64.4,0.0,0,0.0
W2603,2024-03-23 17:04:20.064563,13.1,86.9,5.1,5.1,72,3.8,44.7,0.0,0,0.0
W2604,2025-10-02 17:04:20.064563,18.8,90.4,3.1,3.1,58,3.8,44.9,0.0,0,0.0
W2605,2024-08-26 17:04:20.064563,23.2,78.9,0.0,0.0,76,4.1,58.1,0.0,0,0.0
W2606,2025-05-08 17:04:20.064563,19.0,84.5,0.0,0.0,84,6.9,26.2,0.0,0,0.0
W2607,2026-01-15 17:04:20.064563,2.9,100.0,4.8,4.8,40,4.4,2.1,0.0,0,0.0
W2608,2025-07-18 17:04:20.064563,34.0,38.5,0.0,0.0,76,1.7,64.5,0.0,0,0.0
W2609,2025-07-19 17:04:20.064563,37.7,56.5,0.0,0.0,78,3.6,60.9,5.400000000000006,0,0.0
W2610,2026-01-13 17:04:20.064563,31.5,64.9,0.6,0.6,93,4.2,47.6,0.0,0,0.0
W2611,2024-10-08 17:04:20.064563,13.6,100.0,0.0,0.0,64,2.1,87.6,0.0,0,0.0
W2612,2025-01-06 17:04:20.064563,23.0,60.2,0.0,0.0,73,2.7,50.9,0.0,0,0.0
W2613,2025-02-09 17:04:20.064563,24.9,88.2,0.0,0.0,78,2.4,30.3,0.0,0,0.0
W2614,2025-01-04 17:04:20.064563,31.0,64.3,0.0,0.0,65,3.0,71.4,0.0,0,0.0
W2615,2026-01-08 17:04:20.064563,31.7,67.4,0.0,0.0,65,4.1,96.2,0.0,0,0.0
W2616,2024-05-17 17:04:20.064563,17.7,100.0,2.6,2.6,59,4.2,73.7,0.0,0,0.0
W2617,2024-06-17 17:04:20.064563,25.8,76.9,0.0,0.0,73,2.4,90.9,0.0,0,0.0
W2618,2026-01-14 17:04:20.064563,29.6,69.6,0.7,0.7,110,3.1,11.3,0.0,0,0.0
W2619,2025-10-26 17:04:20.064563,39.6,53.1,0.0,0.0,74,3.8,12.1,9.200000000000003,1,56.68
W2620,2024-11-10 17:04:20.064563,32.0,57.1,0.0,0.0,86,2.9,15.5,0.0,0,0.0
W2621,2025-09-16 17:04:20.064563,32.9,60.4,0.6,0.6,76,1.5,70.3,0.0,0,0.0
W2622,2024-04-25 17:04:20.064563,25.8,64.1,0.0,0.0,71,2.8,39.0,0.0,0,0.0
W2623,2024-09-13 17:04:20.064563,39.1,50.9,0.0,0.0,77,3.7,47.8,8.200000000000003,0,0.0
W2624,2025-05-19 17:04:20.064563,29.1,43.0,6.2,6.2,80,2.4,26.2,0.0,0,0.0
W2625,2024-09-14 17:04:20.064563,16.4,89.7,3.2,3.2,70,1.6,73.6,0.0,0,0.0
W2626,2024-04-24 17:04:20.064563,39.0,50.2,0.0,0.0,74,1.3,84.5,8.0,0,0.0
W2627,2025-04-28 17:04:20.064563,32.0,58.7,5.4,5.4,62,3.2,16.0,0.0,0,0.0
W2628,2025-08-07 17:04:20.064563,20.6,81.3,0.0,0.0,58,3.1,19.3,0.0,0,0.0
W2629,2024-09-24 17:04:20.064563,20.2,65.4,0.0,0.0,99,0.9,33.9,0.0,0,0.0
W2630,2025-01-08 17:04:20.064563,28.0,87.3,2.6,2.6,64,1.7,28.0,0.0,0,0.0
W2631,2024-04-25 17:04:20.064563,29.6,64.5,0.0,0.0,108,2.6,53.2,0.0,0,0.0
W2632,2024-03-27 17:04:20.064563,27.0,68.1,0.0,0.0,83,0.9,75.3,0.0,0,0.0
W2633,2025-01-17 17:04:20.064563,28.1,58.2,0.0,0.0,107,2.5,79.3,0.0,0,0.0
W2634,2025-10-20 17:04:20.064563,42.0,47.2,0.0,0.0,75,2.2,20.8,14.0,1,110.75
W2635,2025-11-25 17:04:20.064563,35.7,70.3,10.7,10.7,43,3.2,17.6,4.160500000000004,0,0.0
W2636,2024-07-05 17:04:20.064563,26.9,80.0,2.8,2.8,94,0.8,36.4,0.0,0,0.0
W2637,2025-02-24 17:04:20.064563,34.4,66.9,0.0,0.0,68,1.9,14.8,0.0,0,0.0
W2638,2025-01-03 17:04:20.064563,14.7,93.5,0.0,0.0,105,1.8,9.2,0.0,0,0.0
W2639,2025-06-26 17:04:20.064563,29.0,62.9,0.0,0.0,91,2.0,24.3,0.0,0,0.0
W2640,2026-01-03 17:04:20.064563,43.1,30.9,0.0,0.0,109,1.0,39.4,16.200000000000003,1,189.98
W2641,2025-09-25 17:04:20.064563,22.8,73.8,7.6,7.6,45,1.6,58.8,0.0,0,0.0
W2642,2025-09-05 17:04:20.064563,16.5,82.9,0.0,0.0,99,0.0,72.3,0.0,0,0.0
W2643,2025-08-05 17:04:20.064563,18.5,92.8,0.0,0.0,65,0.3,22.3,0.0,0,0.0
W2644,2024-08-02 17:04:20.064563,14.1,91.9,0.0,0.0,32,0.0,81.9,0.0,0,0.0
W2645,2025-08-16 17:04:20.064563,17.2,100.0,5.1,5.1,87,0.0,3.4,0.0,0,0.0
W2646,2025-07-10 17:04:20.064563,21.3,90.0,1.6,1.6,76,0.0,44.4,0.0,0,0.0
W2647,2024-12-22 17:04:20.064563,10.9,89.0,0.0,0.0,99,0.3,63.3,0.0,0,0.0
W2648,2024-10-01 17:04:20.064563,25.2,54.3,0.0,0.0,81,1.0,29.1,0.0,0,0.0
W2649,2024-07-11 17:04:20.064563,34.0,72.8,0.0,0.0,80,0.6,68.4,0.5599999999999994,0,0.0
W2650,2025-02-19 17:04:20.064563,15.9,99.7,0.0,0.0,109,0.8,86.7,0.0,0,0.0
W2651,2024-08-31 17:04:20.064563,40.2,36.0,0.0,0.0,82,0.1,8.9,10.400000000000006,1,205.87
W2652,2025-06-30 17:04:20.064563,30.1,79.9,4.9,4.9,60,0.0,51.3,0.04950000000000073,0,0.0
W2653,2026-01-10 17:04:20.064563,35.3,60.9,0.0,0.0,78,0.0,1.9,0.5999999999999943,0,0.0
W2654,2024-12-06 17:04:20.064563,18.4,84.0,1.2,1.2,80,0.0,28.0,0.0,0,0.0
W2655,2024-09-24 17:04:20.064563,33.5,75.8,0.0,0.0,22,0.0,13.7,1.0149999999999995,0,0.0
W2656,2024-04-01 17:04:20.064563,14.1,100.0,0.0,0.0,89,0.0,62.4,0.0,0,0.0
W2657,2025-02-26 17:04:20.064563,33.9,65.7,0.0,0.0,106,0.9,24.9,0.0,0,0.0
W2658,2025-01-14 17:04:20.064563,26.7,74.7,0.0,0.0,78,0.0,28.2,0.0,0,0.0
W2659,2025-10-20 17:04:20.064563,30.5,70.4,1.3,1.3,68,0.0,20.6,0.010000000000000142,0,0.0
W2660,2026-02-06 17:04:20.064563,13.2,86.1,0.0,0.0,86,0.0,24.4,0.0,0,0.0
W2661,2024-10-01 17:04:20.064563,16.0,85.4,9.7,9.7,94,1.3,22.5,0.0,0,0.0
W2662,2024-09-13 17:04:20.064563,31.0,54.5,0.0,0.0,88,0.0,69.8,0.0,0,0.0
W2663,2025-12-03 17:04:20.064563,15.5,83.4,0.0,0.0,83,0.1,95.6,0.0,0,0.0
W2664,2026-01-01 17:04:20.064563,29.6,61.9,0.0,0.0,70,0.4,49.0,0.0,0,0.0
W2665,2025-05-07 17:04:20.064563,11.3,86.7,0.0,0.0,57,1.4,60.0,0.0,0,0.0
W2666,2025-05-29 17:04:20.064563,33.5,61.1,11.5,11.5,55,0.1,81.8,2.875,0,0.0
W2667,2025-08-27 17:04:20.064563,12.7,87.7,0.0,0.0,78,0.0,47.6,0.0,0,0.0
W2668,2025-02-16 17:04:20.064563,30.5,69.2,0.0,0.0,39,0.1,30.2,0.0,0,0.0
W2669,2024-06-14 17:04:20.064563,31.3,46.9,0.0,0.0,63,1.4,95.1,0.0,0,0.0
W2670,2025-05-02 17:04:20.064563,18.0,81.8,0.0,0.0,100,0.6,90.6,0.0,0,0.0
W2671,2026-02-01 17:04:20.064563,30.8,65.1,3.6,3.6,64,0.2,22.0,0.0,0,0.0
W2672,2024-06-23 17:04:20.064563,27.6,65.5,10.9,10.9,15,0.4,70.3,2.725,1,40.04
W2673,2024-09-23 17:04:20.064563,19.6,78.9,10.1,10.1,88,0.0,64.7,2.525,0,0.0
W2674,2024-08-08 17:04:20.064563,14.9,71.8,14.1,14.1,30,0.0,65.0,3.525,0,0.0
W2675,2025-07-19 17:04:20.064563,5.4,100.0,0.0,0.0,66,0.9,83.1,0.0,0,0.0
W2676,2025-02-12 17:04:20.064563,28.5,73.7,2.6,2.6,92,1.3,67.4,0.0,0,0.0
W2677,2024-11-27 17:04:20.064563,9.4,100.0,5.5,5.5,50,0.0,51.8,0.0,0,0.0
W2678,2024-03-24 17:04:20.064563,26.0,81.5,2.7,2.7,30,0.2,84.6,0.0,0,0.0
W2679,2024-12-10 17:04:20.064563,22.4,78.5,0.0,0.0,79,0.6,26.5,0.0,0,0.0
W2680,2025-04-14 17:04:20.064563,31.8,67.1,0.0,0.0,91,1.7,67.9,0.0,0,0.0
W2681,2024-11-14 17:04:20.064563,22.0,78.6,1.6,1.6,62,0.0,70.2,0.0,0,0.0
W2682,2025-06-18 17:04:20.064563,21.7,84.3,0.0,0.0,72,0.7,87.0,0.0,0,0.0
W2683,2024-12-16 17:04:20.064563,32.3,45.7,0.0,0.0,50,2.0,99.8,0.0,0,0.0
W2684,2025-02-18 17:04:20.064563,28.4,58.5,13.4,13.4,27,0.0,55.8,3.35,0,0.0
W2685,2025-01-21 17:04:20.064563,28.2,83.6,0.0,0.0,67,0.1,48.4,0.0,0,0.0
W2686,2025-11-04 17:04:20.064563,29.7,40.9,0.0,0.0,86,0.0,60.1,0.0,0,0.0
W2687,2025-10-25 17:04:20.064563,9.6,94.1,15.0,15.0,44,0.0,65.9,3.75,0,0.0
W2688,2024-03-29 17:04:20.064563,32.6,72.9,0.0,0.0,92,0.9,71.3,0.37700000000000095,0,0.0
W2689,2024-12-10 17:04:20.064563,31.1,62.4,0.4,0.4,104,1.2,28.1,0.0,0,0.0
W2690,2026-01-16 17:04:20.064563,14.8,83.7,0.0,0.0,89,1.2,48.7,0.0,0,0.0
W2691,2025-03-21 17:04:20.064563,22.6,77.5,0.5,0.5,38,0.0,37.1,0.0,0,0.0
W2692,2026-02-25 17:04:20.064563,24.6,69.6,0.5,0.5,64,0.0,3.9,0.0,0,0.0
W2693,2024-11-14 17:04:20.064563,23.7,74.8,0.0,0.0,88,0.5,61.0,0.0,0,0.0
W2694,2024-05-20 17:04:20.064563,28.3,60.7,0.0,0.0,68,0.0,87.5,0.0,0,0.0
W2695,2026-01-30 17:04:20.064563,39.3,62.1,0.0,0.0,37,0.5,92.1,8.599999999999994,0,0.0
W2696,2024-07-17 17:04:20.064563,35.8,70.5,3.6,3.6,51,1.9,51.7,1.7449999999999943,0,0.0
W2697,2025-07-07 17:04:20.064563,11.9,90.8,0.0,0.0,23,1.1,76.6,0.0,0,0.0
W2698,2025-01-26 17:04:20.064563,31.2,49.3,0.0,0.0,63,0.0,71.2,0.0,0,0.0
W2699,2024-08-28 17:04:20.064563,38.3,47.3,0.0,0.0,54,0.4,22.9,6.599999999999994,0,0.0
W2700,2025-05-07 17:04:20.064563,28.9,64.9,0.0,0.0,60,0.2,6.3,0.0,0,0.0
W2701,2026-02-18 17:04:20.064563,35.9,61.2,0.0,0.0,91,0.3,74.8,1.7999999999999972,0,0.0
W2702,2025-08-14 17:04:20.064563,45.0,32.4,1.3,1.3,37,0.1,28.3,20.0,1,393.63
W2703,2026-03-08 17:04:20.064563,35.2,49.5,0.0,0.0,52,0.0,54.9,0.4000000000000057,0,0.0
W2704,2025-01-30 17:04:20.064563,27.5,73.9,0.3,0.3,42,0.0,52.4,0.0,0,0.0
W2705,2026-02-22 17:04:20.064563,35.5,66.2,0.0,0.0,87,0.3,81.8,1.0,0,0.0
W2706,2024-07-16 17:04:20.064563,26.4,64.1,6.3,6.3,75,0.6,64.5,0.0,0,0.0
W2707,2026-01-01 17:04:20.064563,25.2,58.8,0.0,0.0,72,0.0,84.7,0.0,0,0.0
W2708,2025-01-14 17:04:20.064563,21.5,100.0,10.4,10.4,49,1.3,75.2,2.6,0,0.0
W2709,2025-03-29 17:04:20.064563,40.6,56.9,0.0,0.0,40,0.0,100.0,11.200000000000003,1,204.18
W2710,2025-12-07 17:04:20.064563,16.8,82.1,15.9,15.9,35,0.0,86.4,3.975,0,0.0
W2711,2024-10-30 17:04:20.064563,40.3,58.2,0.0,0.0,40,0.1,21.1,10.599999999999994,1,131.36
W2712,2024-10-28 17:04:20.064563,30.0,63.8,14.0,14.0,35,0.0,96.1,3.5,0,0.0
W2713,2024-08-01 17:04:20.064563,11.0,100.0,0.0,0.0,55,1.0,34.0,0.0,0,0.0
W2714,2025-07-20 17:04:20.064563,28.7,68.6,0.0,0.0,49,0.0,60.8,0.0,0,0.0
W2715,2024-08-21 17:04:20.064563,4.0,100.0,0.0,0.0,61,1.4,94.1,0.0,0,0.0
W2716,2025-06-26 17:04:20.064563,31.3,62.0,4.0,4.0,66,0.0,21.4,0.0,0,0.0
W2717,2025-11-28 17:04:20.064563,33.9,44.7,9.9,9.9,76,0.1,85.7,0.0,0,0.0
W2718,2025-04-04 17:04:20.064563,19.1,100.0,0.0,0.0,70,0.0,95.3,0.0,0,0.0
W2719,2025-05-17 17:04:20.064563,26.2,61.2,4.6,4.6,95,0.0,85.4,0.0,0,0.0
W2720,2026-03-06 17:04:20.064563,44.5,29.6,0.0,0.0,62,0.1,81.9,19.0,1,188.02
W2721,2025-10-01 17:04:20.064563,19.9,78.0,0.0,0.0,94,1.2,26.5,0.0,0,0.0
W2722,2025-07-13 17:04:20.064563,14.4,78.8,4.0,4.0,58,0.0,40.7,0.0,0,0.0
W2723,2025-09-19 17:04:20.064563,39.8,49.8,19.0,19.0,24,0.0,76.0,14.349999999999994,1,93.36
W2724,2026-01-27 17:04:20.064563,44.6,49.9,0.0,0.0,53,1.5,11.8,19.200000000000003,1,208.93
W2725,2024-10-27 17:04:20.064563,25.0,82.4,6.9,6.9,48,1.6,88.8,0.0,0,0.0
W2726,2024-11-26 17:04:20.064563,35.1,65.5,5.2,5.2,54,0.0,21.0,0.20000000000000284,0,0.0
W2727,2026-02-12 17:04:20.064563,38.4,49.3,0.0,0.0,27,0.0,56.5,6.799999999999997,0,0.0
W2728,2025-11-18 17:04:20.064563,17.6,84.1,0.9,0.9,67,0.0,10.5,0.0,0,0.0
W2729,2024-06-09 17:04:20.064563,20.1,83.9,0.0,0.0,24,0.0,18.5,0.0,0,0.0
W2730,2025-09-07 17:04:20.064563,37.3,36.5,0.0,0.0,67,0.0,58.6,4.599999999999994,1,27.78
W2731,2025-06-18 17:04:20.064563,41.9,52.9,0.0,0.0,65,0.0,63.5,13.799999999999997,1,125.67
W2732,2025-09-09 17:04:20.064563,30.6,49.5,0.0,0.0,81,2.1,27.0,0.0,0,0.0
W2733,2026-03-08 17:04:20.064563,16.2,100.0,1.6,1.6,31,0.3,11.9,0.0,0,0.0
W2734,2025-03-23 17:04:20.064563,44.9,38.6,0.0,0.0,32,0.0,55.0,19.799999999999997,0,0.0
W2735,2024-06-05 17:04:20.064563,19.7,78.6,2.0,2.0,69,0.7,84.1,0.0,0,0.0
W2736,2025-10-16 17:04:20.064563,21.6,69.8,0.0,0.0,29,1.0,20.1,0.0,0,0.0
W2737,2024-07-10 17:04:20.064563,28.4,61.1,0.0,0.0,26,1.2,69.2,0.0,0,0.0
W2738,2024-05-20 17:04:20.064563,40.5,71.9,0.0,0.0,53,0.3,38.6,11.997500000000002,0,0.0
W2739,2025-09-29 17:04:20.064563,33.5,69.1,0.0,0.0,48,0.0,94.3,0.0,0,0.0
W2740,2025-08-17 17:04:20.064563,29.1,50.8,0.0,0.0,51,0.2,8.3,0.0,0,0.0
W2741,2024-10-11 17:04:20.064563,29.6,80.6,2.0,2.0,54,0.0,4.0,0.0,0,0.0
W2742,2025-10-25 17:04:20.064563,25.4,83.8,7.7,7.7,43,0.0,12.4,0.0,0,0.0
W2743,2025-09-18 17:04:20.064563,30.6,61.3,0.0,0.0,45,1.0,78.2,0.0,0,0.0
W2744,2024-08-18 17:04:20.064563,-0.3,100.0,0.0,2.7,47,0.0,92.3,0.8999999999999999,1,25.68
W2745,2024-09-02 17:04:20.064563,22.0,76.8,0.0,0.0,44,0.0,82.2,0.0,0,0.0
W2746,2025-02-16 17:04:20.064563,27.4,88.6,4.5,4.5,37,0.0,71.8,0.0,0,0.0
W2747,2025-09-01 17:04:20.064563,13.5,81.8,0.0,0.0,17,0.7,5.8,0.0,0,0.0
W2748,2025-06-13 17:04:20.064563,28.9,68.2,0.0,0.0,59,0.0,21.4,0.0,0,0.0
W2749,2024-07-15 17:04:20.064563,23.0,71.3,7.0,7.0,51,0.0,93.5,0.0,0,0.0
W2750,2026-02-12 17:04:20.064563,42.6,31.8,0.0,0.0,56,0.0,62.3,15.200000000000003,1,185.43
W2751,2024-10-14 17:04:20.064563,40.7,70.8,0.0,0.0,54,2.2,46.8,11.828000000000005,1,165.86
W2752,2025-11-05 17:04:20.064563,20.3,67.7,0.8,0.8,21,0.1,65.2,0.0,0,0.0
W2753,2025-07-31 17:04:20.064563,23.5,77.0,0.0,0.0,15,1.6,17.9,0.0,0,0.0
W2754,2024-06-19 17:04:20.064563,24.3,56.2,8.0,8.0,42,0.2,89.3,0.0,0,0.0
W2755,2025-08-22 17:04:20.064563,20.5,75.3,0.0,0.0,41,0.3,65.6,0.0,0,0.0
W2756,2025-06-17 17:04:20.064563,27.0,73.8,4.1,4.1,35,0.0,47.1,0.0,0,0.0
W2757,2024-05-13 17:04:20.064563,17.4,75.6,1.7,1.7,41,0.0,45.7,0.0,0,0.0
W2758,2025-06-25 17:04:20.064563,13.7,95.3,0.0,0.0,44,0.0,82.2,0.0,0,0.0
W2759,2024-07-31 17:04:20.064563,31.2,60.5,0.0,0.0,52,0.0,30.8,0.0,0,0.0
W2760,2025-08-25 17:04:20.064563,31.3,74.7,0.0,0.0,36,0.0,13.7,0.3055000000000004,0,0.0
W2761,2025-05-17 17:04:20.064563,17.0,98.2,0.0,0.0,15,0.0,18.6,0.0,0,0.0
W2762,2025-06-28 17:04:20.064563,34.0,53.2,0.0,0.0,51,0.2,8.1,0.0,0,0.0
W2763,2025-10-16 17:04:20.064563,18.7,82.7,10.2,10.2,28,0.0,50.8,2.55,0,0.0
W2764,2024-05-16 17:04:20.064563,27.5,70.5,2.1,2.1,15,0.1,67.7,0.0,0,0.0
W2765,2025-10-11 17:04:20.064563,33.2,66.4,6.5,6.5,15,0.3,93.4,0.0,0,0.0
W2766,2025-07-04 17:04:20.064563,24.7,73.1,5.4,5.4,42,1.4,75.1,0.0,0,0.0
W2767,2026-02-04 17:04:20.064563,29.5,67.6,0.0,0.0,57,0.3,58.3,0.0,0,0.0
W2768,2025-01-27 17:04:20.064563,19.8,77.8,0.0,0.0,15,0.0,86.4,0.0,0,0.0
W2769,2024-04-09 17:04:20.064563,23.0,76.6,0.6,0.6,42,0.0,89.2,0.0,0,0.0
W2770,2025-04-27 17:04:20.064563,22.9,88.6,0.0,0.0,29,0.7,71.2,0.0,0,0.0
W2771,2024-12-03 17:04:20.064563,17.5,90.2,23.5,23.5,15,0.0,5.6,11.75,1,146.03
W2772,2024-03-21 17:04:20.064563,23.2,82.2,0.0,0.0,35,0.0,29.2,0.0,0,0.0
W2773,2024-10-27 17:04:20.064563,9.5,100.0,0.0,0.0,17,0.2,33.6,0.0,0,0.0
W2774,2025-10-31 17:04:20.064563,20.1,78.3,3.8,3.8,37,0.0,99.7,0.0,0,0.0
W2775,2024-05-31 17:04:20.064563,22.2,80.0,0.0,0.0,18,0.1,46.4,0.0,0,0.0
W2776,2024-05-03 17:04:20.064563,22.4,65.5,6.5,6.5,33,0.0,76.2,0.0,0,0.0
W2777,2025-05-25 17:04:20.064563,22.6,88.8,0.0,0.0,50,0.0,81.4,0.0,0,0.0
W2778,2025-03-05 17:04:20.064563,24.4,45.6,0.0,0.0,15,2.0,65.3,0.0,0,0.0
W2779,2026-03-05 17:04:20.064563,29.8,64.4,0.0,0.0,15,0.0,1.8,0.0,0,0.0
W2780,2024-05-22 17:04:20.064563,33.7,70.8,0.0,0.0,32,0.8,1.9,0.1479999999999996,0,0.0
W2781,2025-09-23 17:04:20.064563,18.5,68.6,12.0,12.0,35,1.0,81.9,3.0,0,0.0
W2782,2024-05-18 17:04:20.064563,13.0,94.5,3.4,3.4,15,0.9,73.9,0.0,0,0.0
W2783,2024-05-27 17:04:20.064563,14.6,81.3,0.0,0.0,20,0.4,53.6,0.0,0,0.0
W2784,2025-07-14 17:04:20.064563,20.1,76.1,2.5,2.5,29,0.0,24.9,0.0,0,0.0
W2785,2024-04-19 17:04:20.064563,21.5,87.2,9.5,9.5,22,0.0,8.7,0.0,0,0.0
W2786,2025-01-05 17:04:20.064563,17.3,86.0,0.0,0.0,38,0.0,16.4,0.0,0,0.0
W2787,2025-05-10 17:04:20.064563,12.0,71.6,0.0,0.0,28,0.0,58.0,0.0,0,0.0
W2788,2024-09-18 17:04:20.064563,20.4,69.6,7.5,7.5,15,0.0,54.6,0.0,0,0.0
W2789,2024-08-03 17:04:20.064563,26.8,79.5,4.3,4.3,24,0.0,94.1,0.0,0,0.0
W2790,2026-01-03 17:04:20.064563,31.0,68.1,0.0,0.0,15,0.5,95.7,0.0,0,0.0
W2791,2026-01-08 17:04:20.064563,19.4,98.3,7.6,7.6,48,0.0,57.6,0.0,0,0.0
W2792,2025-05-22 17:04:20.064563,20.9,95.5,0.0,0.0,22,0.0,84.1,0.0,0,0.0
W2793,2025-04-05 17:04:20.064563,15.7,83.0,0.0,0.0,29,0.0,81.2,0.0,0,0.0
W2794,2025-04-13 17:04:20.064563,24.7,98.0,0.0,0.0,67,0.1,75.2,0.0,0,0.0
W2795,2025-06-20 17:04:20.064563,16.5,85.5,0.5,0.5,15,0.0,43.7,0.0,1,32.05
W2796,2025-04-08 17:04:20.064563,30.7,54.3,0.0,0.0,71,0.0,38.9,0.0,0,0.0
W2797,2025-04-06 17:04:20.064563,7.1,93.0,0.7,0.7,37,0.4,26.4,0.0,0,0.0
W2798,2024-06-08 17:04:20.064563,21.4,55.3,0.0,0.0,33,0.1,93.7,0.0,0,0.0
W2799,2026-02-15 17:04:20.064563,28.0,84.1,0.0,0.0,36,0.6,83.4,0.0,0,0.0
W2800,2026-01-24 17:04:20.064563,26.8,85.7,4.2,4.2,15,0.6,17.7,0.0,0,0.0
W2801,2025-09-21 17:04:20.064563,45.0,32.3,0.0,0.0,15,0.7,25.2,20.0,1,390.14
W2802,2024-08-01 17:04:20.064563,28.5,65.0,0.0,0.0,15,1.7,58.1,0.0,0,0.0
W2803,2026-01-16 17:04:20.064563,15.0,88.5,4.9,4.9,34,0.1,41.4,0.0,0,0.0
W2804,2025-03-09 17:04:20.064563,24.0,64.3,21.2,21.2,15,0.0,21.4,10.6,0,0.0
W2805,2024-07-17 17:04:20.064563,7.2,81.6,0.2,0.2,15,0.0,79.1,0.0,0,0.0
W2806,2024-09-16 17:04:20.064563,24.2,71.6,0.0,0.0,20,0.0,0.2,0.0,0,0.0
W2807,2025-09-19 17:04:20.064563,16.7,81.8,0.0,0.0,33,0.0,34.3,0.0,0,0.0
W2808,2025-04-24 17:04:20.064563,34.2,54.9,0.0,0.0,22,0.0,92.9,0.0,0,0.0
W2809,2025-09-10 17:04:20.064563,19.5,83.0,2.4,2.4,29,0.2,76.1,0.0,0,0.0
W2810,2024-07-26 17:04:20.064563,23.8,88.5,4.7,4.7,35,0.0,40.1,0.0,0,0.0
W2811,2024-11-01 17:04:20.064563,18.6,79.0,0.0,0.0,32,1.9,92.9,0.0,0,0.0
W2812,2024-03-21 17:04:20.064563,42.4,48.1,0.0,0.0,18,1.9,90.1,14.799999999999997,0,0.0
W2813,2024-04-10 17:04:20.064563,21.8,84.6,0.0,0.0,15,0.7,5.3,0.0,0,0.0
W2814,2025-01-17 17:04:20.064563,43.3,50.6,0.0,0.0,36,0.6,12.8,16.599999999999994,0,0.0
W2815,2025-07-05 17:04:20.064563,33.1,54.1,0.0,0.0,26,0.0,38.7,0.0,0,0.0
W2816,2026-02-05 17:04:20.064563,29.8,66.2,12.7,12.7,15,0.2,92.9,3.175,0,0.0
W2817,2025-09-26 17:04:20.064563,28.7,72.4,0.0,0.0,46,0.0,84.4,0.0,0,0.0
W2818,2025-05-26 17:04:20.064563,28.9,55.3,0.0,0.0,25,0.1,4.8,0.0,0,0.0
W2819,2025-09-13 17:04:20.064563,5.7,100.0,16.0,16.0,15,0.0,51.2,4.0,0,0.0
W2820,2025-04-10 17:04:20.064563,22.2,91.0,0.0,0.0,15,0.4,72.0,0.0,0,0.0
W2821,2024-11-08 17:04:20.064563,33.5,52.6,0.0,0.0,42,0.0,27.6,0.0,0,0.0
W2822,2024-11-26 17:04:20.064563,24.5,75.2,0.0,0.0,15,3.0,72.3,0.0,0,0.0
W2823,2025-07-02 17:04:20.064563,10.9,100.0,0.0,0.0,53,1.4,37.0,0.0,0,0.0
W2824,2025-03-07 17:04:20.064563,24.5,67.8,0.0,0.0,15,1.3,27.4,0.0,0,0.0
W2825,2024-08-23 17:04:20.064563,42.0,51.8,0.0,0.0,15,0.0,39.3,14.0,1,112.75
W2826,2024-12-25 17:04:20.064563,37.5,55.4,0.0,0.0,25,0.0,95.1,5.0,0,0.0
W2827,2024-09-27 17:04:20.064563,24.4,58.8,0.0,0.0,15,0.3,90.5,0.0,0,0.0
W2828,2024-07-11 17:04:20.064563,34.5,62.8,3.9,3.9,15,0.0,91.4,0.0,0,0.0
W2829,2024-04-19 17:04:20.064563,21.3,67.0,0.0,0.0,15,1.9,91.7,0.0,0,0.0
W2830,2026-01-23 17:04:20.064563,8.0,100.0,12.6,12.6,15,0.8,17.8,3.15,0,0.0
W2831,2025-05-21 17:04:20.064563,15.8,79.7,0.0,0.0,26,0.1,89.6,0.0,0,0.0
W2832,2025-12-07 17:04:20.064563,40.6,47.4,0.0,0.0,19,1.9,21.2,11.200000000000003,1,77.24
W2833,2024-04-03 17:04:20.064563,22.3,90.3,3.3,3.3,31,0.5,83.8,0.0,0,0.0
W2834,2024-11-19 17:04:20.064563,22.6,81.1,4.9,4.9,15,0.8,54.2,0.0,0,0.0
W2835,2024-10-15 17:04:20.064563,22.0,66.2,0.0,0.0,15,1.8,24.0,0.0,0,0.0
W2836,2024-05-25 17:04:20.064563,44.0,33.8,0.0,0.0,35,0.1,39.9,18.0,1,200.09
W2837,2024-06-29 17:04:20.064563,41.3,42.1,4.1,4.1,15,1.9,43.3,12.599999999999994,1,121.16
W2838,2025-11-16 17:04:20.064563,45.0,46.4,5.4,5.4,15,1.4,73.3,20.0,1,311.47
W2839,2024-04-21 17:04:20.064563,23.4,78.5,5.2,5.2,15,0.1,60.6,0.0,0,0.0
W2840,2025-06-18 17:04:20.064563,28.0,59.6,2.3,2.3,15,2.9,81.7,0.0,0,0.0
W2841,2025-11-20 17:04:20.064563,9.8,83.6,0.0,0.0,28,0.9,39.7,0.0,0,0.0
W2842,2026-02-04 17:04:20.064563,39.8,53.2,8.2,8.2,15,0.0,74.4,9.599999999999994,1,34.76
W2843,2026-03-08 17:04:20.064563,13.3,88.2,0.0,0.0,20,0.4,79.3,0.0,0,0.0
W2844,2024-05-06 17:04:20.064563,27.2,90.8,9.5,9.5,15,1.0,6.3,0.0,0,0.0
W2845,2024-11-23 17:04:20.064563,14.0,89.3,4.7,4.7,15,2.0,37.6,0.0,0,0.0
W2846,2024-05-02 17:04:20.064563,19.1,99.5,0.0,0.0,15,2.9,88.6,0.0,0,0.0
W2847,2025-05-03 17:04:20.064563,16.6,73.4,4.5,4.5,64,1.8,70.5,0.0,0,0.0
W2848,2025-06-10 17:04:20.064563,18.9,65.9,0.0,0.0,22,3.6,41.8,0.0,0,0.0
W2849,2024-11-12 17:04:20.064563,19.6,69.4,6.1,6.1,15,3.5,18.3,0.0,0,0.0
W2850,2025-09-21 17:04:20.064563,19.5,92.6,8.6,8.6,15,0.1,9.7,0.0,0,0.0
W2851,2024-10-26 17:04:20.064563,33.3,77.6,0.0,0.0,52,3.5,22.9,1.253999999999998,0,0.0
W2852,2024-05-14 17:04:20.064563,14.0,81.3,0.0,0.0,15,2.2,24.5,0.0,0,0.0
W2853,2024-08-08 17:04:20.064563,27.2,64.6,0.0,0.0,15,3.2,37.1,0.0,0,0.0
W2854,2025-08-15 17:04:20.064563,37.2,42.5,9.8,9.8,15,3.0,17.7,4.400000000000006,0,0.0
W2855,2025-01-08 17:04:20.064563,19.9,62.1,1.2,1.2,19,6.0,14.6,0.0,0,0.0
W2856,2024-11-12 17:04:20.064563,17.8,90.5,0.1,0.1,37,2.5,84.4,0.0,0,0.0
W2857,2025-10-28 17:04:20.064563,22.7,78.2,0.0,0.0,52,3.9,25.0,0.0,0,0.0
W2858,2025-02-07 17:04:20.064563,36.8,54.9,0.0,0.0,39,3.9,56.2,3.5999999999999943,0,0.0
W2859,2025-10-30 17:04:20.064563,26.9,55.6,0.0,0.0,15,2.1,19.9,0.0,0,0.0
W2860,2025-11-20 17:04:20.064563,19.7,96.9,0.0,0.0,15,4.2,49.2,0.0,0,0.0
W2861,2026-02-04 17:04:20.064563,29.8,60.2,0.2,0.2,15,3.4,27.7,0.0,0,0.0
W2862,2025-02-09 17:04:20.064563,14.0,94.4,0.0,0.0,40,3.5,8.7,0.0,0,0.0
W2863,2024-11-15 17:04:20.064563,31.8,47.7,1.2,1.2,34,3.1,98.2,0.0,0,0.0
W2864,2025-01-21 17:04:20.064563,29.1,64.5,0.0,0.0,50,2.0,45.8,0.0,0,0.0
W2865,2024-08-11 17:04:20.064563,21.9,80.0,3.5,3.5,29,4.7,39.3,0.0,0,0.0
W2866,2026-01-23 17:04:20.064563,16.6,88.3,0.0,0.0,15,4.2,19.9,0.0,0,0.0
W2867,2025-09-02 17:04:20.064563,16.1,87.3,0.5,0.5,21,3.6,49.5,0.0,0,0.0
W2868,2024-10-30 17:04:20.064563,30.3,69.4,0.0,0.0,15,1.2,63.5,0.0,0,0.0
W2869,2025-05-15 17:04:20.064563,37.3,42.8,0.0,0.0,39,5.2,30.5,4.599999999999994,0,0.0
W2870,2025-01-19 17:04:20.064563,18.6,84.0,0.0,0.0,15,4.2,48.0,0.0,0,0.0
W2871,2024-12-24 17:04:20.064563,29.6,66.8,0.0,0.0,52,4.2,23.7,0.0,0,0.0
W2872,2024-05-19 17:04:20.064563,4.1,100.0,7.5,7.5,24,3.1,52.8,0.0,0,0.0
W2873,2025-10-09 17:04:20.064563,19.2,82.0,0.0,0.0,67,4.1,78.7,0.0,0,0.0
W2874,2025-11-13 17:04:20.064563,24.7,60.2,0.0,0.0,37,5.8,6.0,0.0,0,0.0
W2875,2024-09-13 17:04:20.064563,15.9,73.0,3.4,3.4,30,4.2,51.8,0.0,0,0.0
W2876,2025-12-19 17:04:20.064563,15.6,64.4,2.7,2.7,20,3.7,39.9,0.0,0,0.0
W2877,2026-02-11 17:04:20.064563,18.3,90.7,0.0,0.0,22,6.0,7.4,0.0,0,0.0
W2878,2025-05-29 17:04:20.064563,27.9,76.4,0.0,0.0,24,3.4,94.1,0.0,0,0.0
W2879,2025-10-08 17:04:20.064563,23.1,83.7,1.7,1.7,47,6.6,26.0,0.0,0,0.0
W2880,2025-08-07 17:04:20.064563,2.6,100.0,4.2,4.2,15,3.2,56.5,0.0,0,0.0
W2881,2024-05-05 17:04:20.064563,3.8,83.0,24.2,24.2,15,4.4,37.3,12.1,0,0.0
W2882,2025-03-05 17:04:20.064563,18.9,71.3,0.0,0.0,15,7.4,27.1,0.0,0,0.0
W2883,2026-01-05 17:04:20.064563,29.6,67.3,1.7,1.7,36,4.9,52.7,0.0,0,0.0
W2884,2026-02-03 17:04:20.064563,-2.5,100.0,15.3,17.2,15,4.5,68.9,11.325,0,0.0
W2885,2025-04-12 17:04:20.064563,20.0,77.8,19.9,19.9,15,5.0,78.6,4.975,0,0.0
W2886,2025-09-06 17:04:20.064563,19.7,84.1,1.3,1.3,15,6.4,63.4,0.0,0,0.0
W2887,2025-02-07 17:04:20.064563,38.9,51.8,11.3,11.3,15,3.8,52.6,10.624999999999996,1,150.56
W2888,2026-03-01 17:04:20.064563,21.1,79.5,0.0,0.0,46,6.3,77.7,0.0,0,0.0
W2889,2025-05-18 17:04:20.064563,28.8,60.4,0.2,0.2,36,5.1,51.7,0.0,0,0.0
W2890,2025-05-10 17:04:20.064563,26.4,80.2,0.0,0.0,66,3.8,97.4,0.0,0,0.0
W2891,2024-08-17 17:04:20.064563,3.7,100.0,1.8,1.8,22,5.2,52.7,0.0,0,0.0
W2892,2025-01-19 17:04:20.064563,32.7,47.7,0.0,0.0,24,7.5,31.7,0.0,0,0.0
W2893,2025-04-07 17:04:20.064563,27.2,61.6,12.2,12.2,36,6.5,44.6,3.05,0,0.0
W2894,2024-09-22 17:04:20.064563,30.1,61.4,0.0,0.0,29,5.3,49.0,0.0,0,0.0
W2895,2025-09-19 17:04:20.064563,45.0,52.4,0.0,0.0,29,5.1,28.3,20.0,1,348.95
W2896,2025-07-15 17:04:20.064563,4.2,100.0,12.7,12.7,20,6.5,15.9,3.175,0,0.0
W2897,2024-11-19 17:04:20.064563,42.2,44.8,0.0,0.0,35,4.5,43.1,14.400000000000006,1,103.12
W2898,2024-11-03 17:04:20.064563,22.1,64.3,0.0,0.0,32,5.0,89.7,0.0,0,0.0
W2899,2025-01-19 17:04:20.064563,27.9,76.0,12.8,12.8,15,5.8,25.6,3.2,0,0.0
W2900,2026-03-12 17:04:20.064563,24.5,66.7,0.0,0.0,67,6.1,36.2,0.0,0,0.0
W2901,2024-08-12 17:04:20.064563,20.8,77.9,2.1,2.1,33,5.9,75.8,0.0,0,0.0
W2902,2025-07-05 17:04:20.064563,19.3,95.8,0.0,0.0,29,8.1,8.2,0.1999999999999993,0,0.0
W2903,2024-05-16 17:04:20.064563,28.3,72.6,0.0,0.0,35,4.9,82.5,0.0,0,0.0
W2904,2025-10-14 17:04:20.064563,9.8,79.0,6.5,6.5,35,4.1,72.0,0.0,0,0.0
W2905,2025-05-14 17:04:20.064563,32.5,43.5,0.0,0.0,71,6.1,55.0,0.0,0,0.0
W2906,2025-05-18 17:04:20.064563,20.8,78.1,0.0,0.0,39,6.2,20.9,0.0,0,0.0
W2907,2025-10-09 17:04:20.064563,13.7,77.3,13.8,13.8,15,7.9,9.3,3.45,0,0.0
W2908,2025-09-11 17:04:20.064563,20.5,85.7,0.4,0.4,81,5.6,23.2,0.0,0,0.0
W2909,2024-08-02 17:04:20.064563,37.6,54.1,0.0,0.0,47,6.1,76.1,5.200000000000003,0,0.0
W2910,2025-04-19 17:04:20.064563,19.6,82.2,9.0,9.0,24,4.4,93.3,0.0,0,0.0
W2911,2024-11-21 17:04:20.064563,28.6,60.1,0.0,0.0,46,5.0,73.8,0.0,0,0.0
W2912,2024-12-04 17:04:20.064563,17.7,100.0,0.0,0.0,20,6.2,52.8,0.0,0,0.0
W2913,2024-10-12 17:04:20.064563,32.6,89.6,0.9,0.9,43,4.1,95.1,2.548000000000001,1,39.67
W2914,2025-02-19 17:04:20.064563,31.9,59.4,0.0,0.0,62,4.7,82.9,0.0,0,0.0
W2915,2026-01-09 17:04:20.064563,43.5,48.3,0.0,0.0,71,6.6,65.6,17.0,1,190.11
W2916,2024-06-06 17:04:20.064563,23.2,76.1,0.0,0.0,40,8.9,3.8,1.8000000000000007,0,0.0
W2917,2025-06-21 17:04:20.064563,31.7,59.9,4.0,4.0,44,7.6,28.8,0.0,0,0.0
W2918,2025-04-01 17:04:20.064563,26.0,62.7,0.0,0.0,73,7.0,30.8,0.0,0,0.0
W2919,2024-06-20 17:04:20.064563,38.0,42.2,0.0,0.0,50,6.3,34.7,6.0,0,0.0
W2920,2025-09-17 17:04:20.064563,17.8,71.9,0.0,0.0,64,7.5,38.9,0.0,0,0.0
W2921,2024-09-29 17:04:20.064563,32.5,65.4,6.3,6.3,46,3.3,93.9,0.0,0,0.0
W2922,2024-05-09 17:04:20.064563,23.1,70.2,3.9,3.9,29,6.8,74.2,0.0,1,23.78
W2923,2024-12-17 17:04:20.064563,24.4,47.7,0.0,0.0,33,5.9,69.2,0.0,0,0.0
W2924,2025-04-08 17:04:20.064563,25.9,75.6,9.8,9.8,53,7.5,42.7,0.0,0,0.0
W2925,2026-02-05 17:04:20.064563,27.5,68.3,3.2,3.2,15,7.1,33.8,0.0,0,0.0
W2926,2025-11-27 17:04:20.064563,23.8,87.7,0.0,0.0,39,7.4,12.0,0.0,0,0.0
W2927,2025-11-25 17:04:20.064563,27.1,73.0,0.0,0.0,25,7.1,45.3,0.0,0,0.0
W2928,2024-04-27 17:04:20.064563,40.8,34.0,0.0,0.0,75,5.7,20.5,11.599999999999994,1,84.92
W2929,2024-05-31 17:04:20.064563,34.9,35.4,0.0,0.0,81,5.8,39.1,0.0,0,0.0
W2930,2024-09-26 17:04:20.064563,33.7,52.3,0.0,0.0,40,7.1,15.6,0.0,0,0.0
W2931,2025-11-09 17:04:20.064563,20.4,73.1,0.0,0.0,110,5.1,34.4,0.0,0,0.0
W2932,2026-02-03 17:04:20.064563,16.1,95.3,8.3,8.3,67,8.3,4.3,0.6000000000000014,0,0.0
W2933,2025-10-11 17:04:20.064563,34.6,58.1,4.2,4.2,52,9.0,0.6,2.0,0,0.0
W2934,2024-10-26 17:04:20.064563,33.8,70.7,0.0,0.0,87,2.7,87.0,0.13300000000000045,0,0.0
W2935,2025-07-21 17:04:20.064563,39.7,37.2,0.0,0.0,44,4.8,64.1,9.400000000000006,1,80.4
W2936,2024-10-17 17:04:20.064563,19.0,91.2,1.3,1.3,50,5.3,58.8,0.0,0,0.0
W2937,2025-02-21 17:04:20.064563,22.7,83.2,0.0,0.0,67,6.0,51.4,0.0,0,0.0
W2938,2025-01-22 17:04:20.064563,8.6,76.9,0.0,0.0,45,5.7,72.7,0.0,0,0.0
W2939,2024-04-02 17:04:20.064563,21.1,91.6,0.3,0.3,33,4.5,73.6,0.0,0,0.0
W2940,2024-10-20 17:04:20.064563,35.0,58.5,0.0,0.0,41,4.9,93.5,0.0,0,0.0
W2941,2024-09-28 17:04:20.064563,20.3,83.4,0.0,0.0,56,6.7,24.4,0.0,0,0.0
W2942,2024-07-16 17:04:20.064563,31.4,54.2,0.0,0.0,70,3.9,78.5,0.0,0,0.0
W2943,2025-07-21 17:04:20.064563,23.1,88.1,0.0,0.0,54,4.0,99.1,0.0,0,0.0
W2944,2024-11-21 17:04:20.064563,28.2,55.8,0.1,0.1,29,6.0,2.9,0.0,0,0.0
W2945,2026-02-28 17:04:20.064563,13.5,98.0,0.0,0.0,71,5.7,37.4,0.0,0,0.0
W2946,2025-11-26 17:04:20.064563,25.9,79.4,0.0,0.0,88,5.5,43.6,0.0,0,0.0
W2947,2026-03-08 17:04:20.064563,-4.9,100.0,0.0,0.3,50,3.6,82.2,14.700000000000001,0,0.0
W2948,2024-10-13 17:04:20.064563,23.1,95.1,8.9,8.9,79,9.6,1.4,3.1999999999999993,0,0.0
W2949,2025-04-28 17:04:20.064563,8.7,99.3,5.8,5.8,70,6.2,59.9,0.0,0,0.0
W2950,2024-11-18 17:04:20.064563,37.1,60.9,0.0,0.0,43,4.1,89.3,4.200000000000003,0,0.0
W2951,2025-10-04 17:04:20.064563,32.8,45.6,0.0,0.0,52,6.8,14.8,0.0,0,0.0
W2952,2025-02-10 17:04:20.064563,29.7,86.7,0.0,0.0,59,6.9,11.6,0.0,0,0.0
W2953,2025-01-01 17:04:20.064563,40.2,37.4,2.1,2.1,58,4.0,100.0,10.400000000000006,1,97.26
W2954,2025-04-11 17:04:20.064563,15.5,97.0,2.2,2.2,15,5.5,82.6,0.0,1,52.03
W2955,2025-07-08 17:04:20.064563,42.5,36.3,12.4,12.4,27,5.2,69.7,18.1,1,88.87
W2956,2025-09-15 17:04:20.064563,34.3,52.3,0.0,0.0,56,3.2,39.9,0.0,0,0.0
W2957,2026-01-11 17:04:20.064563,22.6,83.9,0.0,0.0,105,4.5,85.4,0.0,0,0.0
W2958,2025-03-20 17:04:20.064563,36.4,65.7,0.0,0.0,72,2.6,92.3,2.799999999999997,0,0.0
W2959,2025-01-27 17:04:20.064563,13.9,76.4,10.2,10.2,32,3.4,73.2,2.55,0,0.0
W2960,2024-12-10 17:04:20.064563,16.8,95.8,6.1,6.1,48,5.9,39.8,0.0,0,0.0
W2961,2025-03-21 17:04:20.064563,18.9,92.1,0.0,0.0,77,2.4,58.4,0.0,0,0.0
W2962,2025-08-25 17:04:20.064563,19.7,71.1,0.0,0.0,62,7.4,9.9,0.0,0,0.0
W2963,2025-08-09 17:04:20.064563,14.4,100.0,0.0,0.0,58,6.3,15.8,0.0,0,0.0
W2964,2025-07-08 17:04:20.064563,37.2,39.6,0.0,0.0,59,3.9,78.3,4.400000000000006,0,0.0
W2965,2024-06-26 17:04:20.064563,22.4,70.1,0.0,0.0,80,6.5,2.9,0.0,0,0.0
W2966,2025-07-11 17:04:20.064563,28.5,72.0,0.4,0.4,42,6.6,4.9,0.0,0,0.0
W2967,2025-02-08 17:04:20.064563,19.3,72.5,0.0,0.0,49,4.3,50.8,0.0,0,0.0
W2968,2024-10-12 17:04:20.064563,6.8,100.0,4.3,4.3,44,5.7,17.1,0.0,0,0.0
W2969,2025-04-01 17:04:20.064563,27.7,70.9,0.0,0.0,50,3.6,29.4,0.0,0,0.0
W2970,2025-02-01 17:04:20.064563,5.9,99.3,0.0,0.0,56,5.0,39.9,0.0,0,0.0
W2971,2025-05-15 17:04:20.064563,24.3,81.9,19.7,19.7,51,4.4,52.2,4.925,0,0.0
W2972,2024-05-03 17:04:20.064563,11.3,90.7,4.8,4.8,84,5.7,28.4,0.0,0,0.0
W2973,2025-10-15 17:04:20.064563,44.9,45.0,0.0,0.0,79,3.9,48.4,19.799999999999997,1,99.99
W2974,2024-10-30 17:04:20.064563,34.1,70.3,3.5,3.5,71,4.2,37.1,0.061499999999999444,0,0.0
W2975,2024-08-14 17:04:20.064563,26.1,78.8,0.5,0.5,59,3.6,8.1,0.0,0,0.0
W2976,2024-04-03 17:04:20.064563,37.6,61.4,0.0,0.0,33,2.6,86.7,5.200000000000003,0,0.0
W2977,2024-12-10 17:04:20.064563,16.5,73.7,0.0,0.0,77,4.4,28.1,0.0,0,0.0
W2978,2025-10-05 17:04:20.064563,30.4,69.6,0.0,0.0,81,3.7,60.9,0.0,0,0.0
W2979,2025-11-06 17:04:20.064563,27.0,60.7,2.2,2.2,57,4.7,57.0,0.0,0,0.0
W2980,2025-11-01 17:04:20.064563,27.6,55.7,0.0,0.0,54,4.2,19.9,0.0,0,0.0
W2981,2025-05-19 17:04:20.064563,37.7,52.7,0.4,0.4,49,3.8,3.0,5.400000000000006,0,0.0
W2982,2025-01-14 17:04:20.064563,32.3,52.5,14.4,14.4,50,2.8,85.7,3.6,0,0.0
W2983,2024-08-21 17:04:20.064563,27.9,76.1,1.7,1.7,74,2.3,49.8,0.0,0,0.0
W2984,2024-10-04 17:04:20.064563,8.5,100.0,0.4,0.4,99,4.2,41.4,0.0,0,0.0
W2985,2025-02-18 17:04:20.064563,15.4,67.9,0.0,0.0,60,1.5,76.3,0.0,0,0.0
W2986,2024-11-08 17:04:20.064563,23.8,66.1,0.0,0.0,71,2.9,3.3,0.0,0,0.0
W2987,2025-04-10 17:04:20.064563,25.9,56.5,0.0,0.0,77,0.9,76.5,0.0,0,0.0
W2988,2025-10-22 17:04:20.064563,13.7,84.8,0.0,0.0,66,2.6,40.9,0.0,0,0.0
W2989,2024-11-24 17:04:20.064563,45.0,47.1,6.7,6.7,81,2.8,55.2,20.0,1,378.8
W2990,2025-08-11 17:04:20.064563,40.2,47.3,1.6,1.6,99,3.4,75.2,10.400000000000006,1,104.85
W2991,2025-10-02 17:04:20.064563,31.0,57.6,0.0,0.0,56,1.9,54.7,0.0,0,0.0
W2992,2026-01-17 17:04:20.064563,25.7,84.4,0.0,0.0,69,2.3,6.2,0.0,0,0.0
W2993,2026-02-17 17:04:20.064563,22.9,52.6,0.0,0.0,105,0.0,72.9,0.0,0,0.0
W2994,2025-02-26 17:04:20.064563,15.5,99.1,7.9,7.9,69,1.6,78.6,0.0,0,0.0
W2995,2024-12-06 17:04:20.064563,25.8,65.9,0.0,0.0,81,1.7,46.2,0.0,0,0.0
W2996,2025-07-31 17:04:20.064563,27.6,67.9,1.0,1.0,83,1.6,43.9,0.0,0,0.0
W2997,2026-01-04 17:04:20.064563,12.6,85.9,3.0,3.0,86,3.2,25.2,0.0,0,0.0
W2998,2025-08-02 17:04:20.064563,28.3,82.9,1.3,1.3,84,1.8,64.4,0.0,0,0.0
W2999,2025-07-02 17:04:20.064563,23.4,62.5,0.0,0.0,83,0.5,88.2,0.0,0,0.0
W3000,2024-09-06 17:04:20.064563,5.9,100.0,0.3,0.3,79,0.1,65.6,0.0,0,0.0
W3001,2025-03-13 17:04:20.064563,16.4,90.7,4.5,4.5,97,0.0,77.1,0.0,0,0.0
W3002,2024-09-07 17:04:20.064563,20.9,62.6,0.0,0.0,74,0.3,83.7,0.0,0,0.0
W3003,2024-08-08 17:04:20.064563,43.9,35.0,0.0,0.0,79,1.4,22.6,17.799999999999997,1,183.44
W3004,2025-09-28 17:04:20.064563,30.6,62.7,0.0,0.0,110,0.0,40.2,0.0,0,0.0
W3005,2025-07-31 17:04:20.064563,11.6,83.7,0.0,0.0,86,0.5,43.6,0.0,0,0.0
W3006,2024-09-22 17:04:20.064563,29.9,57.1,0.0,0.0,78,1.3,55.9,0.0,0,0.0
W3007,2025-09-24 17:04:20.064563,9.5,92.2,8.8,8.8,74,0.0,4.9,0.0,0,0.0
W3008,2026-01-04 17:04:20.064563,35.8,62.8,0.0,0.0,84,0.1,58.8,1.5999999999999943,0,0.0
W3009,2024-05-17 17:04:20.064563,20.3,76.1,0.0,0.0,65,0.0,8.9,0.0,0,0.0
W3010,2025-09-05 17:04:20.064563,24.1,84.7,0.0,0.0,84,0.0,80.7,0.0,0,0.0
W3011,2024-04-21 17:04:20.064563,38.3,42.6,1.1,1.1,61,0.0,96.3,6.599999999999994,0,0.0
W3012,2024-06-02 17:04:20.064563,12.1,79.3,0.0,0.0,116,0.0,29.0,0.0,0,0.0
W3013,2026-01-31 17:04:20.064563,11.0,100.0,16.6,16.6,51,0.8,50.7,4.15,0,0.0
W3014,2024-05-06 17:04:20.064563,19.2,74.7,2.9,2.9,55,0.5,82.3,0.0,0,0.0
W3015,2024-03-24 17:04:20.064563,35.4,43.8,0.0,0.0,72,0.0,31.5,0.7999999999999972,0,0.0
W3016,2025-05-14 17:04:20.064563,9.8,77.9,0.0,0.0,95,1.3,15.8,0.0,0,0.0
W3017,2024-08-05 17:04:20.064563,-3.3,100.0,1.7,2.9,54,0.7,73.9,9.899999999999999,1,103.49
W3018,2025-12-23 17:04:20.064563,20.5,75.9,0.0,0.0,134,0.0,69.8,0.0,0,0.0
W3019,2024-11-09 17:04:20.064563,30.5,61.7,2.3,2.3,46,0.3,57.0,0.0,0,0.0
W3020,2024-05-26 17:04:20.064563,37.0,52.9,0.3,0.3,97,0.0,94.4,4.0,0,0.0
W3021,2026-03-12 17:04:20.064563,20.4,89.6,0.2,0.2,69,0.0,95.5,0.0,0,0.0
W3022,2024-08-19 17:04:20.064563,20.9,76.9,0.0,0.0,63,0.1,86.2,0.0,0,0.0
W3023,2024-03-27 17:04:20.064563,36.5,78.6,0.0,0.0,90,0.0,29.3,5.794999999999998,0,0.0
W3024,2024-10-27 17:04:20.064563,6.3,100.0,2.6,2.6,65,0.0,22.5,0.0,0,0.0
W3025,2025-08-17 17:04:20.064563,21.1,88.9,9.1,9.1,92,0.4,83.6,0.0,0,0.0
W3026,2025-06-27 17:04:20.064563,26.9,77.7,0.0,0.0,51,0.0,65.1,0.0,0,0.0
W3027,2025-04-04 17:04:20.064563,29.5,65.4,0.0,0.0,90,0.2,39.6,0.0,0,0.0
W3028,2024-05-18 17:04:20.064563,19.9,74.3,0.3,0.3,72,0.8,41.0,0.0,0,0.0
W3029,2025-12-10 17:04:20.064563,25.3,75.3,9.1,9.1,66,0.0,85.3,0.0,0,0.0
W3030,2025-12-31 17:04:20.064563,0.1,100.0,10.7,13.5,67,0.7,16.3,2.675,0,0.0
W3031,2026-01-29 17:04:20.064563,18.4,76.6,7.7,7.7,28,1.9,94.4,0.0,0,0.0
W3032,2025-12-09 17:04:20.064563,29.5,67.4,0.0,0.0,82,0.0,63.3,0.0,0,0.0
W3033,2025-07-25 17:04:20.064563,15.2,99.6,4.1,4.1,91,0.7,79.1,0.0,0,0.0
W3034,2026-01-22 17:04:20.064563,25.6,92.3,1.5,1.5,84,0.0,37.1,0.0,0,0.0
W3035,2025-07-30 17:04:20.064563,29.5,74.3,0.0,0.0,70,0.9,58.7,0.0,0,0.0
W3036,2024-04-03 17:04:20.064563,21.6,96.3,0.0,0.0,49,0.5,75.0,0.0,0,0.0
W3037,2024-03-24 17:04:20.064563,26.7,63.6,0.0,0.0,87,0.2,43.5,0.0,0,0.0
W3038,2025-09-13 17:04:20.064563,15.4,94.0,0.0,0.0,114,0.2,48.8,0.0,0,0.0
W3039,2025-10-03 17:04:20.064563,22.9,89.0,0.0,0.0,89,0.4,58.2,0.0,1,36.67
W3040,2025-05-13 17:04:20.064563,31.1,54.4,0.0,0.0,99,0.0,6.3,0.0,0,0.0
W3041,2024-03-30 17:04:20.064563,26.6,65.3,0.0,0.0,94,0.0,86.3,0.0,0,0.0
W3042,2024-04-04 17:04:20.064563,19.1,98.7,5.3,5.3,57,0.0,86.7,0.0,0,0.0
W3043,2025-09-11 17:04:20.064563,27.2,59.4,0.9,0.9,75,0.0,28.1,0.0,0,0.0
W3044,2024-12-24 17:04:20.064563,32.1,48.4,0.0,0.0,92,0.0,88.0,0.0,0,0.0
W3045,2025-09-17 17:04:20.064563,4.5,100.0,0.0,0.0,43,0.0,74.5,0.0,0,0.0
W3046,2025-01-05 17:04:20.064563,36.6,67.1,0.0,0.0,87,0.0,48.3,3.200000000000003,0,0.0
W3047,2024-04-04 17:04:20.064563,21.6,81.9,2.6,2.6,94,0.0,34.8,0.0,0,0.0
W3048,2025-08-14 17:04:20.064563,29.3,65.7,0.0,0.0,73,0.4,39.9,0.0,0,0.0
W3049,2026-03-02 17:04:20.064563,37.0,50.2,0.0,0.0,90,0.6,53.4,4.0,0,0.0
W3050,2026-02-06 17:04:20.064563,11.3,95.9,0.0,0.0,62,0.0,41.3,0.0,0,0.0
W3051,2025-06-01 17:04:20.064563,17.9,98.9,0.0,0.0,74,0.1,42.0,0.0,0,0.0
W3052,2024-09-17 17:04:20.064563,22.1,79.2,14.1,14.1,39,0.9,20.3,3.525,0,0.0
W3053,2024-07-05 17:04:20.064563,17.2,100.0,0.0,0.0,81,0.0,70.8,0.0,0,0.0
W3054,2024-06-24 17:04:20.064563,42.3,37.5,0.0,0.0,70,0.0,61.0,14.599999999999994,1,194.26
W3055,2025-09-05 17:04:20.064563,16.4,85.2,0.0,0.0,38,0.0,99.2,0.0,0,0.0
W3056,2024-08-17 17:04:20.064563,19.4,77.1,0.8,0.8,55,0.5,14.1,0.0,0,0.0
W3057,2024-11-19 17:04:20.064563,27.0,58.6,4.5,4.5,101,0.0,11.4,0.0,0,0.0
W3058,2024-09-30 17:04:20.064563,13.0,89.0,5.2,5.2,71,0.0,51.6,0.0,0,0.0
W3059,2025-12-12 17:04:20.064563,21.0,82.6,0.0,0.0,28,1.3,15.2,0.0,0,0.0
W3060,2025-09-08 17:04:20.064563,28.2,73.0,0.0,0.0,94,0.0,61.1,0.0,0,0.0
W3061,2024-12-01 17:04:20.064563,21.7,99.2,0.0,0.0,46,0.0,19.6,0.0,0,0.0
W3062,2025-03-15 17:04:20.064563,24.1,78.5,7.6,7.6,71,0.7,48.3,0.0,0,0.0
W3063,2024-12-16 17:04:20.064563,19.7,91.9,0.0,0.0,94,0.7,61.1,0.0,1,18.62
W3064,2025-04-28 17:04:20.064563,9.9,95.9,7.8,7.8,54,0.4,45.8,0.0,0,0.0
W3065,2024-06-06 17:04:20.064563,28.2,84.5,0.0,0.0,48,0.0,32.0,0.0,0,0.0
W3066,2025-04-04 17:04:20.064563,42.5,70.2,0.0,0.0,53,0.6,78.2,15.125000000000002,1,131.87
W3067,2025-05-07 17:04:20.064563,25.2,77.5,0.0,0.0,79,0.0,85.5,0.0,0,0.0
W3068,2025-07-01 17:04:20.064563,27.3,59.2,0.0,0.0,44,0.4,27.8,0.0,0,0.0
W3069,2025-10-17 17:04:20.064563,31.9,56.6,0.0,0.0,54,1.4,81.3,0.0,0,0.0
W3070,2024-11-22 17:04:20.064563,12.3,94.4,0.0,0.0,76,0.0,39.2,0.0,0,0.0
W3071,2026-03-01 17:04:20.064563,42.0,51.5,0.0,0.0,52,0.4,48.8,14.0,1,89.66
W3072,2024-11-04 17:04:20.064563,27.0,76.4,0.0,0.0,93,0.1,23.2,0.0,0,0.0
W3073,2025-01-19 17:04:20.064563,41.3,52.6,0.0,0.0,43,0.9,62.6,12.599999999999994,1,118.12
W3074,2026-02-16 17:04:20.064563,17.7,83.6,0.0,0.0,15,1.8,10.1,0.0,0,0.0
W3075,2024-06-08 17:04:20.064563,43.2,38.9,0.0,0.0,48,1.7,59.2,16.400000000000006,1,123.51
W3076,2026-01-16 17:04:20.064563,32.8,64.9,0.0,0.0,69,0.8,99.0,0.0,0,0.0
W3077,2026-01-12 17:04:20.064563,30.5,82.8,2.2,2.2,75,0.0,75.3,0.31999999999999995,0,0.0
W3078,2024-04-19 17:04:20.064563,27.3,79.2,0.0,0.0,54,0.0,89.5,0.0,0,0.0
W3079,2024-06-21 17:04:20.064563,22.5,81.6,2.7,2.7,50,0.7,46.4,0.0,0,0.0
W3080,2025-05-07 17:04:20.064563,37.0,64.8,0.0,0.0,60,0.0,14.2,4.0,0,0.0
W3081,2025-04-10 17:04:20.064563,26.4,66.7,0.0,0.0,95,0.0,28.8,0.0,0,0.0
W3082,2025-04-08 17:04:20.064563,5.3,96.9,4.2,4.2,59,0.0,4.9,0.0,0,0.0
W3083,2025-10-04 17:04:20.064563,13.8,81.8,1.9,1.9,46,0.0,50.2,0.0,0,0.0
W3084,2025-07-18 17:04:20.064563,23.1,74.0,0.0,0.0,100,0.2,65.0,0.0,0,0.0
W3085,2024-05-14 17:04:20.064563,28.1,63.6,0.0,0.0,59,0.8,42.4,0.0,0,0.0
W3086,2025-12-30 17:04:20.064563,24.4,85.4,2.5,2.5,15,0.6,56.3,0.0,0,0.0
W3087,2024-03-27 17:04:20.064563,37.2,49.5,0.0,0.0,30,0.1,32.1,4.400000000000006,0,0.0
W3088,2026-03-07 17:04:20.064563,5.5,93.7,4.8,4.8,58,0.0,8.6,0.0,0,0.0
W3089,2024-09-09 17:04:20.064563,26.4,89.8,14.3,14.3,15,0.0,43.2,3.575,0,0.0
W3090,2024-06-10 17:04:20.064563,6.8,95.3,0.0,0.0,66,0.9,54.8,0.0,0,0.0
W3091,2025-08-11 17:04:20.064563,32.6,62.6,8.0,8.0,24,0.0,98.3,0.0,0,0.0
W3092,2025-06-05 17:04:20.064563,24.1,78.4,0.0,0.0,78,0.0,34.7,0.0,0,0.0
W3093,2026-01-07 17:04:20.064563,29.2,54.8,0.0,0.0,58,0.4,67.8,0.0,0,0.0
W3094,2025-02-20 17:04:20.064563,16.4,97.8,0.0,0.0,21,0.0,82.3,0.0,0,0.0
W3095,2025-10-18 17:04:20.064563,37.8,59.7,4.7,4.7,62,0.1,33.5,5.599999999999994,0,0.0
W3096,2024-06-23 17:04:20.064563,35.4,72.5,0.0,0.0,80,0.0,93.0,1.474999999999997,0,0.0
W3097,2025-09-09 17:04:20.064563,30.8,57.0,0.0,0.0,27,0.0,33.9,0.0,0,0.0
W3098,2024-04-30 17:04:20.064563,23.7,75.4,0.0,0.0,36,0.0,97.0,0.0,0,0.0
W3099,2024-11-08 17:04:20.064563,30.8,64.2,0.0,0.0,61,0.8,0.2,0.0,0,0.0
W3100,2024-10-20 17:04:20.064563,17.9,85.7,0.0,0.0,64,0.2,63.4,0.0,0,0.0
W3101,2026-02-24 17:04:20.064563,33.6,45.1,9.2,9.2,79,0.3,79.0,0.0,0,0.0
W3102,2025-10-19 17:04:20.064563,41.5,48.9,0.0,0.0,68,0.8,28.0,13.0,1,81.62
W3103,2025-07-17 17:04:20.064563,35.7,42.2,0.0,0.0,97,0.6,11.7,1.4000000000000057,0,0.0
W3104,2024-12-20 17:04:20.064563,17.7,87.0,0.0,0.0,49,0.0,2.4,0.0,0,0.0
W3105,2024-05-04 17:04:20.064563,28.6,45.8,4.2,4.2,47,0.6,7.4,0.0,0,0.0
W3106,2024-06-02 17:04:20.064563,12.1,73.4,1.1,1.1,34,0.0,54.3,0.0,0,0.0
W3107,2026-02-16 17:04:20.064563,30.7,72.1,0.0,0.0,37,0.4,83.9,0.07349999999999972,0,0.0
W3108,2024-12-30 17:04:20.064563,29.5,60.3,7.1,7.1,35,1.0,6.3,0.0,0,0.0
W3109,2025-09-25 17:04:20.064563,6.3,90.7,6.6,6.6,21,0.5,11.3,0.0,0,0.0
W3110,2025-10-16 17:04:20.064563,13.4,100.0,0.0,0.0,15,0.0,0.5,0.0,0,0.0
W3111,2026-01-20 17:04:20.064563,22.2,80.0,0.0,0.0,32,0.0,28.2,0.0,0,0.0
W3112,2024-04-20 17:04:20.064563,22.0,85.7,1.8,1.8,63,0.6,92.1,0.0,0,0.0
W3113,2024-09-17 17:04:20.064563,12.9,89.0,0.0,0.0,46,0.0,27.6,0.0,0,0.0
W3114,2025-02-03 17:04:20.064563,28.9,93.5,0.0,0.0,45,0.3,44.1,0.0,0,0.0
W3115,2024-04-03 17:04:20.064563,27.5,62.7,0.0,0.0,28,0.3,17.9,0.0,0,0.0
W3116,2024-10-16 17:04:20.064563,23.1,92.9,0.0,0.0,49,2.7,11.6,0.0,0,0.0
W3117,2025-11-09 17:04:20.064563,17.4,83.2,1.6,1.6,72,0.4,18.2,0.0,0,0.0
W3118,2024-08-12 17:04:20.064563,35.5,40.2,0.0,0.0,70,0.0,21.0,1.0,0,0.0
W3119,2026-03-17 17:04:20.064563,41.6,52.5,13.2,13.2,22,1.2,13.0,16.500000000000004,1,210.4
W3120,2025-04-29 17:04:20.064563,20.2,82.9,8.7,8.7,15,0.0,79.2,0.0,0,0.0
W3121,2024-06-04 17:04:20.064563,18.9,71.2,0.0,0.0,75,0.0,47.7,0.0,0,0.0
W3122,2025-01-18 17:04:20.064563,29.9,55.9,2.4,2.4,56,0.1,54.0,0.0,0,0.0
W3123,2024-08-31 17:04:20.064563,21.4,77.6,0.0,0.0,15,0.6,37.5,0.0,0,0.0
W3124,2025-10-16 17:04:20.064563,23.6,78.1,8.1,8.1,15,0.0,21.1,0.0,0,0.0
W3125,2024-11-19 17:04:20.064563,32.4,36.7,7.0,7.0,15,0.8,9.4,0.0,0,0.0
W3126,2025-10-19 17:04:20.064563,5.9,100.0,0.0,0.0,28,0.0,7.6,0.0,0,0.0
W3127,2025-04-20 17:04:20.064563,38.2,47.8,0.0,0.0,55,2.1,18.5,6.400000000000006,1,71.12
W3128,2026-02-09 17:04:20.064563,25.7,58.1,5.4,5.4,44,0.0,85.0,0.0,0,0.0
W3129,2025-09-22 17:04:20.064563,20.9,88.1,0.0,0.0,43,0.0,21.7,0.0,0,0.0
W3130,2025-02-20 17:04:20.064563,24.1,73.6,16.3,16.3,15,0.0,35.5,4.075,0,0.0
W3131,2025-04-15 17:04:20.064563,24.6,85.2,4.7,4.7,73,3.0,57.3,0.0,0,0.0
W3132,2024-08-08 17:04:20.064563,7.7,100.0,4.7,4.7,26,0.0,51.1,0.0,0,0.0
W3133,2026-02-21 17:04:20.064563,39.9,50.1,25.6,25.6,15,0.8,66.6,22.599999999999998,1,239.04
W3134,2024-06-06 17:04:20.064563,25.4,70.4,0.5,0.5,23,0.7,19.4,0.0,0,0.0
W3135,2025-08-12 17:04:20.064563,29.4,70.7,0.0,0.0,78,0.0,52.4,0.0,0,0.0
W3136,2025-03-07 17:04:20.064563,34.5,54.1,0.0,0.0,48,0.8,76.8,0.0,0,0.0
W3137,2024-05-11 17:04:20.064563,14.8,79.3,1.9,1.9,15,0.0,38.8,0.0,0,0.0
W3138,2024-06-26 17:04:20.064563,29.7,71.5,0.0,0.0,15,0.0,97.2,0.0,0,0.0
W3139,2025-06-08 17:04:20.064563,22.3,75.1,11.2,11.2,15,0.0,57.8,2.8,0,0.0
W3140,2024-11-10 17:04:20.064563,33.5,60.1,4.3,4.3,21,0.7,67.5,0.0,0,0.0
W3141,2024-06-03 17:04:20.064563,3.7,100.0,0.5,0.5,15,0.0,45.9,0.0,0,0.0
W3142,2025-03-01 17:04:20.064563,24.0,72.8,1.9,1.9,15,0.4,85.8,0.0,0,0.0
W3143,2025-11-27 17:04:20.064563,19.0,81.7,0.0,0.0,52,0.0,45.1,0.0,0,0.0
W3144,2025-12-06 17:04:20.064563,29.3,60.0,4.1,4.1,39,1.7,94.2,0.0,0,0.0
W3145,2025-11-17 17:04:20.064563,29.7,69.8,0.0,0.0,59,0.0,30.7,0.0,0,0.0
W3146,2025-04-28 17:04:20.064563,17.9,86.6,0.0,0.0,15,0.8,86.6,0.0,0,0.0
W3147,2025-02-15 17:04:20.064563,17.9,92.2,0.0,0.0,15,0.5,63.9,0.0,0,0.0
W3148,2024-04-17 17:04:20.064563,23.9,68.4,0.0,0.0,16,0.0,79.9,0.0,0,0.0
W3149,2025-12-27 17:04:20.064563,16.0,81.4,1.8,1.8,57,1.1,3.8,0.0,0,0.0
W3150,2024-12-22 17:04:20.064563,33.4,67.8,4.8,4.8,19,0.4,27.7,0.0,0,0.0
W3151,2025-06-22 17:04:20.064563,21.3,80.6,0.0,0.0,64,0.9,84.7,0.0,0,0.0
W3152,2025-08-02 17:04:20.064563,-4.1,100.0,3.6,4.0,32,0.0,31.8,12.299999999999999,0,0.0
W3153,2024-11-06 17:04:20.064563,21.3,91.2,12.0,12.0,15,0.5,71.3,3.0,0,0.0
W3154,2025-03-17 17:04:20.064563,14.6,71.1,0.0,0.0,38,0.8,99.2,0.0,0,0.0
W3155,2025-10-05 17:04:20.064563,8.7,100.0,2.0,2.0,15,0.0,17.7,0.0,0,0.0
W3156,2025-04-06 17:04:20.064563,12.6,78.4,0.0,0.0,15,0.0,41.8,0.0,1,30.87
W3157,2025-06-03 17:04:20.064563,26.1,89.7,1.9,1.9,27,0.0,16.5,0.0,0,0.0
W3158,2024-09-24 17:04:20.064563,38.3,37.1,0.0,0.0,25,0.0,15.4,6.599999999999994,0,0.0
W3159,2026-02-12 17:04:20.064563,28.1,79.3,0.0,0.0,63,0.0,63.3,0.0,0,0.0
W3160,2025-11-07 17:04:20.064563,18.9,80.8,14.9,14.9,15,1.8,19.1,3.725,0,0.0
W3161,2026-01-23 17:04:20.064563,29.6,62.0,0.0,0.0,32,1.9,48.3,0.0,0,0.0
W3162,2025-04-11 17:04:20.064563,20.4,81.2,0.0,0.0,38,0.0,97.8,0.0,0,0.0
W3163,2024-06-13 17:04:20.064563,18.1,89.2,0.0,0.0,30,0.0,33.3,0.0,0,0.0
W3164,2025-12-11 17:04:20.064563,13.5,80.8,0.0,0.0,45,0.9,87.4,0.0,0,0.0
W3165,2025-01-14 17:04:20.064563,7.5,90.6,0.0,0.0,15,0.0,39.6,0.0,0,0.0
W3166,2024-11-25 17:04:20.064563,21.1,84.8,1.0,1.0,38,0.0,26.3,0.0,0,0.0
W3167,2026-03-18 17:04:20.064563,26.6,53.1,0.0,0.0,34,0.0,33.6,0.0,0,0.0
W3168,2024-06-01 17:04:20.064563,24.0,68.1,0.0,0.0,46,0.0,12.8,0.0,0,0.0
W3169,2024-06-10 17:04:20.064563,20.8,100.0,2.0,2.0,15,1.4,67.9,0.0,0,0.0
W3170,2024-12-17 17:04:20.064563,15.5,77.0,0.6,0.6,15,0.0,50.9,0.0,0,0.0
W3171,2024-08-22 17:04:20.064563,31.1,74.9,9.0,9.0,15,0.3,61.4,0.26950000000000063,0,0.0
W3172,2025-04-11 17:04:20.064563,11.8,86.4,0.0,0.0,15,0.3,30.3,0.0,0,0.0
W3173,2026-03-16 17:04:20.064563,32.8,66.0,0.0,0.0,15,0.0,65.3,0.0,0,0.0
W3174,2025-12-27 17:04:20.064563,15.0,94.1,0.0,0.0,15,0.3,16.5,0.0,0,0.0
W3175,2024-08-22 17:04:20.064563,17.5,95.1,0.0,0.0,15,0.5,65.2,0.0,0,0.0
W3176,2025-04-20 17:04:20.064563,10.3,92.5,0.0,0.0,21,0.2,8.1,0.0,0,0.0
W3177,2025-02-05 17:04:20.064563,20.0,99.9,0.0,0.0,15,0.0,40.0,0.0,0,0.0
W3178,2025-03-22 17:04:20.064563,34.8,52.0,1.9,1.9,15,0.0,61.0,0.0,0,0.0
W3179,2024-07-05 17:04:20.064563,30.2,67.1,0.5,0.5,15,1.6,85.5,0.0,0,0.0
W3180,2024-06-19 17:04:20.064563,34.8,60.3,0.0,0.0,18,0.0,81.2,0.0,0,0.0
W3181,2024-03-23 17:04:20.064563,30.2,53.4,0.0,0.0,28,0.1,52.7,0.0,0,0.0
W3182,2025-01-27 17:04:20.064563,14.0,86.2,0.0,0.0,15,0.0,88.3,0.0,0,0.0
W3183,2025-06-16 17:04:20.064563,21.7,79.1,0.0,0.0,15,0.6,50.6,0.0,0,0.0
W3184,2025-03-21 17:04:20.064563,17.2,79.9,0.0,0.0,15,0.0,51.7,0.0,0,0.0
W3185,2024-12-19 17:04:20.064563,38.3,77.0,5.6,5.6,29,0.7,72.1,9.504999999999994,1,79.59
W3186,2024-06-30 17:04:20.064563,13.0,82.1,2.2,2.2,41,0.4,87.8,0.0,0,0.0
W3187,2024-07-31 17:04:20.064563,33.9,70.9,0.0,0.0,15,0.0,60.3,0.17550000000000104,0,0.0
W3188,2024-06-15 17:04:20.064563,33.9,67.7,23.4,23.4,15,0.0,94.4,11.7,1,101.7
W3189,2024-09-25 17:04:20.064563,43.3,44.9,0.0,0.0,15,0.0,23.3,16.599999999999994,0,0.0
W3190,2025-06-02 17:04:20.064563,20.9,70.0,0.0,0.0,16,0.0,92.4,0.0,0,0.0
W3191,2025-06-20 17:04:20.064563,32.1,54.1,0.0,0.0,15,0.0,22.2,0.0,0,0.0
W3192,2025-10-09 17:04:20.064563,45.0,37.3,0.0,0.0,15,0.5,52.6,20.0,1,442.67
W3193,2025-10-07 17:04:20.064563,18.8,63.9,0.0,0.0,41,2.0,79.6,0.0,0,0.0
W3194,2025-08-24 17:04:20.064563,9.6,85.5,0.0,0.0,15,0.0,80.2,0.0,0,0.0
W3195,2025-05-09 17:04:20.064563,6.2,85.9,5.2,5.2,15,0.0,27.8,0.0,0,0.0
W3196,2024-07-01 17:04:20.064563,32.1,75.3,0.0,0.0,15,0.4,98.6,0.5565,0,0.0
W3197,2024-04-13 17:04:20.064563,6.2,100.0,0.0,0.0,15,0.2,8.1,0.0,0,0.0
W3198,2024-06-17 17:04:20.064563,21.3,85.9,0.0,0.0,37,1.0,3.5,0.0,0,0.0
W3199,2025-03-15 17:04:20.064563,29.4,71.8,0.0,0.0,25,0.4,84.2,0.0,0,0.0
W3200,2025-10-06 17:04:20.064563,26.9,71.4,12.4,12.4,31,1.8,81.9,3.1,0,0.0
W3201,2024-06-21 17:04:20.064563,29.3,80.7,0.0,0.0,15,1.2,71.3,0.0,0,0.0
W3202,2025-11-19 17:04:20.064563,27.2,63.1,0.8,0.8,15,1.5,85.1,0.0,0,0.0
W3203,2025-11-20 17:04:20.064563,37.8,54.4,0.0,0.0,39,2.2,13.8,5.599999999999994,0,0.0
W3204,2025-02-13 17:04:20.064563,15.5,94.3,0.0,0.0,15,0.1,9.6,0.0,0,0.0
W3205,2025-04-16 17:04:20.064563,18.2,69.4,0.0,0.0,15,1.4,96.9,0.0,0,0.0
W3206,2024-03-30 17:04:20.064563,17.3,100.0,2.9,2.9,44,1.8,62.4,0.0,0,0.0
W3207,2025-01-10 17:04:20.064563,33.3,60.3,3.1,3.1,17,0.6,92.0,0.0,0,0.0
W3208,2025-05-15 17:04:20.064563,34.0,60.4,0.0,0.0,38,0.7,90.6,0.0,1,29.93
W3209,2025-04-19 17:04:20.064563,29.5,78.3,0.0,0.0,15,1.1,65.3,0.0,0,0.0
W3210,2024-06-12 17:04:20.064563,36.8,63.9,0.0,0.0,15,0.6,62.8,3.5999999999999943,0,0.0
W3211,2025-10-11 17:04:20.064563,13.2,90.6,0.0,0.0,15,0.5,36.0,0.0,0,0.0
W3212,2024-11-21 17:04:20.064563,41.7,48.8,0.0,0.0,34,4.4,14.9,13.400000000000006,1,131.56
W3213,2025-10-24 17:04:20.064563,40.2,34.6,0.0,0.0,22,2.8,68.7,10.400000000000006,1,151.44
W3214,2025-09-02 17:04:20.064563,32.4,55.9,0.0,0.0,31,1.6,81.8,0.0,0,0.0
W3215,2024-09-07 17:04:20.064563,42.8,50.9,0.0,0.0,15,0.6,54.5,15.599999999999994,1,146.96
W3216,2026-02-17 17:04:20.064563,8.4,100.0,0.0,0.0,15,3.5,5.1,0.0,0,0.0
W3217,2025-04-11 17:04:20.064563,19.8,92.6,0.0,0.0,15,2.5,14.5,0.0,0,0.0
W3218,2024-09-07 17:04:20.064563,17.6,82.3,0.8,0.8,15,2.9,10.2,0.0,0,0.0
W3219,2024-08-07 17:04:20.064563,32.2,47.8,0.0,0.0,15,4.5,65.8,0.0,0,0.0
W3220,2024-12-18 17:04:20.064563,14.5,98.8,0.1,0.1,56,4.4,56.5,0.0,0,0.0
W3221,2025-01-20 17:04:20.064563,32.6,75.5,7.0,7.0,15,0.4,46.7,0.7150000000000004,0,0.0
W3222,2024-12-17 17:04:20.064563,38.7,60.9,7.9,7.9,15,3.1,54.3,7.400000000000006,0,0.0
W3223,2025-08-04 17:04:20.064563,32.0,60.4,0.0,0.0,15,3.5,27.6,0.0,0,0.0
W3224,2024-08-14 17:04:20.064563,27.8,78.7,0.0,0.0,15,2.7,80.5,0.0,0,0.0
W3225,2024-05-21 17:04:20.064563,15.1,100.0,0.0,0.0,55,2.9,32.9,0.0,0,0.0
W3226,2024-09-05 17:04:20.064563,16.5,86.4,0.0,0.0,60,2.9,64.4,0.0,0,0.0
W3227,2025-06-06 17:04:20.064563,37.5,40.6,1.1,1.1,30,2.4,39.1,5.0,0,0.0
W3228,2024-12-25 17:04:20.064563,32.8,54.9,9.1,9.1,15,5.3,7.2,0.0,0,0.0
W3229,2025-05-23 17:04:20.064563,24.6,79.3,14.5,14.5,15,5.0,25.7,3.625,0,0.0
W3230,2025-01-18 17:04:20.064563,20.8,62.7,0.0,0.0,31,4.1,96.5,0.0,0,0.0
W3231,2025-07-26 17:04:20.064563,4.7,100.0,0.0,0.0,21,3.6,19.1,0.0,0,0.0
W3232,2024-06-04 17:04:20.064563,14.3,92.4,6.9,6.9,15,4.9,10.5,0.0,0,0.0
W3233,2025-03-22 17:04:20.064563,44.1,59.2,0.0,0.0,63,6.3,29.1,18.200000000000003,1,151.63
W3234,2024-11-30 17:04:20.064563,12.2,100.0,0.0,0.0,15,2.2,87.8,0.0,0,0.0
W3235,2024-11-25 17:04:20.064563,26.9,78.3,0.5,0.5,15,3.4,30.6,0.0,0,0.0
W3236,2025-12-18 17:04:20.064563,35.1,35.8,0.0,0.0,26,4.5,41.7,0.20000000000000284,0,0.0
W3237,2025-08-07 17:04:20.064563,12.5,100.0,0.0,0.0,51,5.7,31.0,0.0,0,0.0
W3238,2025-11-16 17:04:20.064563,26.8,76.8,4.1,4.1,30,2.1,98.9,0.0,0,0.0
W3239,2025-12-09 17:04:20.064563,34.4,61.0,0.0,0.0,15,4.7,100.0,0.0,0,0.0
W3240,2024-10-04 17:04:20.064563,25.1,55.0,12.4,12.4,15,3.4,48.3,3.1,0,0.0
W3241,2025-06-29 17:04:20.064563,45.0,34.7,3.9,3.9,15,4.2,78.5,20.0,1,407.75
W3242,2024-07-05 17:04:20.064563,8.3,85.9,1.5,1.5,20,4.6,22.0,0.0,0,0.0
W3243,2024-08-03 17:04:20.064563,35.6,36.5,0.0,0.0,20,4.4,37.4,1.2000000000000028,0,0.0
W3244,2025-01-23 17:04:20.064563,23.3,75.1,0.0,0.0,40,4.8,67.9,0.0,0,0.0
W3245,2024-03-24 17:04:20.064563,32.7,52.9,0.0,0.0,17,5.1,28.6,0.0,0,0.0
W3246,2025-04-27 17:04:20.064563,29.4,92.1,0.0,0.0,50,4.0,22.5,0.0,0,0.0
W3247,2025-02-21 17:04:20.064563,17.7,81.8,0.0,0.0,44,2.6,92.2,0.0,0,0.0
W3248,2025-12-13 17:04:20.064563,27.3,82.0,0.0,0.0,17,6.4,24.4,0.0,0,0.0
W3249,2025-04-11 17:04:20.064563,6.4,84.7,0.0,0.0,40,6.7,5.9,0.0,0,0.0
W3250,2025-02-18 17:04:20.064563,31.0,58.2,0.0,0.0,59,4.8,75.1,0.0,0,0.0
W3251,2025-06-11 17:04:20.064563,28.0,69.0,7.5,7.5,15,5.3,24.3,0.0,0,0.0
W3252,2025-02-23 17:04:20.064563,31.4,53.8,0.0,0.0,29,4.2,45.0,0.0,1,35.89
W3253,2025-06-01 17:04:20.064563,35.6,52.4,0.0,0.0,29,5.6,11.2,1.2000000000000028,0,0.0
W3254,2026-01-13 17:04:20.064563,28.7,64.8,0.0,0.0,27,5.9,6.9,0.0,0,0.0
W3255,2025-11-16 17:04:20.064563,26.5,67.9,3.0,3.0,45,5.3,46.0,0.0,0,0.0
W3256,2024-08-04 17:04:20.064563,16.2,100.0,0.0,0.0,53,4.7,33.7,0.0,0,0.0
W3257,2025-01-19 17:04:20.064563,17.9,87.0,14.5,14.5,15,6.4,50.6,3.625,0,0.0
W3258,2025-02-09 17:04:20.064563,36.9,59.5,0.0,0.0,43,4.2,96.6,3.799999999999997,0,0.0
W3259,2025-11-25 17:04:20.064563,39.4,56.4,8.9,8.9,15,4.9,40.7,8.799999999999997,0,0.0
W3260,2026-02-27 17:04:20.064563,22.6,82.2,8.5,8.5,27,4.9,60.3,0.0,0,0.0
W3261,2024-10-09 17:04:20.064563,25.5,71.0,0.0,0.0,15,6.1,9.8,0.0,0,0.0
W3262,2025-07-21 17:04:20.064563,16.0,82.9,0.0,0.0,88,4.0,88.6,0.0,0,0.0
W3263,2025-02-02 17:04:20.064563,36.7,56.6,0.0,0.0,65,3.6,80.6,3.4000000000000057,0,0.0
W3264,2024-09-15 17:04:20.064563,31.7,74.1,0.0,0.0,58,7.7,52.2,0.34849999999999937,0,0.0
W3265,2025-04-29 17:04:20.064563,44.4,54.6,6.6,6.6,34,5.2,18.3,18.799999999999997,1,164.41
W3266,2025-02-07 17:04:20.064563,16.2,83.3,0.0,0.0,48,4.7,42.6,0.0,0,0.0
W3267,2025-01-10 17:04:20.064563,21.2,85.8,0.0,0.0,15,6.2,29.7,0.0,0,0.0
W3268,2026-02-27 17:04:20.064563,27.3,67.1,0.0,0.0,16,3.9,99.5,0.0,0,0.0
W3269,2025-12-26 17:04:20.064563,31.5,63.1,0.0,0.0,19,5.9,49.1,0.0,0,0.0
W3270,2025-08-02 17:04:20.064563,22.8,71.0,0.0,0.0,43,7.0,42.2,0.0,0,0.0
W3271,2025-10-28 17:04:20.064563,16.3,83.8,0.0,0.0,37,7.6,16.9,0.0,0,0.0
W3272,2024-11-21 17:04:20.064563,33.8,72.7,0.0,0.0,59,5.9,23.9,0.5130000000000001,0,0.0
W3273,2025-02-14 17:04:20.064563,32.2,62.6,0.0,0.0,24,6.1,71.2,0.0,0,0.0
W3274,2025-04-07 17:04:20.064563,15.8,87.6,0.0,0.0,64,6.4,53.5,0.0,0,0.0
W3275,2024-12-30 17:04:20.064563,38.6,37.7,4.2,4.2,20,7.9,35.8,7.200000000000003,0,0.0
W3276,2025-04-24 17:04:20.064563,36.7,51.9,0.0,0.0,37,6.8,29.7,3.4000000000000057,0,0.0
W3277,2025-03-26 17:04:20.064563,26.3,68.1,0.0,0.0,63,8.2,20.1,0.3999999999999986,0,0.0
W3278,2024-07-12 17:04:20.064563,25.8,63.0,0.0,0.0,56,5.1,3.4,0.0,0,0.0
W3279,2025-10-16 17:04:20.064563,30.5,64.4,0.0,0.0,21,3.6,97.7,0.0,0,0.0
W3280,2024-10-08 17:04:20.064563,16.4,81.1,0.0,0.0,68,4.1,75.3,0.0,0,0.0
W3281,2025-11-14 17:04:20.064563,25.3,72.8,0.0,0.0,49,5.0,92.8,0.0,0,0.0
W3282,2025-09-27 17:04:20.064563,3.5,100.0,3.4,3.4,15,5.6,41.3,0.0,0,0.0
W3283,2024-09-18 17:04:20.064563,33.8,49.8,0.0,0.0,32,5.5,86.9,0.0,0,0.0
W3284,2026-02-14 17:04:20.064563,9.4,91.9,3.7,3.7,33,7.8,25.6,0.0,0,0.0
W3285,2025-10-02 17:04:20.064563,40.0,50.7,0.0,0.0,26,5.4,51.0,10.0,1,166.02
W3286,2024-04-14 17:04:20.064563,21.7,89.3,0.0,0.0,77,7.4,20.2,0.0,0,0.0
W3287,2025-07-03 17:04:20.064563,22.9,78.2,7.9,7.9,27,4.7,77.0,0.0,0,0.0
W3288,2026-03-13 17:04:20.064563,18.7,75.3,0.0,0.0,60,6.1,49.8,0.0,0,0.0
W3289,2024-10-18 17:04:20.064563,22.1,80.8,0.0,0.0,56,6.6,53.6,0.0,0,0.0
W3290,2025-06-09 17:04:20.064563,39.2,68.3,0.0,0.0,66,4.2,85.9,8.400000000000006,1,61.78
W3291,2025-01-10 17:04:20.064563,0.1,100.0,5.7,6.1,75,3.4,73.9,0.0,0,0.0
W3292,2026-02-25 17:04:20.064563,37.8,58.8,0.0,0.0,67,4.7,96.6,5.599999999999994,0,0.0
W3293,2024-05-27 17:04:20.064563,28.4,74.7,0.0,0.0,88,7.4,40.5,0.0,0,0.0
W3294,2025-05-10 17:04:20.064563,12.9,100.0,7.6,7.6,53,4.4,46.1,0.0,0,0.0
W3295,2026-02-05 17:04:20.064563,14.2,99.4,0.0,0.0,57,5.4,61.5,0.0,0,0.0
W3296,2025-08-11 17:04:20.064563,41.8,53.0,4.6,4.6,52,5.1,45.3,13.599999999999994,1,111.23
W3297,2024-08-07 17:04:20.064563,15.5,97.4,5.9,5.9,15,7.3,42.0,0.0,0,0.0
W3298,2025-12-26 17:04:20.064563,13.5,79.0,0.0,0.0,47,7.7,34.1,0.0,0,0.0
W3299,2025-01-22 17:04:20.064563,36.4,40.4,0.0,0.0,54,3.7,83.2,2.799999999999997,0,0.0
W3300,2024-11-20 17:04:20.064563,28.4,69.0,0.0,0.0,66,4.4,53.3,0.0,0,0.0
W3301,2024-12-01 17:04:20.064563,15.6,87.3,0.0,0.0,57,5.6,60.7,0.0,0,0.0
W3302,2026-01-21 17:04:20.064563,27.2,63.8,0.0,0.0,65,5.8,20.4,0.0,0,0.0
W3303,2024-08-22 17:04:20.064563,14.7,96.1,0.1,0.1,32,7.5,25.2,0.0,0,0.0
W3304,2025-05-25 17:04:20.064563,36.0,37.4,0.0,0.0,28,6.2,34.0,2.0,0,0.0
W3305,2025-04-08 17:04:20.064563,35.6,51.2,3.7,3.7,29,7.4,46.5,1.2000000000000028,0,0.0
W3306,2024-06-01 17:04:20.064563,30.3,59.7,0.0,0.0,92,9.0,4.4,2.0,0,0.0
W3307,2025-06-20 17:04:20.064563,28.6,50.7,0.0,0.0,35,5.7,88.8,0.0,0,0.0
W3308,2025-11-20 17:04:20.064563,42.6,61.0,0.0,0.0,45,4.4,90.4,15.200000000000003,1,91.95
W3309,2025-07-21 17:04:20.064563,25.0,58.9,0.0,0.0,64,4.0,66.2,0.0,0,0.0
W3310,2025-11-04 17:04:20.064563,13.2,84.3,0.0,0.0,30,4.6,31.6,0.0,0,0.0
W3311,2025-05-02 17:04:20.064563,29.5,74.8,1.1,1.1,43,6.4,38.5,0.0,0,0.0
W3312,2025-09-16 17:04:20.064563,45.0,49.0,0.0,0.0,76,5.2,73.4,20.0,1,485.67
W3313,2025-08-18 17:04:20.064563,14.9,76.6,0.0,0.0,55,6.3,28.6,0.0,0,0.0
W3314,2026-02-24 17:04:20.064563,21.4,84.7,0.0,0.0,98,3.6,60.9,0.0,0,0.0
W3315,2025-05-20 17:04:20.064563,29.2,69.2,1.5,1.5,27,3.0,90.6,0.0,0,0.0
W3316,2025-09-25 17:04:20.064563,24.5,96.6,2.7,2.7,52,5.6,41.0,0.0,0,0.0
W3317,2024-04-24 17:04:20.064563,15.2,91.3,4.0,4.0,48,4.2,58.7,0.0,0,0.0
W3318,2025-03-21 17:04:20.064563,36.2,54.3,11.9,11.9,42,2.8,92.9,5.375000000000005,0,0.0
W3319,2026-03-06 17:04:20.064563,45.0,33.9,0.0,0.0,42,4.6,34.1,20.0,1,285.32
W3320,2025-09-18 17:04:20.064563,27.0,62.1,0.0,0.0,55,4.0,76.0,0.0,0,0.0
W3321,2025-11-16 17:04:20.064563,16.0,77.8,12.5,12.5,58,3.8,75.5,3.125,0,0.0
W3322,2025-12-31 17:04:20.064563,9.5,100.0,0.0,0.0,62,2.6,92.8,0.0,0,0.0
W3323,2024-06-13 17:04:20.064563,27.6,68.8,0.0,0.0,46,3.6,85.9,0.0,0,0.0
W3324,2024-07-07 17:04:20.064563,36.0,61.6,0.0,0.0,110,4.2,74.9,2.0,0,0.0
W3325,2024-11-27 17:04:20.064563,29.8,80.5,0.0,0.0,70,4.6,63.7,0.0,0,0.0
W3326,2026-01-20 17:04:20.064563,25.0,49.0,0.0,0.0,81,4.4,24.1,0.0,0,0.0
W3327,2026-01-27 17:04:20.064563,19.1,94.1,9.7,9.7,65,3.7,67.1,0.0,0,0.0
W3328,2025-03-16 17:04:20.064563,14.1,89.4,0.0,0.0,68,5.1,27.6,0.0,0,0.0
W3329,2024-09-04 17:04:20.064563,33.3,64.3,1.3,1.3,52,4.7,44.0,0.0,0,0.0
W3330,2026-01-09 17:04:20.064563,34.1,50.5,3.6,3.6,67,2.4,71.0,0.0,0,0.0
W3331,2025-12-05 17:04:20.064563,9.5,88.1,0.0,0.0,57,3.4,67.5,0.0,0,0.0
W3332,2024-05-02 17:04:20.064563,40.9,53.5,4.3,4.3,70,5.0,40.1,11.799999999999997,1,180.4
W3333,2025-10-15 17:04:20.064563,30.7,87.7,0.0,0.0,68,4.3,18.3,0.6194999999999995,0,0.0
W3334,2026-01-07 17:04:20.064563,39.0,61.5,0.0,0.0,92,4.4,48.4,8.0,0,0.0
W3335,2026-02-09 17:04:20.064563,11.6,100.0,0.0,0.0,49,4.5,27.0,0.0,0,0.0
W3336,2026-01-09 17:04:20.064563,11.3,91.1,0.0,0.0,87,4.0,25.5,0.0,0,0.0
W3337,2025-05-01 17:04:20.064563,23.5,68.7,0.9,0.9,83,5.4,32.7,0.0,0,0.0
W3338,2025-02-20 17:04:20.064563,30.0,57.2,0.0,0.0,68,2.9,70.6,0.0,0,0.0
W3339,2025-06-01 17:04:20.064563,43.0,40.7,0.0,0.0,88,3.4,49.7,16.0,1,74.31
W3340,2024-07-04 17:04:20.064563,32.1,41.4,0.0,0.0,82,3.3,37.3,0.0,0,0.0
W3341,2024-03-28 17:04:20.064563,22.6,68.9,8.1,8.1,71,4.0,90.1,0.0,0,0.0
W3342,2024-06-26 17:04:20.064563,14.7,82.3,0.0,0.0,87,4.3,70.7,0.0,0,0.0
W3343,2024-12-07 17:04:20.064563,37.3,52.3,0.0,0.0,76,4.4,49.5,4.599999999999994,0,0.0
W3344,2024-10-31 17:04:20.064563,15.4,88.3,2.9,2.9,57,4.2,42.1,0.0,0,0.0
W3345,2025-08-22 17:04:20.064563,41.3,51.7,5.0,5.0,53,1.5,81.9,12.599999999999994,0,0.0
W3346,2025-08-31 17:04:20.064563,22.2,76.6,6.4,6.4,58,3.2,17.3,0.0,0,0.0
W3347,2025-10-10 17:04:20.064563,40.9,42.8,0.0,0.0,93,1.8,66.4,11.799999999999997,1,135.1
W3348,2025-11-02 17:04:20.064563,31.8,42.7,0.0,0.0,89,4.7,2.1,0.0,0,0.0
W3349,2026-02-20 17:04:20.064563,23.6,68.8,0.0,0.0,96,5.9,0.7,0.0,0,0.0
W3350,2025-10-28 17:04:20.064563,19.8,70.6,0.0,0.0,99,2.5,93.2,0.0,0,0.0
W3351,2024-10-30 17:04:20.064563,21.6,82.3,0.0,0.0,72,4.2,51.4,0.0,0,0.0
W3352,2025-06-17 17:04:20.064563,29.3,75.2,0.0,0.0,116,3.2,31.5,0.0,0,0.0
W3353,2025-04-05 17:04:20.064563,25.8,80.7,0.2,0.2,75,2.2,79.5,0.0,0,0.0
W3354,2025-04-22 17:04:20.064563,19.1,89.0,5.2,5.2,57,0.9,98.5,0.0,0,0.0
W3355,2025-07-05 17:04:20.064563,23.3,73.6,0.0,0.0,84,3.4,3.4,0.0,0,0.0
W3356,2026-02-11 17:04:20.064563,25.8,66.1,0.0,0.0,87,3.6,3.8,0.0,0,0.0
W3357,2025-11-10 17:04:20.064563,3.7,97.0,4.0,4.0,55,2.5,85.5,0.0,0,0.0
W3358,2026-02-23 17:04:20.064563,29.6,50.6,18.3,18.3,38,1.9,55.7,4.575,0,0.0
W3359,2025-08-12 17:04:20.064563,15.2,97.1,5.0,5.0,59,1.5,88.3,0.0,0,0.0
W3360,2024-08-19 17:04:20.064563,13.5,88.1,3.0,3.0,75,1.4,69.5,0.0,0,0.0
W3361,2025-03-06 17:04:20.064563,8.1,85.3,8.8,8.8,77,1.0,47.1,0.0,0,0.0
W3362,2024-04-12 17:04:20.064563,7.1,91.1,0.0,0.0,73,2.7,16.1,0.0,0,0.0
W3363,2025-07-25 17:04:20.064563,11.4,84.2,0.0,0.0,90,0.0,39.0,0.0,0,0.0
W3364,2024-07-03 17:04:20.064563,17.9,83.6,3.8,3.8,43,0.0,78.7,0.0,0,0.0
W3365,2025-01-14 17:04:20.064563,44.5,53.9,0.0,0.0,97,0.8,23.4,19.0,1,133.68
W3366,2025-05-17 17:04:20.064563,19.7,76.9,12.7,12.7,45,0.0,71.2,3.175,0,0.0
W3367,2024-06-13 17:04:20.064563,26.8,47.3,0.0,0.0,70,2.2,24.7,0.0,0,0.0
W3368,2024-07-14 17:04:20.064563,29.0,64.6,0.0,0.0,87,0.4,46.4,0.0,0,0.0
W3369,2024-08-10 17:04:20.064563,26.3,69.0,0.0,0.0,88,1.8,8.5,0.0,0,0.0
W3370,2025-03-09 17:04:20.064563,24.2,71.4,1.2,1.2,75,2.0,45.5,0.0,0,0.0
W3371,2025-01-31 17:04:20.064563,13.0,84.2,2.4,2.4,57,0.6,61.3,0.0,0,0.0
W3372,2025-03-04 17:04:20.064563,39.5,52.9,0.0,0.0,70,0.7,56.3,9.0,0,0.0
W3373,2025-06-27 17:04:20.064563,43.1,46.1,0.0,0.0,81,1.6,40.6,16.200000000000003,0,0.0
W3374,2024-10-15 17:04:20.064563,8.2,97.5,3.8,3.8,82,1.3,37.0,0.0,0,0.0
W3375,2025-09-02 17:04:20.064563,14.8,92.0,3.0,3.0,57,0.0,27.5,0.0,0,0.0
W3376,2025-07-25 17:04:20.064563,22.2,72.4,0.0,0.0,67,0.0,76.7,0.0,0,0.0
W3377,2025-03-09 17:04:20.064563,15.4,82.1,17.7,17.7,49,0.5,78.3,4.425,0,0.0
W3378,2025-07-18 17:04:20.064563,30.1,78.7,0.0,0.0,78,0.2,48.3,0.043500000000000635,0,0.0
W3379,2024-06-25 17:04:20.064563,17.7,89.0,0.9,0.9,81,0.0,38.3,0.0,0,0.0
W3380,2025-06-09 17:04:20.064563,45.0,50.8,8.1,8.1,15,0.0,63.7,20.0,0,0.0
W3381,2026-03-01 17:04:20.064563,36.9,66.9,0.0,0.0,74,0.6,55.8,3.799999999999997,0,0.0
W3382,2025-06-24 17:04:20.064563,27.1,74.6,5.9,5.9,85,0.0,66.7,0.0,0,0.0
W3383,2025-02-07 17:04:20.064563,35.3,66.4,0.0,0.0,67,0.0,30.6,0.5999999999999943,0,0.0
W3384,2024-05-25 17:04:20.064563,36.1,40.1,0.0,0.0,89,0.1,78.8,2.200000000000003,0,0.0
W3385,2025-01-19 17:04:20.064563,19.4,83.0,0.0,0.0,55,0.0,31.7,0.0,0,0.0
W3386,2024-05-02 17:04:20.064563,16.8,82.9,0.0,0.0,48,0.0,41.9,0.0,0,0.0
W3387,2026-03-15 17:04:20.064563,25.8,88.1,0.7,0.7,86,0.0,13.2,0.0,0,0.0
W3388,2024-07-13 17:04:20.064563,33.6,68.9,0.0,0.0,78,0.0,85.5,0.0,0,0.0
W3389,2024-04-10 17:04:20.064563,26.4,64.1,0.0,0.0,72,1.7,64.4,0.0,0,0.0
W3390,2025-03-04 17:04:20.064563,9.2,99.9,9.2,9.2,77,0.2,23.5,0.0,0,0.0
W3391,2026-01-10 17:04:20.064563,17.0,86.2,5.7,5.7,61,2.6,85.2,0.0,0,0.0
W3392,2024-07-07 17:04:20.064563,24.3,78.2,3.0,3.0,60,0.0,70.5,0.0,0,0.0
W3393,2026-02-09 17:04:20.064563,24.2,63.4,0.0,0.0,63,0.0,44.2,0.0,0,0.0
W3394,2024-09-02 17:04:20.064563,44.7,46.5,0.0,0.0,59,0.0,99.0,19.400000000000006,1,134.01
W3395,2024-11-22 17:04:20.064563,11.1,91.0,12.2,12.2,63,0.0,33.7,3.05,0,0.0
W3396,2025-08-28 17:04:20.064563,30.1,67.7,0.0,0.0,72,0.0,10.0,0.0,0,0.0
W3397,2024-09-12 17:04:20.064563,39.9,42.9,3.6,3.6,93,0.0,73.3,9.799999999999997,0,0.0
W3398,2025-10-04 17:04:20.064563,45.0,36.6,0.0,0.0,18,0.0,75.7,20.0,1,359.37
W3399,2024-08-28 17:04:20.064563,21.0,90.3,1.2,1.2,93,1.8,5.9,0.0,0,0.0
W3400,2025-02-19 17:04:20.064563,29.9,54.6,2.0,2.0,80,0.0,81.9,0.0,0,0.0
W3401,2025-10-12 17:04:20.064563,30.7,54.2,0.0,0.0,75,0.9,77.6,0.0,0,0.0
W3402,2025-05-28 17:04:20.064563,27.0,69.1,0.0,0.0,51,1.0,93.0,0.0,0,0.0
W3403,2025-07-04 17:04:20.064563,24.0,66.3,3.4,3.4,36,1.4,11.9,0.0,0,0.0
W3404,2024-11-10 17:04:20.064563,29.4,57.1,0.0,0.0,91,0.0,60.1,0.0,0,0.0
W3405,2025-05-06 17:04:20.064563,-0.3,100.0,0.0,0.9,81,1.3,21.9,0.8999999999999999,0,0.0
W3406,2025-12-22 17:04:20.064563,31.8,47.2,0.0,0.0,80,0.0,39.9,0.0,0,0.0
W3407,2024-09-22 17:04:20.064563,26.3,60.5,0.0,0.0,73,2.0,26.5,0.0,0,0.0
W3408,2024-09-24 17:04:20.064563,22.8,96.4,0.0,0.0,92,0.5,44.9,0.0,1,17.44
W3409,2026-01-02 17:04:20.064563,45.0,47.1,0.0,0.0,63,0.0,11.3,20.0,1,486.85
W3410,2026-01-20 17:04:20.064563,18.3,75.2,0.8,0.8,66,1.3,30.4,0.0,0,0.0
W3411,2025-06-03 17:04:20.064563,21.0,82.7,2.8,2.8,65,1.2,7.1,0.0,0,0.0
W3412,2025-04-27 17:04:20.064563,44.9,48.3,0.0,0.0,70,0.0,49.2,19.799999999999997,1,164.15
W3413,2024-04-16 17:04:20.064563,16.7,94.9,0.0,0.0,100,0.7,29.7,0.0,0,0.0
W3414,2025-12-06 17:04:20.064563,19.5,79.5,0.0,0.0,48,1.6,59.0,0.0,0,0.0
W3415,2024-10-06 17:04:20.064563,23.5,84.5,0.0,0.0,34,0.5,45.6,0.0,0,0.0
W3416,2025-06-21 17:04:20.064563,33.4,39.5,0.0,0.0,44,0.0,24.4,0.0,0,0.0
W3417,2025-11-14 17:04:20.064563,27.1,58.8,0.0,0.0,86,1.0,10.3,0.0,0,0.0
W3418,2025-05-31 17:04:20.064563,12.1,93.5,0.0,0.0,70,0.7,75.3,0.0,0,0.0
W3419,2025-04-20 17:04:20.064563,19.7,83.8,0.0,0.0,40,0.0,63.3,0.0,0,0.0
W3420,2024-03-22 17:04:20.064563,18.9,72.5,0.0,0.0,73,0.0,3.3,0.0,0,0.0
W3421,2026-03-09 17:04:20.064563,24.2,76.3,6.0,6.0,53,0.7,98.9,0.0,0,0.0
W3422,2024-10-23 17:04:20.064563,29.3,59.9,1.4,1.4,79,0.0,64.2,0.0,0,0.0
W3423,2024-10-14 17:04:20.064563,29.2,63.5,0.0,0.0,86,0.2,20.7,0.0,0,0.0
W3424,2024-12-28 17:04:20.064563,7.2,100.0,9.4,9.4,101,1.2,84.0,0.0,0,0.0
W3425,2026-03-08 17:04:20.064563,35.6,65.6,0.0,0.0,46,1.5,88.2,1.2000000000000028,0,0.0
W3426,2024-05-21 17:04:20.064563,27.5,58.7,0.0,0.0,32,0.0,57.4,0.0,0,0.0
W3427,2025-10-30 17:04:20.064563,38.8,41.2,0.0,0.0,81,0.0,88.6,7.599999999999994,0,0.0
W3428,2024-06-30 17:04:20.064563,29.4,61.7,0.0,0.0,88,0.0,2.9,0.0,0,0.0
W3429,2025-09-18 17:04:20.064563,36.0,55.7,0.0,0.0,42,0.8,94.5,2.0,0,0.0
W3430,2024-09-25 17:04:20.064563,29.7,58.9,0.0,0.0,42,0.0,5.7,0.0,0,0.0
W3431,2025-03-27 17:04:20.064563,38.5,62.7,0.0,0.0,74,1.1,64.2,7.0,0,0.0
W3432,2025-02-14 17:04:20.064563,30.2,68.1,0.0,0.0,101,0.0,34.6,0.0,0,0.0
W3433,2024-10-05 17:04:20.064563,24.0,78.0,0.0,0.0,49,0.0,3.9,0.0,0,0.0
W3434,2025-06-29 17:04:20.064563,45.0,29.8,0.0,0.0,68,0.0,92.9,20.0,1,298.82
W3435,2024-07-12 17:04:20.064563,33.9,70.8,0.0,0.0,27,0.9,13.5,0.1559999999999994,0,0.0
W3436,2024-12-11 17:04:20.064563,30.7,35.7,0.0,0.0,61,0.0,85.4,0.0,0,0.0
W3437,2026-02-02 17:04:20.064563,12.2,100.0,4.0,4.0,54,0.3,33.0,0.0,0,0.0
W3438,2025-08-01 17:04:20.064563,12.1,100.0,5.3,5.3,83,0.3,74.1,0.0,0,0.0
W3439,2025-09-09 17:04:20.064563,27.9,63.8,0.0,0.0,50,0.0,25.4,0.0,0,0.0
W3440,2026-01-01 17:04:20.064563,26.5,83.0,0.0,0.0,77,0.4,58.3,0.0,0,0.0
W3441,2025-02-01 17:04:20.064563,18.9,81.1,0.0,0.0,47,0.0,80.0,0.0,0,0.0
W3442,2025-11-19 17:04:20.064563,26.4,71.0,5.4,5.4,53,0.0,56.6,0.0,0,0.0
W3443,2025-04-19 17:04:20.064563,40.9,52.1,0.0,0.0,103,0.0,30.7,11.799999999999997,1,171.26
W3444,2025-12-03 17:04:20.064563,32.0,93.9,1.6,1.6,94,0.0,23.3,2.3900000000000006,0,0.0
W3445,2025-04-23 17:04:20.064563,13.6,100.0,5.1,5.1,90,0.0,17.5,0.0,0,0.0
W3446,2025-11-09 17:04:20.064563,23.9,81.2,6.3,6.3,56,0.9,83.9,0.0,0,0.0
W3447,2024-07-12 17:04:20.064563,17.0,75.4,0.0,0.0,56,0.0,61.1,0.0,0,0.0
W3448,2025-03-09 17:04:20.064563,21.1,79.8,8.4,8.4,48,0.9,50.9,0.0,0,0.0
W3449,2025-03-13 17:04:20.064563,20.9,70.6,0.0,0.0,68,0.0,25.0,0.0,0,0.0
W3450,2025-06-29 17:04:20.064563,20.2,87.9,4.5,4.5,57,0.0,43.4,0.0,0,0.0
W3451,2025-12-10 17:04:20.064563,12.4,92.7,0.0,0.0,44,0.5,62.0,0.0,0,0.0
W3452,2024-09-10 17:04:20.064563,23.7,63.2,0.0,0.0,42,0.6,7.2,0.0,0,0.0
W3453,2026-02-05 17:04:20.064563,19.4,81.7,0.0,0.0,45,0.0,36.1,0.0,0,0.0
W3454,2026-03-10 17:04:20.064563,-4.3,100.0,0.9,1.7,76,1.1,24.0,12.899999999999999,1,84.69
W3455,2025-01-16 17:04:20.064563,45.0,44.0,0.0,0.0,79,1.5,64.7,20.0,1,252.99
W3456,2025-12-07 17:04:20.064563,35.9,47.6,0.0,0.0,119,0.6,60.6,1.7999999999999972,0,0.0
W3457,2025-11-12 17:04:20.064563,21.2,78.4,3.0,3.0,57,0.1,29.9,0.0,0,0.0
W3458,2024-06-12 17:04:20.064563,25.2,79.7,2.0,2.0,35,2.0,4.2,0.0,0,0.0
W3459,2026-02-04 17:04:20.064563,13.3,89.5,0.0,0.0,44,0.5,18.3,0.0,0,0.0
W3460,2024-08-02 17:04:20.064563,42.0,43.2,0.0,0.0,50,0.2,16.0,14.0,1,220.41
W3461,2025-02-01 17:04:20.064563,44.0,46.1,9.1,9.1,65,1.7,56.8,18.0,1,77.41
W3462,2024-07-16 17:04:20.064563,26.6,77.1,3.3,3.3,60,1.6,16.9,0.0,0,0.0
W3463,2024-11-17 17:04:20.064563,35.2,46.1,0.0,0.0,25,0.0,48.2,0.4000000000000057,0,0.0
W3464,2025-01-24 17:04:20.064563,26.8,72.5,0.0,0.0,50,0.0,61.5,0.0,0,0.0
W3465,2024-07-15 17:04:20.064563,11.6,100.0,5.8,5.8,15,0.6,88.0,0.0,0,0.0
W3466,2024-09-21 17:04:20.064563,20.9,84.4,2.1,2.1,58,1.2,24.5,0.0,0,0.0
W3467,2025-04-04 17:04:20.064563,26.3,71.1,0.0,0.0,36,0.0,18.6,0.0,0,0.0
W3468,2026-02-26 17:04:20.064563,20.5,85.7,4.1,4.1,29,0.9,17.3,0.0,0,0.0
W3469,2024-08-09 17:04:20.064563,22.8,80.3,0.0,0.0,15,0.0,36.0,0.0,0,0.0
W3470,2025-08-23 17:04:20.064563,24.1,81.4,0.0,0.0,63,0.7,64.9,0.0,0,0.0
W3471,2025-04-19 17:04:20.064563,24.2,53.5,0.0,0.0,72,0.0,67.2,0.0,0,0.0
W3472,2025-05-20 17:04:20.064563,25.5,56.2,0.0,0.0,33,0.0,21.1,0.0,0,0.0
W3473,2025-11-18 17:04:20.064563,14.4,98.5,0.2,0.2,43,0.0,13.1,0.0,0,0.0
W3474,2024-08-06 17:04:20.064563,17.8,68.2,4.4,4.4,28,0.0,44.9,0.0,0,0.0
W3475,2025-10-27 17:04:20.064563,12.2,95.8,0.0,0.0,41,0.0,14.1,0.0,0,0.0
W3476,2025-04-14 17:04:20.064563,34.8,54.3,0.0,0.0,29,0.0,81.3,0.0,0,0.0
W3477,2025-05-25 17:04:20.064563,3.9,94.1,1.6,1.6,19,0.0,8.4,0.0,0,0.0
W3478,2024-09-24 17:04:20.064563,36.5,58.7,0.0,0.0,71,0.0,75.2,3.0,0,0.0
W3479,2025-07-29 17:04:20.064563,38.9,53.7,0.0,0.0,15,0.0,4.3,7.799999999999997,0,0.0
W3480,2025-12-28 17:04:20.064563,22.0,98.1,5.0,5.0,43,0.0,80.7,0.0,0,0.0
W3481,2025-09-19 17:04:20.064563,-1.0,100.0,0.0,1.0,48,0.9,62.7,3.0,0,0.0
W3482,2026-02-26 17:04:20.064563,21.4,92.3,0.0,0.0,75,0.0,32.2,0.0,0,0.0
W3483,2026-01-07 17:04:20.064563,24.4,77.0,0.0,0.0,37,0.5,40.6,0.0,0,0.0
W3484,2024-09-11 17:04:20.064563,14.9,81.0,0.7,0.7,32,0.7,67.4,0.0,0,0.0
W3485,2025-10-07 17:04:20.064563,19.8,88.2,0.5,0.5,23,0.0,18.6,0.0,0,0.0
W3486,2024-09-04 17:04:20.064563,40.3,55.2,0.0,0.0,47,0.0,89.0,10.599999999999994,1,121.61
W3487,2025-08-01 17:04:20.064563,31.6,62.9,1.5,1.5,22,0.3,48.3,0.0,0,0.0
W3488,2025-01-07 17:04:20.064563,15.8,89.0,3.8,3.8,15,0.0,76.0,0.0,0,0.0
W3489,2024-08-08 17:04:20.064563,9.0,90.5,0.6,0.6,23,0.9,50.7,0.0,0,0.0
W3490,2024-09-25 17:04:20.064563,21.7,69.1,0.0,0.0,19,1.4,45.2,0.0,0,0.0
W3491,2025-02-03 17:04:20.064563,22.9,83.3,0.0,0.0,18,0.0,47.0,0.0,0,0.0
W3492,2025-06-22 17:04:20.064563,30.0,62.8,0.0,0.0,39,0.2,36.3,0.0,0,0.0
W3493,2025-12-12 17:04:20.064563,19.6,79.7,0.0,0.0,33,0.7,73.3,0.0,0,0.0
W3494,2024-05-11 17:04:20.064563,30.1,67.6,0.0,0.0,47,0.0,84.6,0.0,0,0.0
W3495,2025-03-20 17:04:20.064563,44.4,46.1,0.0,0.0,39,0.0,85.4,18.799999999999997,1,96.07
W3496,2024-03-27 17:04:20.064563,33.2,46.0,0.0,0.0,15,0.0,12.1,0.0,0,0.0
W3497,2025-07-27 17:04:20.064563,24.5,86.1,0.0,0.0,15,1.0,76.1,0.0,0,0.0
W3498,2024-08-04 17:04:20.064563,23.2,76.5,0.0,0.0,15,1.7,20.0,0.0,0,0.0
W3499,2024-10-03 17:04:20.064563,21.4,75.8,0.3,0.3,49,0.1,1.2,0.0,0,0.0
W3500,2025-04-15 17:04:20.064563,36.8,59.1,0.0,0.0,48,0.0,27.5,3.5999999999999943,0,0.0
W3501,2025-10-14 17:04:20.064563,18.7,84.3,0.0,0.0,53,0.3,29.3,0.0,0,0.0
W3502,2025-08-17 17:04:20.064563,25.5,79.5,0.0,0.0,49,0.0,81.0,0.0,0,0.0
W3503,2026-01-15 17:04:20.064563,25.5,77.1,0.0,0.0,54,0.0,74.2,0.0,0,0.0
W3504,2025-08-06 17:04:20.064563,20.0,87.2,0.0,0.0,40,0.0,8.5,0.0,0,0.0
W3505,2025-05-10 17:04:20.064563,11.3,100.0,0.0,0.0,68,0.0,32.6,0.0,0,0.0
W3506,2026-02-17 17:04:20.064563,28.2,76.5,0.0,0.0,37,0.2,25.1,0.0,0,0.0
W3507,2025-08-03 17:04:20.064563,24.4,71.8,0.0,0.0,71,0.4,59.5,0.0,0,0.0
W3508,2025-05-17 17:04:20.064563,30.0,53.8,0.0,0.0,18,0.0,54.2,0.0,0,0.0
W3509,2026-03-15 17:04:20.064563,19.7,97.2,0.0,0.0,17,0.9,67.9,0.0,0,0.0
W3510,2025-06-15 17:04:20.064563,37.2,51.8,0.0,0.0,26,0.4,91.1,4.400000000000006,0,0.0
W3511,2025-07-31 17:04:20.064563,16.2,80.9,3.8,3.8,21,0.0,42.1,0.0,0,0.0
W3512,2024-09-05 17:04:20.064563,42.1,29.5,0.0,0.0,22,0.0,65.6,14.200000000000003,1,165.19
W3513,2024-06-10 17:04:20.064563,7.5,100.0,10.6,10.6,18,0.0,91.8,2.65,1,36.46
W3514,2025-10-17 17:04:20.064563,29.3,67.5,0.0,0.0,26,0.0,54.2,0.0,0,0.0
W3515,2024-04-18 17:04:20.064563,29.8,50.2,2.4,2.4,15,0.5,30.8,0.0,0,0.0
W3516,2024-10-29 17:04:20.064563,17.0,89.0,2.5,2.5,15,0.0,40.3,0.0,0,0.0
W3517,2025-01-11 17:04:20.064563,29.2,61.2,0.0,0.0,51,0.0,75.5,0.0,0,0.0
W3518,2024-04-20 17:04:20.064563,37.8,80.2,0.0,0.0,33,0.3,72.0,9.577999999999994,1,63.92
W3519,2024-12-24 17:04:20.064563,2.8,100.0,0.8,0.8,15,0.6,74.8,0.0,0,0.0
W3520,2024-11-03 17:04:20.064563,30.0,60.6,0.0,0.0,56,1.1,74.3,0.0,0,0.0
W3521,2025-09-19 17:04:20.064563,0.1,100.0,0.0,1.8,34,0.0,92.0,0.0,0,0.0
W3522,2025-01-07 17:04:20.064563,15.3,99.8,0.4,0.4,37,0.8,76.4,0.0,0,0.0
W3523,2024-09-06 17:04:20.064563,41.3,44.3,0.0,0.0,44,0.6,85.5,12.599999999999994,0,0.0
W3524,2025-06-29 17:04:20.064563,19.2,74.0,4.4,4.4,36,0.3,57.4,0.0,0,0.0
W3525,2025-10-18 17:04:20.064563,13.3,97.2,0.0,0.0,15,0.0,64.4,0.0,0,0.0
W3526,2025-08-07 17:04:20.064563,23.0,61.7,5.6,5.6,15,1.1,96.8,0.0,0,0.0
W3527,2025-10-01 17:04:20.064563,45.0,48.8,0.0,0.0,72,0.1,87.0,20.0,0,0.0
W3528,2025-08-23 17:04:20.064563,6.7,100.0,5.2,5.2,15,0.0,77.7,0.0,0,0.0
W3529,2024-07-11 17:04:20.064563,14.5,93.9,10.1,10.1,15,0.0,68.6,2.525,0,0.0
W3530,2025-10-25 17:04:20.064563,40.0,56.4,0.0,0.0,56,0.0,35.9,10.0,1,154.45
W3531,2024-07-12 17:04:20.064563,43.6,53.3,0.0,0.0,15,1.9,54.8,17.200000000000003,1,197.05
W3532,2024-12-17 17:04:20.064563,24.0,91.1,0.0,0.0,15,0.3,5.5,0.0,0,0.0
W3533,2025-09-25 17:04:20.064563,12.6,100.0,0.0,0.0,41,0.0,41.6,0.0,0,0.0
W3534,2025-03-28 17:04:20.064563,45.0,46.9,0.0,0.0,26,0.0,11.2,20.0,1,461.45
W3535,2025-09-24 17:04:20.064563,40.9,57.6,0.0,0.0,32,0.0,72.9,11.799999999999997,1,196.01
W3536,2024-04-29 17:04:20.064563,31.8,53.5,0.0,0.0,20,0.8,89.2,0.0,0,0.0
W3537,2025-06-12 17:04:20.064563,16.9,92.4,2.8,2.8,15,0.6,17.4,0.0,0,0.0
W3538,2025-09-28 17:04:20.064563,24.5,63.2,0.0,0.0,15,0.7,24.6,0.0,0,0.0
W3539,2024-10-27 17:04:20.064563,23.4,71.2,0.0,0.0,45,0.0,85.7,0.0,0,0.0
W3540,2025-05-27 17:04:20.064563,28.3,36.7,0.0,0.0,15,0.0,58.6,0.0,0,0.0
W3541,2024-06-30 17:04:20.064563,39.5,54.7,0.0,0.0,29,0.1,58.8,9.0,0,0.0
W3542,2026-01-16 17:04:20.064563,33.8,52.9,0.0,0.0,15,0.0,56.3,0.0,0,0.0
W3543,2024-11-26 17:04:20.064563,14.2,99.8,2.4,2.4,57,0.5,21.8,0.0,0,0.0
W3544,2025-01-16 17:04:20.064563,38.8,55.8,2.1,2.1,23,1.6,24.3,7.599999999999994,0,0.0
W3545,2024-04-20 17:04:20.064563,28.1,79.0,0.0,0.0,27,0.2,95.0,0.0,0,0.0
W3546,2025-06-21 17:04:20.064563,31.9,51.4,0.0,0.0,39,0.0,72.3,0.0,0,0.0
W3547,2024-12-12 17:04:20.064563,39.7,60.9,0.0,0.0,15,0.0,9.0,9.400000000000006,1,101.76
W3548,2025-03-09 17:04:20.064563,13.9,100.0,0.0,0.0,44,0.2,22.3,0.0,0,0.0
W3549,2024-06-15 17:04:20.064563,24.6,80.7,0.0,0.0,15,0.0,62.7,0.0,0,0.0
W3550,2025-06-10 17:04:20.064563,19.7,88.4,0.0,0.0,15,0.4,28.3,0.0,0,0.0
W3551,2024-07-16 17:04:20.064563,9.3,97.7,0.0,0.0,15,0.4,25.2,0.0,0,0.0
W3552,2024-11-15 17:04:20.064563,28.5,62.1,0.0,0.0,15,1.6,20.2,0.0,0,0.0
W3553,2024-10-18 17:04:20.064563,45.0,50.1,0.0,0.0,15,0.2,18.6,20.0,1,167.36
W3554,2025-11-10 17:04:20.064563,6.6,85.0,0.0,0.0,19,0.5,61.3,0.0,0,0.0
W3555,2026-02-21 17:04:20.064563,24.7,68.8,0.4,0.4,15,0.0,90.6,0.0,0,0.0
W3556,2025-03-12 17:04:20.064563,31.4,45.2,14.6,14.6,15,0.0,36.1,3.65,0,0.0
W3557,2026-03-15 17:04:20.064563,26.2,63.6,0.0,0.0,20,1.1,12.2,0.0,0,0.0
W3558,2025-12-02 17:04:20.064563,23.9,80.6,0.0,0.0,18,1.2,12.4,0.0,0,0.0
W3559,2025-12-25 17:04:20.064563,12.0,97.0,4.3,4.3,15,0.0,93.4,0.0,0,0.0
W3560,2025-05-30 17:04:20.064563,27.3,69.5,0.0,0.0,15,0.0,52.9,0.0,0,0.0
W3561,2024-09-03 17:04:20.064563,17.4,85.6,0.0,0.0,15,1.6,46.6,0.0,0,0.0
W3562,2025-12-08 17:04:20.064563,3.1,86.5,0.0,0.0,15,1.4,89.1,0.0,0,0.0
W3563,2024-08-07 17:04:20.064563,36.9,50.9,0.0,0.0,21,0.3,50.7,3.799999999999997,0,0.0
W3564,2024-10-15 17:04:20.064563,34.6,51.3,0.0,0.0,15,1.6,48.1,0.0,0,0.0
W3565,2024-10-15 17:04:20.064563,25.5,65.1,6.7,6.7,15,0.4,92.7,0.0,0,0.0
W3566,2024-05-17 17:04:20.064563,27.3,75.1,7.6,7.6,15,1.0,47.4,0.0,0,0.0
W3567,2025-10-22 17:04:20.064563,35.7,47.8,0.0,0.0,15,0.0,39.1,1.4000000000000057,0,0.0
W3568,2025-03-12 17:04:20.064563,27.2,63.1,0.0,0.0,31,2.1,58.2,0.0,0,0.0
W3569,2025-09-14 17:04:20.064563,34.0,38.1,0.0,0.0,35,0.0,97.7,0.0,0,0.0
W3570,2024-12-30 17:04:20.064563,22.0,74.0,0.0,0.0,15,2.5,96.4,0.0,0,0.0
W3571,2025-11-19 17:04:20.064563,38.1,41.9,0.0,0.0,21,2.8,77.6,6.200000000000003,0,0.0
W3572,2025-09-20 17:04:20.064563,28.2,68.5,0.0,0.0,15,0.0,49.9,0.0,0,0.0
W3573,2024-09-06 17:04:20.064563,26.9,60.1,0.0,0.0,42,2.6,88.1,0.0,0,0.0
W3574,2025-02-12 17:04:20.064563,12.3,92.6,1.7,1.7,15,1.4,41.9,0.0,0,0.0
W3575,2026-03-08 17:04:20.064563,27.9,66.7,0.0,0.0,15,1.9,64.0,0.0,0,0.0
W3576,2025-01-11 17:04:20.064563,16.7,100.0,0.0,0.0,40,0.7,17.9,0.0,0,0.0
W3577,2025-01-08 17:04:20.064563,18.6,87.0,0.0,0.0,15,1.3,66.1,0.0,0,0.0
W3578,2025-10-25 17:04:20.064563,16.8,66.3,0.0,0.0,24,1.1,27.6,0.0,0,0.0
W3579,2024-12-16 17:04:20.064563,14.3,75.8,0.0,0.0,15,0.9,77.2,0.0,0,0.0
W3580,2025-08-26 17:04:20.064563,45.0,43.1,0.0,0.0,35,3.5,41.4,20.0,1,271.48
W3581,2026-02-11 17:04:20.064563,38.3,43.2,5.7,5.7,27,3.4,39.8,6.599999999999994,1,97.69
W3582,2024-06-23 17:04:20.064563,44.2,20.0,0.0,0.0,15,2.8,74.7,18.400000000000006,1,140.95
W3583,2024-08-03 17:04:20.064563,12.8,100.0,10.2,10.2,15,2.0,42.5,2.55,0,0.0
W3584,2025-05-13 17:04:20.064563,25.7,78.6,4.6,4.6,19,1.5,71.4,0.0,0,0.0
W3585,2024-05-17 17:04:20.064563,12.1,97.1,9.4,9.4,43,0.4,85.5,0.0,0,0.0
W3586,2024-12-26 17:04:20.064563,18.0,76.9,0.0,0.0,40,4.0,13.7,0.0,0,0.0
W3587,2026-01-18 17:04:20.064563,15.8,90.5,0.0,0.0,19,4.8,47.9,0.0,0,0.0
W3588,2024-07-25 17:04:20.064563,37.4,46.9,0.0,0.0,15,3.5,94.5,4.799999999999997,0,0.0
W3589,2026-03-06 17:04:20.064563,21.0,80.5,0.0,0.0,15,2.4,81.2,0.0,0,0.0
W3590,2024-07-31 17:04:20.064563,35.7,47.3,0.0,0.0,38,2.6,97.4,1.4000000000000057,0,0.0
W3591,2024-11-28 17:04:20.064563,31.0,78.6,0.0,0.0,42,2.7,86.0,0.4299999999999997,0,0.0
W3592,2024-08-14 17:04:20.064563,45.0,26.8,0.0,0.0,15,4.6,31.0,20.0,1,197.67
W3593,2026-03-16 17:04:20.064563,10.2,100.0,0.0,0.0,20,5.8,17.9,0.0,0,0.0
W3594,2025-02-10 17:04:20.064563,37.6,54.0,0.0,0.0,26,3.5,21.1,5.200000000000003,0,0.0
W3595,2024-11-26 17:04:20.064563,36.5,50.4,0.0,0.0,61,3.6,21.7,3.0,0,0.0
W3596,2026-02-08 17:04:20.064563,15.3,88.8,2.3,2.3,22,4.3,7.6,0.0,0,0.0
W3597,2025-04-24 17:04:20.064563,35.1,64.7,0.0,0.0,15,2.6,90.7,0.20000000000000284,0,0.0
W3598,2025-08-01 17:04:20.064563,28.4,81.1,0.0,0.0,15,4.5,50.3,0.0,0,0.0
W3599,2024-08-10 17:04:20.064563,22.7,79.0,0.0,0.0,15,4.8,10.1,0.0,0,0.0
W3600,2025-10-30 17:04:20.064563,16.8,76.0,6.9,6.9,38,2.4,76.3,0.0,0,0.0
W3601,2025-12-25 17:04:20.064563,17.8,83.8,1.0,1.0,35,3.6,32.6,0.0,0,0.0
W3602,2024-12-18 17:04:20.064563,45.0,60.7,2.5,2.5,16,4.1,7.1,20.0,1,249.66
W3603,2025-12-20 17:04:20.064563,25.0,86.0,0.0,0.0,15,4.9,19.0,0.0,0,0.0
W3604,2025-05-16 17:04:20.064563,32.8,69.9,0.0,0.0,15,4.8,65.8,0.0,0,0.0
W3605,2025-04-06 17:04:20.064563,17.1,92.3,0.0,0.0,35,3.9,79.4,0.0,0,0.0
W3606,2025-06-23 17:04:20.064563,17.2,91.2,0.0,0.0,36,5.6,25.4,0.0,0,0.0
W3607,2024-06-03 17:04:20.064563,35.8,67.9,8.6,8.6,19,3.1,57.7,1.5999999999999943,0,0.0
W3608,2025-12-26 17:04:20.064563,11.5,88.2,0.2,0.2,15,4.8,0.1,0.0,0,0.0
W3609,2024-06-21 17:04:20.064563,20.8,65.2,1.7,1.7,30,5.4,27.8,0.0,0,0.0
W3610,2025-05-04 17:04:20.064563,25.3,72.7,0.0,0.0,15,6.9,18.2,0.0,0,0.0
W3611,2025-08-27 17:04:20.064563,26.1,62.7,0.0,0.0,31,6.9,7.7,0.0,0,0.0
W3612,2024-12-27 17:04:20.064563,23.2,64.6,0.0,0.0,16,4.1,48.4,0.0,0,0.0
W3613,2026-02-27 17:04:20.064563,29.0,59.4,0.0,0.0,53,6.7,63.1,0.0,0,0.0
W3614,2025-03-30 17:04:20.064563,31.9,87.0,13.3,13.3,15,4.3,4.6,4.9399999999999995,0,0.0
W3615,2025-06-26 17:04:20.064563,32.3,62.8,1.8,1.8,26,6.2,13.8,0.0,0,0.0
W3616,2025-07-30 17:04:20.064563,15.1,90.9,0.0,0.0,61,3.7,93.2,0.0,0,0.0
W3617,2025-02-16 17:04:20.064563,22.2,64.5,0.0,0.0,26,5.8,22.3,0.0,0,0.0
W3618,2025-11-03 17:04:20.064563,36.9,36.1,6.8,6.8,15,4.8,76.0,3.799999999999997,0,0.0
W3619,2024-03-20 17:04:20.064563,33.9,50.9,3.2,3.2,49,4.1,74.8,0.0,0,0.0
W3620,2024-06-21 17:04:20.064563,11.3,100.0,0.0,0.0,40,4.3,32.2,0.0,0,0.0
W3621,2025-06-30 17:04:20.064563,28.5,70.6,0.0,0.0,29,6.2,20.4,0.0,0,0.0
W3622,2025-12-28 17:04:20.064563,5.2,100.0,12.2,12.2,15,6.4,24.4,3.05,1,34.26
W3623,2026-01-27 17:04:20.064563,25.5,79.2,0.0,0.0,46,6.0,56.6,0.0,0,0.0
W3624,2026-03-02 17:04:20.064563,44.0,38.1,2.3,2.3,48,7.3,38.1,18.0,1,203.54
W3625,2025-03-19 17:04:20.064563,15.5,100.0,0.0,0.0,22,4.6,49.6,0.0,0,0.0
W3626,2024-05-21 17:04:20.064563,16.7,78.7,0.7,0.7,47,6.0,81.2,0.0,0,0.0
W3627,2025-09-16 17:04:20.064563,32.6,75.1,0.7,0.7,42,5.1,50.2,0.6629999999999996,0,0.0
W3628,2025-04-29 17:04:20.064563,9.6,100.0,13.3,13.3,15,3.2,99.5,3.325,0,0.0
W3629,2024-10-27 17:04:20.064563,18.7,64.1,0.5,0.5,38,4.6,66.6,0.0,0,0.0
W3630,2025-05-31 17:04:20.064563,31.0,56.1,0.0,0.0,28,4.8,20.7,0.0,0,0.0
W3631,2024-10-20 17:04:20.064563,18.7,64.2,0.0,0.0,65,5.3,50.0,0.0,0,0.0
W3632,2025-08-06 17:04:20.064563,22.6,87.7,0.0,0.0,27,5.8,81.3,0.0,0,0.0
W3633,2024-12-17 17:04:20.064563,32.4,61.1,0.0,0.0,71,7.3,21.8,0.0,0,0.0
W3634,2025-02-11 17:04:20.064563,29.2,43.9,0.0,0.0,44,5.1,72.9,0.0,0,0.0
W3635,2025-01-02 17:04:20.064563,27.7,72.3,3.3,3.3,15,8.0,3.3,0.0,0,0.0
W3636,2025-02-26 17:04:20.064563,21.6,72.2,0.0,0.0,15,5.4,94.3,0.0,0,0.0
W3637,2025-09-29 17:04:20.064563,28.7,52.1,0.0,0.0,39,4.3,66.3,0.0,0,0.0
W3638,2025-10-30 17:04:20.064563,23.8,91.1,1.3,1.3,67,8.1,16.3,0.1999999999999993,0,0.0
W3639,2024-07-29 17:04:20.064563,29.6,66.7,0.0,0.0,68,4.5,87.4,0.0,0,0.0
W3640,2025-10-18 17:04:20.064563,20.0,77.0,0.0,0.0,48,6.8,8.2,0.0,0,0.0
W3641,2025-07-27 17:04:20.064563,23.2,71.2,3.0,3.0,24,6.8,40.6,0.0,0,0.0
W3642,2025-03-04 17:04:20.064563,15.1,72.2,0.0,0.0,37,5.1,73.7,0.0,0,0.0
W3643,2026-02-14 17:04:20.064563,24.6,60.0,0.0,0.0,50,3.4,93.7,0.0,0,0.0
W3644,2024-05-06 17:04:20.064563,16.9,97.5,6.7,6.7,55,5.5,34.9,0.0,0,0.0
W3645,2024-05-04 17:04:20.064563,13.9,84.5,6.4,6.4,46,4.2,83.1,0.0,0,0.0
W3646,2024-06-27 17:04:20.064563,27.6,68.8,0.0,0.0,67,6.7,19.7,0.0,0,0.0
W3647,2025-12-19 17:04:20.064563,27.1,48.9,0.0,0.0,61,9.1,3.5,2.1999999999999993,0,0.0
W3648,2025-07-01 17:04:20.064563,32.8,47.6,0.0,0.0,67,7.7,2.9,0.0,0,0.0
W3649,2024-04-03 17:04:20.064563,20.7,85.1,0.0,0.0,15,5.0,65.8,0.0,0,0.0
W3650,2024-07-23 17:04:20.064563,29.1,70.2,0.0,0.0,32,8.5,15.4,1.0,0,0.0
W3651,2024-08-26 17:04:20.064563,30.5,81.8,4.6,4.6,19,9.1,5.0,2.494999999999999,0,0.0
W3652,2025-06-12 17:04:20.064563,29.4,79.3,0.0,0.0,27,3.3,97.7,0.0,0,0.0
W3653,2025-06-28 17:04:20.064563,16.7,82.6,0.0,0.0,51,5.8,24.2,0.0,0,0.0
W3654,2024-03-18 17:04:20.064563,26.5,75.0,24.4,24.4,15,6.7,46.3,12.2,1,104.5
W3655,2025-05-30 17:04:20.064563,28.6,63.9,0.0,0.0,33,5.3,61.3,0.0,0,0.0
W3656,2024-10-11 17:04:20.064563,25.1,92.9,0.0,0.0,51,6.8,14.4,0.0,0,0.0
W3657,2026-02-21 17:04:20.064563,4.1,100.0,3.3,3.3,15,7.6,35.7,0.0,0,0.0
W3658,2024-07-31 17:04:20.064563,26.6,71.8,0.0,0.0,44,5.1,64.8,0.0,0,0.0
W3659,2026-01-12 17:04:20.064563,45.0,44.5,0.0,0.0,67,7.3,64.0,20.0,1,267.27
W3660,2025-01-21 17:04:20.064563,21.4,92.3,0.0,0.0,30,4.6,84.2,0.0,0,0.0
W3661,2024-08-27 17:04:20.064563,17.7,89.2,0.0,0.0,71,6.3,43.7,0.0,0,0.0
W3662,2024-12-23 17:04:20.064563,28.7,82.5,0.0,0.0,40,6.6,89.0,0.0,0,0.0
W3663,2024-06-21 17:04:20.064563,28.1,45.9,0.4,0.4,61,5.4,68.2,0.0,0,0.0
W3664,2026-01-17 17:04:20.064563,36.9,59.2,0.0,0.0,35,4.9,56.2,3.799999999999997,0,0.0
W3665,2025-03-22 17:04:20.064563,12.4,86.2,0.0,0.0,66,6.3,11.7,0.0,0,0.0
W3666,2024-11-29 17:04:20.064563,32.3,79.1,0.0,0.0,52,5.0,57.5,1.046499999999998,0,0.0
W3667,2024-06-10 17:04:20.064563,30.9,79.1,0.0,0.0,67,5.6,59.5,0.4094999999999991,0,0.0
W3668,2025-04-02 17:04:20.064563,23.6,75.0,0.0,0.0,48,5.6,75.9,0.0,0,0.0
W3669,2026-01-27 17:04:20.064563,28.4,82.8,0.0,0.0,70,3.3,71.9,0.0,0,0.0
W3670,2026-01-11 17:04:20.064563,35.3,74.9,12.9,12.9,51,5.5,53.0,5.1234999999999955,0,0.0
W3671,2024-09-03 17:04:20.064563,33.7,60.2,5.5,5.5,52,6.5,59.3,0.0,0,0.0
W3672,2024-05-10 17:04:20.064563,13.6,100.0,2.8,2.8,45,4.8,77.2,0.0,0,0.0
W3673,2025-04-27 17:04:20.064563,33.2,59.9,0.1,0.1,56,7.4,35.1,0.0,0,0.0
W3674,2025-12-18 17:04:20.064563,24.4,71.3,0.0,0.0,36,5.3,13.5,0.0,0,0.0
W3675,2025-01-24 17:04:20.064563,25.7,80.1,16.7,16.7,33,3.9,87.4,4.175,0,0.0
W3676,2026-03-04 17:04:20.064563,25.7,67.9,3.2,3.2,69,3.9,96.5,0.0,0,0.0
W3677,2024-11-12 17:04:20.064563,23.5,75.6,2.1,2.1,90,6.2,42.9,0.0,1,41.37
W3678,2025-05-31 17:04:20.064563,36.9,68.7,0.0,0.0,90,2.7,99.0,3.799999999999997,0,0.0
W3679,2026-01-18 17:04:20.064563,24.2,73.9,0.0,0.0,44,6.3,32.3,0.0,0,0.0
W3680,2024-06-19 17:04:20.064563,13.8,72.3,0.0,0.0,69,7.2,6.7,0.0,0,0.0
W3681,2026-03-08 17:04:20.064563,21.1,82.1,10.9,10.9,40,4.8,57.2,2.725,0,0.0
W3682,2024-06-23 17:04:20.064563,26.8,62.9,0.0,0.0,90,4.3,86.8,0.0,0,0.0
W3683,2024-03-19 17:04:20.064563,37.3,62.7,3.9,3.9,44,5.0,61.7,4.599999999999994,0,0.0
W3684,2024-10-22 17:04:20.064563,31.0,70.4,0.7,0.7,82,6.0,0.9,0.020000000000000285,0,0.0
W3685,2025-07-19 17:04:20.064563,16.5,100.0,0.0,0.0,47,6.4,1.2,0.0,0,0.0
W3686,2024-06-05 17:04:20.064563,45.0,51.6,0.0,0.0,65,2.9,72.4,20.0,1,209.01
W3687,2024-07-31 17:04:20.064563,27.6,79.4,3.5,3.5,43,2.2,84.5,0.0,0,0.0
W3688,2025-11-15 17:04:20.064563,37.8,46.7,0.0,0.0,28,5.8,25.3,5.599999999999994,0,0.0
W3689,2024-11-04 17:04:20.064563,23.5,82.8,4.4,4.4,41,2.9,47.0,0.0,0,0.0
W3690,2025-08-31 17:04:20.064563,30.3,84.2,1.9,1.9,60,3.0,96.1,0.21300000000000058,0,0.0
W3691,2026-02-12 17:04:20.064563,33.4,53.0,0.0,0.0,97,5.1,46.1,0.0,0,0.0
W3692,2025-06-16 17:04:20.064563,37.2,72.2,8.0,8.0,32,5.6,13.6,5.192000000000007,0,0.0
W3693,2024-03-27 17:04:20.064563,35.6,51.1,0.0,0.0,58,5.4,91.2,1.2000000000000028,0,0.0
W3694,2024-03-26 17:04:20.064563,33.7,50.9,0.0,0.0,41,4.8,49.5,0.0,0,0.0
W3695,2026-02-28 17:04:20.064563,21.8,80.2,0.0,0.0,94,4.5,34.4,0.0,0,0.0
W3696,2025-03-04 17:04:20.064563,19.3,88.2,0.0,0.0,62,6.0,9.7,0.0,0,0.0
W3697,2024-07-19 17:04:20.064563,28.3,76.6,0.0,0.0,64,2.9,45.8,0.0,1,48.93
W3698,2025-05-24 17:04:20.064563,34.3,48.9,0.0,0.0,65,4.3,77.0,0.0,0,0.0
W3699,2026-02-26 17:04:20.064563,22.8,80.2,4.5,4.5,24,2.9,71.7,0.0,0,0.0
W3700,2024-07-31 17:04:20.064563,35.7,49.7,0.0,0.0,43,5.0,49.7,1.4000000000000057,0,0.0
W3701,2025-07-20 17:04:20.064563,39.5,35.8,0.0,0.0,54,3.7,72.0,9.0,0,0.0
W3702,2024-05-29 17:04:20.064563,15.8,77.0,2.9,2.9,79,4.8,35.1,0.0,0,0.0
W3703,2024-11-07 17:04:20.064563,16.6,77.5,0.0,0.0,23,2.5,73.5,0.0,0,0.0
W3704,2025-04-14 17:04:20.064563,23.6,79.8,0.0,0.0,84,3.4,8.6,0.0,0,0.0
W3705,2024-06-17 17:04:20.064563,28.1,79.4,0.0,0.0,81,3.0,19.9,0.0,0,0.0
W3706,2024-06-30 17:04:20.064563,19.8,65.6,0.0,0.0,38,0.8,87.8,0.0,1,31.7
W3707,2024-07-01 17:04:20.064563,38.5,55.7,0.0,0.0,68,3.4,29.4,7.0,0,0.0
W3708,2025-02-01 17:04:20.064563,29.2,54.4,0.0,0.0,98,3.3,20.6,0.0,0,0.0
W3709,2025-03-29 17:04:20.064563,25.4,78.2,0.6,0.6,52,5.0,8.9,0.0,0,0.0
W3710,2025-01-18 17:04:20.064563,10.6,87.8,10.6,10.6,43,2.3,39.3,2.65,0,0.0
W3711,2024-08-05 17:04:20.064563,11.8,81.7,1.6,1.6,128,6.0,6.7,0.0,0,0.0
W3712,2025-04-13 17:04:20.064563,27.8,76.3,0.0,0.0,82,1.9,49.7,0.0,0,0.0
W3713,2024-08-01 17:04:20.064563,3.7,98.6,2.8,2.8,65,1.1,91.9,0.0,1,42.2
W3714,2026-01-03 17:04:20.064563,35.1,54.2,0.0,0.0,67,0.7,78.7,0.20000000000000284,0,0.0
W3715,2026-02-09 17:04:20.064563,23.4,52.7,0.0,0.0,84,3.4,4.1,0.0,0,0.0
W3716,2024-08-11 17:04:20.064563,45.0,52.0,0.0,0.0,90,2.5,30.0,20.0,1,427.97
W3717,2024-05-27 17:04:20.064563,45.0,50.7,0.0,0.0,34,2.8,18.8,20.0,0,0.0
W3718,2025-09-12 17:04:20.064563,23.2,75.3,0.0,0.0,32,3.4,6.7,0.0,0,0.0
W3719,2025-10-15 17:04:20.064563,23.9,58.8,0.0,0.0,57,3.8,10.9,0.0,0,0.0
W3720,2024-03-26 17:04:20.064563,35.0,69.7,2.2,2.2,70,0.4,90.8,0.0,0,0.0
W3721,2025-12-02 17:04:20.064563,42.0,40.3,5.6,5.6,68,2.3,31.0,14.0,1,190.24
W3722,2026-01-12 17:04:20.064563,8.6,92.5,0.0,0.0,44,2.9,39.2,0.0,0,0.0
W3723,2024-09-02 17:04:20.064563,7.1,100.0,0.0,0.0,74,0.8,48.6,0.0,0,0.0
W3724,2025-06-11 17:04:20.064563,18.8,74.8,7.3,7.3,62,4.2,74.5,0.0,0,0.0
W3725,2025-03-12 17:04:20.064563,30.8,71.2,0.0,0.0,61,3.7,79.8,0.048000000000000154,0,0.0
W3726,2024-10-22 17:04:20.064563,30.0,70.7,0.0,0.0,68,1.0,96.4,0.0,0,0.0
W3727,2025-12-21 17:04:20.064563,35.7,60.4,0.0,0.0,64,0.6,21.1,1.4000000000000057,0,0.0
W3728,2024-08-20 17:04:20.064563,13.0,93.3,0.0,0.0,88,0.6,30.1,0.0,0,0.0
W3729,2025-05-13 17:04:20.064563,1.8,100.0,0.0,1.2,79,1.6,31.3,0.0,0,0.0
W3730,2025-12-08 17:04:20.064563,33.6,62.3,0.0,0.0,56,1.8,44.5,0.0,0,0.0
W3731,2026-02-19 17:04:20.064563,16.7,84.4,0.0,0.0,98,0.0,80.7,0.0,0,0.0
W3732,2025-06-14 17:04:20.064563,4.8,100.0,0.0,0.0,52,0.2,23.9,0.0,0,0.0
W3733,2024-10-26 17:04:20.064563,26.5,57.2,0.0,0.0,45,0.8,78.3,0.0,1,38.02
W3734,2024-06-14 17:04:20.064563,32.9,70.8,0.0,0.0,74,0.0,20.4,0.11599999999999952,0,0.0
W3735,2024-06-28 17:04:20.064563,23.8,82.6,12.9,12.9,49,0.3,71.0,3.225,1,44.41
W3736,2024-08-08 17:04:20.064563,20.4,86.4,5.4,5.4,70,0.9,79.9,0.0,0,0.0
W3737,2024-07-22 17:04:20.064563,23.4,86.1,0.0,0.0,56,0.2,85.4,0.0,0,0.0
W3738,2025-11-11 17:04:20.064563,21.3,77.1,7.7,7.7,82,0.0,51.0,0.0,0,0.0
W3739,2025-04-15 17:04:20.064563,11.5,74.0,0.5,0.5,113,0.3,32.9,0.0,0,0.0
W3740,2025-03-12 17:04:20.064563,17.9,82.5,4.4,4.4,70,0.6,77.2,0.0,0,0.0
W3741,2025-05-31 17:04:20.064563,30.2,54.8,2.4,2.4,81,0.0,32.1,0.0,0,0.0
W3742,2025-02-03 17:04:20.064563,28.2,60.4,0.0,0.0,37,0.3,14.8,0.0,0,0.0
W3743,2024-08-08 17:04:20.064563,26.7,57.6,1.1,1.1,69,0.3,83.5,0.0,0,0.0
W3744,2024-11-26 17:04:20.064563,15.0,82.7,7.6,7.6,50,0.5,41.1,0.0,0,0.0
W3745,2024-12-26 17:04:20.064563,23.2,69.3,0.0,0.0,62,0.3,57.1,0.0,0,0.0
W3746,2026-01-07 17:04:20.064563,3.2,81.4,0.0,0.0,66,0.1,91.8,0.0,0,0.0
W3747,2024-06-12 17:04:20.064563,26.8,76.8,1.7,1.7,65,0.0,13.6,0.0,0,0.0
W3748,2024-11-27 17:04:20.064563,39.3,73.3,0.2,0.2,50,0.0,55.7,10.134499999999992,0,0.0
W3749,2025-10-05 17:04:20.064563,10.3,100.0,0.0,0.0,69,0.7,55.9,0.0,0,0.0
W3750,2025-11-23 17:04:20.064563,19.1,79.3,7.3,7.3,44,0.0,86.2,0.0,0,0.0
W3751,2025-11-22 17:04:20.064563,28.3,67.0,0.0,0.0,95,0.5,34.1,0.0,0,0.0
W3752,2025-11-30 17:04:20.064563,37.5,49.5,0.0,0.0,86,0.5,40.1,5.0,0,0.0
W3753,2025-01-03 17:04:20.064563,20.5,80.1,6.4,6.4,73,0.0,51.9,0.0,0,0.0
W3754,2026-02-23 17:04:20.064563,18.1,82.5,4.5,4.5,89,0.0,16.7,0.0,0,0.0
W3755,2024-04-14 17:04:20.064563,5.3,93.6,6.3,6.3,50,0.0,47.1,0.0,0,0.0
W3756,2026-01-21 17:04:20.064563,26.0,87.8,0.0,0.0,84,0.1,43.6,0.0,0,0.0
W3757,2025-01-20 17:04:20.064563,45.0,27.6,0.0,0.0,100,0.4,19.7,20.0,1,377.84
W3758,2024-10-14 17:04:20.064563,27.8,75.5,0.0,0.0,60,0.2,83.3,0.0,0,0.0
W3759,2025-08-30 17:04:20.064563,24.8,71.8,0.0,0.0,38,0.0,43.1,0.0,0,0.0
W3760,2025-11-29 17:04:20.064563,28.2,86.7,0.0,0.0,64,0.0,30.6,0.0,0,0.0
W3761,2025-08-21 17:04:20.064563,24.9,76.1,0.0,0.0,97,1.1,13.0,0.0,0,0.0
W3762,2024-09-27 17:04:20.064563,16.9,81.1,0.0,0.0,59,0.3,9.0,0.0,0,0.0
W3763,2025-04-23 17:04:20.064563,33.2,57.7,1.3,1.3,66,0.0,96.0,0.0,0,0.0
W3764,2025-01-14 17:04:20.064563,27.3,69.5,0.0,0.0,62,0.0,99.5,0.0,0,0.0
W3765,2026-01-08 17:04:20.064563,25.2,60.8,0.0,0.0,73,0.3,89.8,0.0,0,0.0
W3766,2024-05-12 17:04:20.064563,15.2,79.5,0.0,0.0,56,0.0,45.9,0.0,0,0.0
W3767,2024-11-18 17:04:20.064563,38.0,35.1,0.0,0.0,47,0.0,80.8,6.0,0,0.0
W3768,2025-08-06 17:04:20.064563,31.6,53.3,0.0,0.0,68,0.0,83.4,0.0,0,0.0
W3769,2025-04-17 17:04:20.064563,19.5,81.7,0.0,0.0,71,1.3,30.0,0.0,0,0.0
W3770,2024-07-11 17:04:20.064563,35.0,60.5,0.0,0.0,98,0.4,58.6,0.0,0,0.0
W3771,2024-11-19 17:04:20.064563,20.0,60.2,0.0,0.0,77,0.0,95.7,0.0,0,0.0
W3772,2025-08-11 17:04:20.064563,17.2,82.9,3.8,3.8,44,0.0,28.0,0.0,0,0.0
W3773,2025-12-31 17:04:20.064563,17.4,89.5,0.0,0.0,60,0.0,66.3,0.0,0,0.0
W3774,2025-11-16 17:04:20.064563,7.3,97.4,0.0,0.0,89,0.0,66.3,0.0,0,0.0
W3775,2024-05-29 17:04:20.064563,29.7,59.1,0.0,0.0,66,1.0,45.3,0.0,0,0.0
W3776,2025-09-09 17:04:20.064563,6.7,95.8,0.0,0.0,52,0.0,49.0,0.0,0,0.0
W3777,2024-03-30 17:04:20.064563,12.7,85.5,4.1,4.1,67,0.8,45.6,0.0,0,0.0
W3778,2025-03-22 17:04:20.064563,4.2,97.3,2.4,2.4,53,1.6,52.1,0.0,0,0.0
W3779,2025-02-05 17:04:20.064563,24.1,75.5,0.0,0.0,83,0.0,14.9,0.0,0,0.0
W3780,2024-07-31 17:04:20.064563,23.5,97.8,2.2,2.2,76,0.0,79.5,0.0,1,29.39
W3781,2025-04-18 17:04:20.064563,21.7,70.0,0.0,0.0,50,0.4,66.1,0.0,0,0.0
W3782,2025-10-21 17:04:20.064563,14.6,85.0,0.1,0.1,108,0.0,97.4,0.0,0,0.0
W3783,2025-05-22 17:04:20.064563,13.3,89.6,0.0,0.0,70,0.0,24.6,0.0,0,0.0
W3784,2025-03-27 17:04:20.064563,29.6,58.7,8.9,8.9,15,0.2,14.6,0.0,0,0.0
W3785,2025-09-28 17:04:20.064563,19.5,91.7,0.0,0.0,79,1.9,34.3,0.0,0,0.0
W3786,2026-02-15 17:04:20.064563,28.2,44.0,0.0,0.0,19,0.3,51.0,0.0,0,0.0
W3787,2024-09-10 17:04:20.064563,16.1,80.5,0.0,0.0,91,0.0,20.5,0.0,0,0.0
W3788,2025-07-13 17:04:20.064563,26.8,78.0,0.0,0.0,71,0.6,46.1,0.0,0,0.0
W3789,2024-05-31 17:04:20.064563,38.0,50.0,0.0,0.0,67,0.8,64.3,6.0,0,0.0
W3790,2024-04-04 17:04:20.064563,30.9,55.5,0.0,0.0,68,1.2,5.6,0.0,0,0.0
W3791,2025-11-09 17:04:20.064563,20.9,83.1,4.5,4.5,70,0.0,75.8,0.0,0,0.0
W3792,2024-05-26 17:04:20.064563,27.6,77.7,1.4,1.4,55,1.3,94.0,0.0,0,0.0
W3793,2024-04-01 17:04:20.064563,22.6,78.2,0.0,0.0,66,2.3,26.8,0.0,0,0.0
W3794,2024-12-11 17:04:20.064563,25.1,64.4,0.0,0.0,69,1.3,77.6,0.0,0,0.0
W3795,2024-10-24 17:04:20.064563,21.7,81.9,0.0,0.0,15,1.5,41.8,0.0,0,0.0
W3796,2024-04-27 17:04:20.064563,23.4,70.9,0.0,0.0,77,0.0,66.4,0.0,0,0.0
W3797,2024-05-18 17:04:20.064563,27.1,76.8,0.0,0.0,80,1.7,74.3,0.0,0,0.0
W3798,2025-04-29 17:04:20.064563,15.1,100.0,0.0,0.0,74,0.0,29.5,0.0,0,0.0
W3799,2025-08-18 17:04:20.064563,14.8,61.7,0.0,0.0,72,0.0,78.7,0.0,0,0.0
W3800,2025-01-05 17:04:20.064563,11.1,94.4,3.3,3.3,89,0.0,10.5,0.0,0,0.0
W3801,2025-12-21 17:04:20.064563,9.0,79.1,0.0,0.0,62,0.0,98.7,0.0,0,0.0
W3802,2026-03-17 17:04:20.064563,12.8,100.0,6.8,6.8,49,0.0,33.7,0.0,0,0.0
W3803,2025-08-13 17:04:20.064563,26.6,65.4,1.9,1.9,46,0.0,22.4,0.0,0,0.0
W3804,2025-05-17 17:04:20.064563,16.1,93.4,0.0,0.0,24,0.0,13.9,0.0,0,0.0
W3805,2025-05-25 17:04:20.064563,30.1,64.4,16.7,16.7,37,0.0,81.2,4.175,0,0.0
W3806,2026-03-06 17:04:20.064563,25.3,63.9,2.8,2.8,45,1.5,58.6,0.0,0,0.0
W3807,2025-05-03 17:04:20.064563,5.3,92.8,0.0,0.0,22,1.6,95.2,0.0,0,0.0
W3808,2024-06-10 17:04:20.064563,31.5,78.5,0.0,0.0,59,2.5,64.8,0.6375,0,0.0
W3809,2026-01-02 17:04:20.064563,33.1,69.9,4.6,4.6,48,0.0,34.1,0.0,1,36.66
W3810,2025-09-18 17:04:20.064563,15.1,100.0,0.9,0.9,53,0.0,83.6,0.0,0,0.0
W3811,2025-09-19 17:04:20.064563,29.2,66.8,0.2,0.2,61,0.8,28.1,0.0,0,0.0
W3812,2025-12-08 17:04:20.064563,16.4,88.2,0.0,0.0,27,0.0,29.1,0.0,0,0.0
W3813,2024-08-21 17:04:20.064563,26.0,68.4,0.0,0.0,78,0.0,2.8,0.0,0,0.0
W3814,2024-12-27 17:04:20.064563,12.4,88.6,0.0,0.0,66,0.0,25.2,0.0,1,31.47
W3815,2024-06-11 17:04:20.064563,7.1,89.0,1.9,1.9,78,0.8,26.1,0.0,0,0.0
W3816,2025-01-29 17:04:20.064563,21.2,79.1,0.0,0.0,45,0.0,29.8,0.0,0,0.0
W3817,2024-06-06 17:04:20.064563,23.8,66.5,0.0,0.0,64,1.0,36.9,0.0,0,0.0
W3818,2025-08-23 17:04:20.064563,21.0,82.9,0.0,0.0,18,0.0,57.7,0.0,0,0.0
W3819,2024-10-12 17:04:20.064563,13.2,92.0,0.0,0.0,38,0.0,21.6,0.0,0,0.0
W3820,2024-08-24 17:04:20.064563,21.0,81.4,3.6,3.6,20,0.0,63.7,0.0,0,0.0
W3821,2025-09-18 17:04:20.064563,27.7,85.2,1.7,1.7,55,0.2,13.3,0.0,0,0.0
W3822,2025-02-15 17:04:20.064563,24.6,72.8,0.0,0.0,31,0.0,93.1,0.0,0,0.0
W3823,2025-04-22 17:04:20.064563,26.8,77.3,0.8,0.8,42,1.0,2.6,0.0,0,0.0
W3824,2025-11-08 17:04:20.064563,18.3,100.0,1.7,1.7,49,0.0,90.8,0.0,1,43.25
W3825,2025-12-27 17:04:20.064563,36.7,68.0,0.0,0.0,44,0.4,54.7,3.4000000000000057,0,0.0
W3826,2026-01-12 17:04:20.064563,13.2,100.0,0.0,0.0,25,0.1,71.0,0.0,0,0.0
W3827,2026-02-13 17:04:20.064563,29.9,62.1,0.0,0.0,84,0.0,29.8,0.0,0,0.0
W3828,2026-01-05 17:04:20.064563,36.8,57.1,1.3,1.3,50,1.3,17.4,3.5999999999999943,0,0.0
W3829,2024-05-24 17:04:20.064563,29.8,52.1,0.0,0.0,83,0.0,94.7,0.0,0,0.0
W3830,2025-01-29 17:04:20.064563,23.0,80.5,2.9,2.9,23,0.8,44.1,0.0,0,0.0
W3831,2026-03-03 17:04:20.064563,19.7,83.2,0.0,0.0,41,0.7,48.1,0.0,0,0.0
W3832,2025-06-08 17:04:20.064563,35.4,57.2,0.0,0.0,50,0.0,98.6,0.7999999999999972,0,0.0
W3833,2024-11-17 17:04:20.064563,10.8,100.0,0.0,0.0,78,0.0,33.6,0.0,0,0.0
W3834,2024-05-16 17:04:20.064563,15.3,75.0,0.4,0.4,79,0.6,10.0,0.0,0,0.0
W3835,2024-11-23 17:04:20.064563,21.0,94.8,8.1,8.1,22,0.0,58.7,0.0,0,0.0
W3836,2024-06-14 17:04:20.064563,37.4,63.0,0.0,0.0,31,0.0,55.5,4.799999999999997,0,0.0
W3837,2025-06-05 17:04:20.064563,28.8,66.1,0.0,0.0,45,0.2,77.3,0.0,0,0.0
W3838,2024-07-14 17:04:20.064563,15.3,85.5,0.0,0.0,69,0.0,95.5,0.0,0,0.0
W3839,2025-06-25 17:04:20.064563,21.9,82.0,0.0,0.0,47,0.4,30.8,0.0,0,0.0
W3840,2025-12-04 17:04:20.064563,18.9,96.9,1.5,1.5,47,0.0,72.2,0.0,0,0.0
W3841,2025-12-01 17:04:20.064563,17.9,84.2,1.9,1.9,63,0.0,43.5,0.0,0,0.0
W3842,2024-05-13 17:04:20.064563,34.8,59.3,0.0,0.0,64,0.0,78.4,0.0,0,0.0
W3843,2025-01-28 17:04:20.064563,11.3,93.3,0.0,0.0,64,0.4,16.4,0.0,0,0.0
W3844,2026-01-29 17:04:20.064563,41.1,66.2,4.1,4.1,48,0.0,50.1,12.200000000000003,1,142.38
W3845,2026-01-20 17:04:20.064563,33.3,56.4,0.0,0.0,70,0.3,7.7,0.0,0,0.0
W3846,2024-09-13 17:04:20.064563,35.9,55.8,1.7,1.7,15,0.0,56.1,1.7999999999999972,0,0.0
W3847,2024-07-18 17:04:20.064563,20.4,94.1,0.0,0.0,87,0.0,16.9,0.0,0,0.0
W3848,2024-03-30 17:04:20.064563,23.5,76.2,5.2,5.2,52,0.0,96.0,0.0,0,0.0
W3849,2026-03-12 17:04:20.064563,10.7,100.0,3.7,3.7,30,0.4,55.4,0.0,0,0.0
W3850,2024-08-05 17:04:20.064563,19.8,71.3,0.0,0.0,63,0.0,52.9,0.0,0,0.0
W3851,2026-03-06 17:04:20.064563,29.9,63.0,0.0,0.0,33,0.1,97.2,0.0,0,0.0
W3852,2024-03-29 17:04:20.064563,38.0,67.9,0.0,0.0,49,0.0,49.8,6.0,0,0.0
W3853,2024-09-01 17:04:20.064563,13.9,82.3,0.0,0.0,51,0.5,67.7,0.0,0,0.0
W3854,2025-08-08 17:04:20.064563,21.3,76.5,0.6,0.6,55,0.9,4.7,0.0,0,0.0
W3855,2025-03-08 17:04:20.064563,23.5,77.3,0.0,0.0,29,0.0,70.8,0.0,0,0.0
W3856,2025-09-04 17:04:20.064563,11.0,83.5,1.8,1.8,52,0.0,10.4,0.0,0,0.0
W3857,2025-08-29 17:04:20.064563,30.9,59.5,0.0,0.0,28,0.4,78.0,0.0,0,0.0
W3858,2024-12-08 17:04:20.064563,17.8,84.5,0.0,0.0,51,0.0,87.7,0.0,0,0.0
W3859,2024-09-04 17:04:20.064563,23.0,75.9,0.0,0.0,36,0.9,31.5,0.0,0,0.0
W3860,2025-04-02 17:04:20.064563,20.5,92.1,0.0,0.0,15,0.0,87.8,0.0,0,0.0
W3861,2024-07-25 17:04:20.064563,17.1,99.8,6.2,6.2,15,0.0,48.3,0.0,0,0.0
W3862,2024-12-18 17:04:20.064563,24.9,64.0,0.0,0.0,52,0.0,57.2,0.0,0,0.0
W3863,2024-07-16 17:04:20.064563,22.8,76.8,0.0,0.0,28,0.0,41.1,0.0,0,0.0
W3864,2024-04-17 17:04:20.064563,21.3,84.8,0.0,0.0,58,0.5,47.7,0.0,1,51.72
W3865,2025-02-24 17:04:20.064563,17.7,98.6,4.7,4.7,15,0.0,90.8,0.0,0,0.0
W3866,2025-05-31 17:04:20.064563,28.2,74.9,0.0,0.0,47,0.5,94.7,0.0,0,0.0
W3867,2024-12-21 17:04:20.064563,41.5,50.6,5.5,5.5,21,0.0,44.6,13.0,1,222.74
W3868,2025-09-05 17:04:20.064563,26.4,77.1,0.0,0.0,27,2.1,51.4,0.0,0,0.0
W3869,2024-05-22 17:04:20.064563,35.0,64.3,0.0,0.0,15,0.0,11.6,0.0,0,0.0
W3870,2024-12-12 17:04:20.064563,11.1,84.1,1.1,1.1,33,0.3,32.6,0.0,0,0.0
W3871,2026-03-17 17:04:20.064563,26.6,72.1,0.0,0.0,15,0.0,51.3,0.0,1,35.16
W3872,2025-10-29 17:04:20.064563,14.0,100.0,0.0,0.0,18,0.0,20.3,0.0,0,0.0
W3873,2025-12-20 17:04:20.064563,10.2,92.6,3.3,3.3,21,0.5,57.7,0.0,0,0.0
W3874,2024-06-04 17:04:20.064563,17.6,84.9,2.4,2.4,18,0.0,68.5,0.0,0,0.0
W3875,2025-08-08 17:04:20.064563,36.9,52.2,0.0,0.0,50,0.0,65.0,3.799999999999997,0,0.0
W3876,2025-06-27 17:04:20.064563,34.5,35.1,0.0,0.0,15,0.5,44.3,0.0,0,0.0
W3877,2025-08-23 17:04:20.064563,27.4,69.1,0.0,0.0,25,0.6,76.9,0.0,0,0.0
W3878,2025-03-21 17:04:20.064563,9.7,98.5,0.8,0.8,19,0.7,32.0,0.0,0,0.0
W3879,2024-05-13 17:04:20.064563,23.0,70.3,6.5,6.5,15,1.1,46.9,0.0,0,0.0
W3880,2025-08-11 17:04:20.064563,28.0,56.4,0.0,0.0,17,0.2,27.0,0.0,0,0.0
W3881,2025-10-19 17:04:20.064563,26.8,61.1,0.0,0.0,48,2.4,60.4,0.0,0,0.0
W3882,2024-09-04 17:04:20.064563,6.6,100.0,1.3,1.3,19,0.2,44.1,0.0,1,39.54
W3883,2025-03-29 17:04:20.064563,16.1,100.0,0.0,0.0,29,0.0,21.7,0.0,0,0.0
W3884,2024-08-26 17:04:20.064563,24.4,87.3,3.1,3.1,38,0.2,30.8,0.0,1,25.01
W3885,2024-12-04 17:04:20.064563,30.4,51.0,0.0,0.0,27,1.1,27.9,0.0,0,0.0
W3886,2024-07-01 17:04:20.064563,3.0,100.0,0.0,0.0,15,0.0,91.1,0.0,0,0.0
W3887,2025-10-26 17:04:20.064563,23.4,68.3,10.1,10.1,15,0.0,52.2,2.525,0,0.0
W3888,2026-02-06 17:04:20.064563,26.4,64.5,8.7,8.7,15,1.2,65.3,0.0,0,0.0
W3889,2024-07-14 17:04:20.064563,33.5,55.1,3.5,3.5,15,0.0,93.5,0.0,0,0.0
W3890,2024-11-06 17:04:20.064563,31.9,69.2,8.2,8.2,15,0.0,18.2,0.0,0,0.0
W3891,2025-08-21 17:04:20.064563,30.8,73.4,1.6,1.6,20,0.8,93.7,0.13600000000000034,0,0.0
W3892,2024-03-20 17:04:20.064563,17.0,83.5,0.0,0.0,64,0.0,54.0,0.0,0,0.0
W3893,2024-05-02 17:04:20.064563,5.9,100.0,2.5,2.5,26,0.0,85.6,0.0,0,0.0
W3894,2024-03-30 17:04:20.064563,21.1,83.0,0.0,0.0,27,0.0,16.8,0.0,0,0.0
W3895,2024-11-23 17:04:20.064563,35.0,63.2,0.0,0.0,57,0.0,27.3,0.0,0,0.0
W3896,2024-05-04 17:04:20.064563,38.9,63.4,0.0,0.0,35,0.2,19.4,7.799999999999997,1,82.9
W3897,2025-07-14 17:04:20.064563,32.1,49.0,0.0,0.0,37,1.1,65.3,0.0,0,0.0
W3898,2025-03-25 17:04:20.064563,29.3,66.3,6.3,6.3,15,0.3,14.1,0.0,0,0.0
W3899,2025-04-14 17:04:20.064563,28.8,56.1,0.0,0.0,15,0.0,79.3,0.0,0,0.0
W3900,2024-08-18 17:04:20.064563,19.4,80.3,0.9,0.9,25,1.2,25.0,0.0,0,0.0
W3901,2024-09-17 17:04:20.064563,23.7,72.2,0.0,0.0,58,0.6,25.5,0.0,0,0.0
W3902,2024-04-23 17:04:20.064563,41.7,47.0,0.0,0.0,52,0.0,28.1,13.400000000000006,1,205.07
W3903,2025-10-05 17:04:20.064563,15.6,78.6,0.0,0.0,35,0.8,74.6,0.0,0,0.0
W3904,2026-01-18 17:04:20.064563,41.1,33.4,0.0,0.0,15,0.1,92.4,12.200000000000003,1,104.18
W3905,2025-05-21 17:04:20.064563,21.8,56.4,0.0,0.0,15,0.0,90.8,0.0,0,0.0
W3906,2024-11-02 17:04:20.064563,38.3,51.3,0.0,0.0,15,1.2,10.1,6.599999999999994,1,68.95
W3907,2025-02-10 17:04:20.064563,10.9,89.3,0.1,0.1,25,0.0,26.2,0.0,0,0.0
W3908,2024-11-27 17:04:20.064563,30.9,57.0,0.0,0.0,15,0.9,67.2,0.0,0,0.0
W3909,2025-05-18 17:04:20.064563,17.6,96.8,15.7,15.7,15,1.3,61.9,3.925,0,0.0
W3910,2025-02-08 17:04:20.064563,10.8,85.1,2.7,2.7,15,0.1,35.0,0.0,0,0.0
W3911,2024-12-20 17:04:20.064563,27.2,83.4,0.0,0.0,18,0.4,86.3,0.0,0,0.0
W3912,2024-06-05 17:04:20.064563,35.1,73.6,0.0,0.0,15,0.7,13.0,1.1180000000000017,0,0.0
W3913,2025-10-24 17:04:20.064563,16.6,65.7,0.0,0.0,40,0.5,63.9,0.0,1,33.72
W3914,2025-04-03 17:04:20.064563,10.0,95.9,0.0,0.0,31,0.9,27.3,0.0,0,0.0
W3915,2024-07-18 17:04:20.064563,24.1,69.9,0.0,0.0,15,0.0,52.7,0.0,0,0.0
W3916,2025-08-14 17:04:20.064563,24.1,44.7,5.2,5.2,26,0.0,38.7,0.0,0,0.0
W3917,2026-02-05 17:04:20.064563,30.5,49.8,0.0,0.0,15,0.0,98.0,0.0,0,0.0
W3918,2024-05-10 17:04:20.064563,34.5,66.0,0.0,0.0,15,1.7,48.7,0.0,0,0.0
W3919,2024-09-17 17:04:20.064563,24.4,93.6,0.0,0.0,15,0.0,97.6,0.0,0,0.0
W3920,2024-11-01 17:04:20.064563,43.6,53.7,0.2,0.2,15,1.3,25.5,17.200000000000003,1,179.36
W3921,2025-08-28 17:04:20.064563,27.2,72.4,0.0,0.0,17,0.5,76.8,0.0,0,0.0
W3922,2024-05-04 17:04:20.064563,21.5,77.5,0.0,0.0,18,0.0,71.7,0.0,0,0.0
W3923,2025-05-02 17:04:20.064563,8.9,100.0,7.2,7.2,15,0.0,84.8,0.0,0,0.0
W3924,2024-05-27 17:04:20.064563,22.4,97.9,0.0,0.0,30,0.0,69.4,0.0,0,0.0
W3925,2025-07-07 17:04:20.064563,21.6,71.7,2.2,2.2,15,0.0,68.2,0.0,0,0.0
W3926,2025-01-01 17:04:20.064563,34.6,38.1,0.0,0.0,15,0.6,66.1,0.0,0,0.0
W3927,2025-01-30 17:04:20.064563,29.6,44.6,0.0,0.0,15,0.0,98.5,0.0,0,0.0
W3928,2025-02-16 17:04:20.064563,13.2,100.0,2.0,2.0,15,0.3,22.8,0.0,0,0.0
W3929,2024-06-14 17:04:20.064563,26.7,69.4,0.0,0.0,15,0.0,3.0,0.0,0,0.0
W3930,2025-10-05 17:04:20.064563,31.7,64.3,0.0,0.0,32,1.8,67.8,0.0,0,0.0
W3931,2025-06-28 17:04:20.064563,40.3,31.7,0.0,0.0,15,1.3,17.2,10.599999999999994,0,0.0
W3932,2024-03-26 17:04:20.064563,33.9,51.7,5.3,5.3,15,0.2,67.9,0.0,0,0.0
W3933,2025-03-30 17:04:20.064563,32.6,58.1,0.0,0.0,39,2.5,32.0,0.0,0,0.0
W3934,2024-10-09 17:04:20.064563,25.6,73.7,0.0,0.0,41,0.9,4.3,0.0,0,0.0
W3935,2025-01-10 17:04:20.064563,28.9,62.7,2.3,2.3,15,0.8,77.0,0.0,0,0.0
W3936,2025-10-16 17:04:20.064563,37.5,43.4,0.0,0.0,64,1.9,5.2,5.0,0,0.0
W3937,2025-01-23 17:04:20.064563,11.7,84.6,0.0,0.0,15,2.5,22.4,0.0,0,0.0
W3938,2025-12-15 17:04:20.064563,21.5,89.8,0.0,0.0,16,1.6,33.6,0.0,0,0.0
W3939,2024-11-21 17:04:20.064563,17.3,86.5,19.1,19.1,15,3.4,13.3,4.775,0,0.0
W3940,2025-07-06 17:04:20.064563,28.8,72.9,0.0,0.0,29,0.8,91.4,0.0,0,0.0
W3941,2025-03-30 17:04:20.064563,37.3,45.1,5.3,5.3,66,0.6,62.2,4.599999999999994,0,0.0
W3942,2025-11-13 17:04:20.064563,19.0,51.9,0.0,0.0,58,3.0,87.5,0.0,0,0.0
W3943,2025-08-05 17:04:20.064563,1.1,100.0,0.0,2.1,38,1.4,68.2,0.0,0,0.0
W3944,2024-10-04 17:04:20.064563,20.9,70.0,1.8,1.8,15,2.0,99.2,0.0,0,0.0
W3945,2025-09-28 17:04:20.064563,34.1,62.3,0.0,0.0,18,2.9,52.5,0.0,0,0.0
W3946,2024-11-24 17:04:20.064563,30.4,97.3,0.0,0.0,44,5.0,5.4,0.545999999999998,0,0.0
W3947,2024-08-19 17:04:20.064563,29.3,73.0,0.0,0.0,37,2.6,16.1,0.0,0,0.0
W3948,2024-03-24 17:04:20.064563,22.2,100.0,4.4,4.4,15,2.8,58.8,0.0,0,0.0
W3949,2025-05-11 17:04:20.064563,12.2,97.4,0.0,0.0,25,2.0,34.8,0.0,0,0.0
W3950,2024-04-11 17:04:20.064563,30.2,58.5,0.0,0.0,44,2.8,11.3,0.0,0,0.0
W3951,2024-11-11 17:04:20.064563,16.7,88.5,10.9,10.9,27,2.4,23.8,2.725,0,0.0
W3952,2025-09-23 17:04:20.064563,45.0,60.3,6.7,6.7,15,3.7,47.5,20.0,1,237.12
W3953,2025-03-07 17:04:20.064563,30.7,82.2,0.0,0.0,28,3.8,51.8,0.4269999999999997,0,0.0
W3954,2025-12-29 17:04:20.064563,19.2,75.5,0.0,0.0,35,2.5,93.5,0.0,0,0.0
W3955,2026-02-26 17:04:20.064563,18.9,84.2,0.0,0.0,15,3.1,9.1,0.0,0,0.0
W3956,2024-03-27 17:04:20.064563,24.1,59.6,0.0,0.0,50,2.8,35.8,0.0,0,0.0
W3957,2025-02-24 17:04:20.064563,22.6,84.3,3.6,3.6,15,2.5,50.6,0.0,0,0.0
W3958,2024-03-19 17:04:20.064563,36.2,71.3,0.0,0.0,51,4.6,11.3,2.803000000000005,0,0.0
W3959,2026-01-20 17:04:20.064563,26.9,70.1,7.1,7.1,15,1.4,68.8,0.0,0,0.0
W3960,2025-04-07 17:04:20.064563,17.7,76.8,0.0,0.0,30,3.1,51.5,0.0,1,46.84
W3961,2025-01-26 17:04:20.064563,43.9,47.7,0.0,0.0,30,2.3,46.0,17.799999999999997,1,177.56
W3962,2024-07-02 17:04:20.064563,25.5,75.9,5.0,5.0,49,3.8,65.6,0.0,0,0.0
W3963,2024-10-14 17:04:20.064563,32.7,61.8,0.0,0.0,41,3.3,28.8,0.0,0,0.0
W3964,2025-09-11 17:04:20.064563,18.9,83.4,0.0,0.0,17,6.2,33.9,0.0,0,0.0
W3965,2024-11-16 17:04:20.064563,28.6,65.3,0.0,0.0,21,5.8,16.3,0.0,0,0.0
W3966,2025-05-21 17:04:20.064563,28.1,77.8,0.1,0.1,21,3.8,52.4,0.0,0,0.0
W3967,2025-08-03 17:04:20.064563,6.1,100.0,0.0,0.0,28,4.8,37.2,0.0,0,0.0
W3968,2024-05-18 17:04:20.064563,45.0,32.7,7.3,7.3,15,5.3,26.0,20.0,0,0.0
W3969,2024-08-10 17:04:20.064563,37.9,43.0,2.0,2.0,23,4.3,12.5,5.799999999999997,1,77.1
W3970,2026-03-16 17:04:20.064563,21.0,75.9,0.4,0.4,55,6.9,2.3,0.0,0,0.0
W3971,2024-12-29 17:04:20.064563,14.0,96.4,8.5,8.5,38,5.2,19.3,0.0,0,0.0
W3972,2024-06-21 17:04:20.064563,28.5,68.8,0.8,0.8,15,4.4,24.7,0.0,0,0.0
W3973,2024-05-01 17:04:20.064563,25.9,64.8,0.0,0.0,15,5.1,48.5,0.0,0,0.0
W3974,2024-11-10 17:04:20.064563,28.6,69.8,0.0,0.0,18,4.2,24.1,0.0,0,0.0
W3975,2025-09-01 17:04:20.064563,26.9,66.3,0.0,0.0,15,4.3,81.8,0.0,0,0.0
W3976,2025-05-14 17:04:20.064563,30.1,73.7,0.0,0.0,15,5.1,47.4,0.018500000000000277,0,0.0
W3977,2026-03-05 17:04:20.064563,39.5,54.1,0.0,0.0,38,3.7,62.4,9.0,0,0.0
W3978,2025-04-03 17:04:20.064563,30.7,60.8,3.2,3.2,25,6.7,20.8,0.0,0,0.0
W3979,2025-06-30 17:04:20.064563,14.5,90.6,0.0,0.0,15,5.9,41.6,0.0,0,0.0
W3980,2024-06-12 17:04:20.064563,38.6,65.2,0.0,0.0,56,4.3,60.3,7.200000000000003,0,0.0
W3981,2025-11-02 17:04:20.064563,41.4,42.2,0.0,0.0,24,6.2,31.1,12.799999999999997,1,81.43
W3982,2024-06-23 17:04:20.064563,45.0,46.5,2.8,2.8,17,4.3,33.6,20.0,1,229.34
W3983,2025-08-17 17:04:20.064563,13.8,88.6,2.3,2.3,50,4.6,80.7,0.0,0,0.0
W3984,2024-08-01 17:04:20.064563,27.4,73.1,0.0,0.0,42,2.5,83.7,0.0,0,0.0
W3985,2025-12-30 17:04:20.064563,4.2,97.2,0.0,0.0,34,5.2,53.3,0.0,0,0.0
W3986,2025-04-25 17:04:20.064563,30.5,65.3,2.1,2.1,21,4.6,89.6,0.0,0,0.0
W3987,2024-06-02 17:04:20.064563,19.5,91.8,0.0,0.0,47,4.8,73.7,0.0,0,0.0
W3988,2025-11-14 17:04:20.064563,44.2,34.3,2.0,2.0,23,8.5,5.5,19.400000000000006,1,154.76
W3989,2025-10-20 17:04:20.064563,17.3,70.8,0.0,0.0,32,4.4,55.9,0.0,0,0.0
W3990,2024-05-20 17:04:20.064563,8.1,84.9,2.2,2.2,15,5.1,69.8,0.0,0,0.0
W3991,2025-06-06 17:04:20.064563,20.3,67.9,4.5,4.5,51,3.2,54.1,0.0,1,37.77
W3992,2026-01-25 17:04:20.064563,5.2,100.0,12.1,12.1,45,3.8,83.2,3.025,0,0.0
W3993,2024-07-29 17:04:20.064563,32.5,47.2,0.0,0.0,43,6.0,30.1,0.0,0,0.0
W3994,2024-11-15 17:04:20.064563,4.3,100.0,9.2,9.2,15,8.8,6.5,1.6000000000000014,0,0.0
W3995,2025-01-10 17:04:20.064563,25.3,78.3,0.0,0.0,58,5.1,63.4,0.0,0,0.0
W3996,2024-12-10 17:04:20.064563,4.2,100.0,0.0,0.0,52,5.7,73.1,0.0,0,0.0
W3997,2025-02-03 17:04:20.064563,21.8,73.4,1.3,1.3,29,3.8,76.5,0.0,0,0.0
W3998,2025-04-24 17:04:20.064563,41.4,49.8,0.0,0.0,64,7.3,1.1,12.799999999999997,0,0.0
W3999,2026-03-05 17:04:20.064563,28.6,68.2,2.4,2.4,28,4.3,67.3,0.0,0,0.0
W4000,2025-02-15 17:04:20.064563,16.4,83.2,2.4,2.4,15,6.7,2.1,0.0,0,0.0
W4001,2025-02-06 17:04:20.064563,24.7,70.9,5.3,5.3,30,3.8,77.5,0.0,0,0.0
W4002,2025-06-24 17:04:20.064563,25.2,94.6,2.6,2.6,59,4.4,70.3,0.0,0,0.0
W4003,2024-12-21 17:04:20.064563,29.7,73.5,0.0,0.0,45,7.7,56.7,0.0,0,0.0
W4004,2024-11-12 17:04:20.064563,11.3,100.0,2.4,2.4,16,5.8,50.6,0.0,0,0.0
W4005,2024-06-02 17:04:20.064563,30.9,58.6,0.0,0.0,36,3.7,71.5,0.0,0,0.0
W4006,2024-10-11 17:04:20.064563,-2.0,100.0,0.0,1.0,69,7.2,5.7,6.0,0,0.0
W4007,2024-08-04 17:04:20.064563,18.7,68.6,0.0,0.0,51,5.6,83.2,0.0,0,0.0
W4008,2025-11-06 17:04:20.064563,20.1,71.7,0.0,0.0,46,6.4,20.1,0.0,0,0.0
W4009,2024-07-07 17:04:20.064563,31.3,82.0,0.0,0.0,44,7.5,47.8,0.7800000000000005,0,0.0
W4010,2024-08-24 17:04:20.064563,25.2,66.9,0.0,0.0,69,7.1,48.7,0.0,0,0.0
W4011,2024-07-04 17:04:20.064563,10.9,100.0,3.3,3.3,61,4.7,77.7,0.0,0,0.0
W4012,2024-09-02 17:04:20.064563,15.2,74.8,1.4,1.4,17,6.6,19.3,0.0,0,0.0
W4013,2025-06-21 17:04:20.064563,27.0,59.0,0.0,0.0,67,5.8,30.0,0.0,0,0.0
W4014,2025-07-08 17:04:20.064563,24.2,70.3,0.0,0.0,59,5.5,66.3,0.0,0,0.0
W4015,2025-02-02 17:04:20.064563,19.2,80.5,0.0,0.0,81,6.8,41.3,0.0,0,0.0
W4016,2025-05-08 17:04:20.064563,20.2,88.9,1.3,1.3,46,8.1,29.9,0.1999999999999993,0,0.0
W4017,2024-07-19 17:04:20.064563,32.0,66.6,4.1,4.1,65,5.9,62.1,0.0,0,0.0
W4018,2025-09-17 17:04:20.064563,19.8,76.1,1.5,1.5,57,7.3,8.7,0.0,0,0.0
W4019,2025-03-19 17:04:20.064563,24.1,72.5,0.0,0.0,29,6.2,79.0,0.0,0,0.0
W4020,2024-10-16 17:04:20.064563,45.0,39.3,5.0,5.0,62,6.7,52.5,20.0,1,269.3
W4021,2025-06-23 17:04:20.064563,10.8,84.7,0.0,0.0,69,6.5,20.6,0.0,0,0.0
W4022,2025-01-27 17:04:20.064563,6.5,91.4,1.2,1.2,38,6.2,40.9,0.0,0,0.0
W4023,2025-07-05 17:04:20.064563,32.8,71.0,6.3,6.3,47,8.1,13.1,0.33999999999999914,0,0.0
W4024,2024-12-14 17:04:20.064563,18.2,64.4,0.0,0.0,96,5.8,61.7,0.0,0,0.0
W4025,2024-07-18 17:04:20.064563,21.8,93.4,0.0,0.0,45,4.2,66.9,0.0,0,0.0
W4026,2024-06-18 17:04:20.064563,17.2,80.8,4.8,4.8,60,6.4,40.5,0.0,0,0.0
W4027,2024-08-26 17:04:20.064563,22.4,68.7,0.0,0.0,34,5.8,34.0,0.0,0,0.0
W4028,2026-02-18 17:04:20.064563,41.0,55.9,0.0,0.0,45,4.5,85.0,12.0,0,0.0
W4029,2025-01-23 17:04:20.064563,33.0,75.3,0.0,0.0,73,4.2,57.6,0.7949999999999996,0,0.0
W4030,2026-03-09 17:04:20.064563,33.6,70.7,0.0,0.0,62,4.3,66.7,0.12600000000000056,0,0.0
W4031,2026-03-01 17:04:20.064563,10.8,98.8,0.0,0.0,54,9.3,12.8,2.6000000000000014,0,0.0
W4032,2025-11-25 17:04:20.064563,13.5,100.0,2.1,2.1,88,4.5,71.3,0.0,0,0.0
W4033,2024-04-28 17:04:20.064563,-3.4,97.9,0.0,0.4,40,7.0,44.5,10.2,0,0.0
W4034,2024-10-24 17:04:20.064563,16.9,79.4,2.3,2.3,52,6.1,36.7,0.0,0,0.0
W4035,2025-02-16 17:04:20.064563,34.6,49.0,0.0,0.0,69,2.8,92.9,0.0,0,0.0
W4036,2024-08-16 17:04:20.064563,30.2,77.0,0.1,0.1,42,6.2,5.4,0.06999999999999976,0,0.0
W4037,2024-06-19 17:04:20.064563,22.8,72.0,10.2,10.2,50,5.9,19.6,2.55,1,37.64
W4038,2026-03-16 17:04:20.064563,24.8,81.3,4.7,4.7,73,8.1,37.5,0.1999999999999993,0,0.0
W4039,2024-11-27 17:04:20.064563,18.1,88.2,0.0,0.0,59,5.9,32.4,0.0,0,0.0
W4040,2025-03-17 17:04:20.064563,27.0,60.8,0.0,0.0,48,5.6,51.1,0.0,0,0.0
W4041,2025-04-27 17:04:20.064563,32.7,55.1,0.0,0.0,56,6.4,40.1,0.0,0,0.0
W4042,2025-08-25 17:04:20.064563,8.8,100.0,1.4,1.4,15,4.8,78.8,0.0,0,0.0
W4043,2024-05-07 17:04:20.064563,28.0,60.3,0.0,0.0,84,5.2,76.8,0.0,0,0.0
W4044,2026-02-09 17:04:20.064563,34.3,59.8,0.1,0.1,69,3.8,77.2,0.0,0,0.0
W4045,2025-01-18 17:04:20.064563,20.8,70.9,2.2,2.2,56,4.5,36.9,0.0,0,0.0
W4046,2024-12-09 17:04:20.064563,32.0,58.8,0.0,0.0,31,4.5,40.7,0.0,0,0.0
W4047,2024-09-12 17:04:20.064563,45.0,42.0,0.0,0.0,87,2.8,72.0,20.0,1,520.55
W4048,2024-04-18 17:04:20.064563,24.0,66.2,9.8,9.8,37,5.8,12.4,0.0,0,0.0
W4049,2025-05-06 17:04:20.064563,28.9,57.0,0.0,0.0,77,0.1,85.2,0.0,0,0.0
W4050,2025-06-24 17:04:20.064563,17.6,86.4,0.0,0.0,66,5.5,54.1,0.0,0,0.0
W4051,2025-10-08 17:04:20.064563,26.8,61.3,0.0,0.0,35,4.3,84.9,0.0,0,0.0
W4052,2025-10-02 17:04:20.064563,29.6,57.5,0.2,0.2,92,2.9,79.4,0.0,0,0.0
W4053,2024-11-28 17:04:20.064563,26.9,60.2,0.0,0.0,89,3.8,37.4,0.0,0,0.0
W4054,2024-06-22 17:04:20.064563,14.8,87.0,0.7,0.7,82,7.5,10.2,0.0,0,0.0
W4055,2025-07-04 17:04:20.064563,27.1,78.8,0.1,0.1,75,4.3,92.1,0.0,0,0.0
W4056,2024-06-30 17:04:20.064563,39.6,65.6,4.4,4.4,36,4.8,34.5,9.200000000000003,1,53.9
W4057,2024-08-08 17:04:20.064563,29.5,58.5,0.0,0.0,87,4.2,37.4,0.0,0,0.0
W4058,2024-07-20 17:04:20.064563,34.6,79.6,2.9,2.9,108,3.3,90.9,2.2079999999999993,0,0.0
W4059,2024-03-30 17:04:20.064563,22.6,66.0,0.0,0.0,72,1.7,91.7,0.0,0,0.0
W4060,2024-05-20 17:04:20.064563,32.5,72.1,1.9,1.9,69,5.3,26.3,0.2624999999999993,0,0.0
W4061,2024-10-31 17:04:20.064563,27.8,61.1,0.0,0.0,49,4.2,8.9,0.0,0,0.0
W4062,2024-07-29 17:04:20.064563,15.5,78.1,0.0,0.0,30,3.1,0.1,0.0,0,0.0
W4063,2024-10-06 17:04:20.064563,28.2,60.3,3.6,3.6,57,3.4,43.8,0.0,0,0.0
W4064,2025-05-02 17:04:20.064563,15.1,86.9,0.0,0.0,102,2.8,56.9,0.0,1,34.99
W4065,2025-04-03 17:04:20.064563,18.7,87.8,5.5,5.5,88,6.3,27.0,0.0,0,0.0
W4066,2026-02-18 17:04:20.064563,26.9,76.4,0.0,0.0,71,6.1,26.0,0.0,0,0.0
W4067,2025-12-23 17:04:20.064563,28.0,58.6,0.0,0.0,82,3.0,35.7,0.0,0,0.0
W4068,2026-01-07 17:04:20.064563,13.1,80.4,0.0,0.0,49,4.2,26.3,0.0,0,0.0
W4069,2024-06-12 17:04:20.064563,35.5,47.5,0.0,0.0,76,2.1,85.8,1.0,0,0.0
W4070,2025-11-04 17:04:20.064563,30.7,62.8,0.0,0.0,63,5.0,64.3,0.0,0,0.0
W4071,2025-11-08 17:04:20.064563,18.0,81.0,8.7,8.7,58,0.9,82.9,0.0,0,0.0
W4072,2024-12-08 17:04:20.064563,9.6,86.1,0.0,0.0,69,3.0,86.0,0.0,1,39.47
W4073,2024-06-02 17:04:20.064563,23.6,77.4,0.0,0.0,69,4.7,43.5,0.0,0,0.0
W4074,2024-04-09 17:04:20.064563,20.5,100.0,3.9,3.9,87,2.7,47.8,0.0,0,0.0
W4075,2024-05-23 17:04:20.064563,26.1,65.8,5.8,5.8,103,2.1,97.8,0.0,0,0.0
W4076,2024-10-06 17:04:20.064563,21.4,73.6,0.0,0.0,72,3.4,81.7,0.0,0,0.0
W4077,2026-01-08 17:04:20.064563,4.9,100.0,0.0,0.0,104,1.2,79.8,0.0,0,0.0
W4078,2025-06-15 17:04:20.064563,21.1,72.7,3.7,3.7,44,3.3,58.4,0.0,0,0.0
W4079,2024-07-27 17:04:20.064563,21.9,83.8,5.2,5.2,64,1.2,46.1,0.0,0,0.0
W4080,2024-06-20 17:04:20.064563,31.3,55.8,0.0,0.0,51,0.3,89.5,0.0,0,0.0
W4081,2025-02-20 17:04:20.064563,18.0,100.0,0.0,0.0,70,2.9,80.5,0.0,0,0.0
W4082,2024-07-21 17:04:20.064563,41.8,50.8,0.6,0.6,90,1.4,51.7,13.599999999999994,1,161.76
W4083,2024-04-30 17:04:20.064563,5.9,95.0,0.0,0.0,100,2.9,27.0,0.0,0,0.0
W4084,2025-07-03 17:04:20.064563,38.1,46.9,0.0,0.0,62,1.6,14.7,6.200000000000003,0,0.0
W4085,2024-05-08 17:04:20.064563,22.8,70.7,0.0,0.0,87,2.4,55.3,0.0,0,0.0
W4086,2024-09-06 17:04:20.064563,33.6,73.3,0.0,0.0,102,0.7,29.6,0.5939999999999996,0,0.0
W4087,2025-10-26 17:04:20.064563,25.8,58.6,1.4,1.4,97,3.6,26.4,0.0,0,0.0
W4088,2025-06-04 17:04:20.064563,36.4,48.7,0.0,0.0,83,3.2,10.6,2.799999999999997,0,0.0
W4089,2025-04-26 17:04:20.064563,21.1,72.7,4.9,4.9,57,1.7,3.4,0.0,0,0.0
W4090,2025-08-08 17:04:20.064563,14.0,88.8,2.7,2.7,59,0.0,78.3,0.0,0,0.0
W4091,2024-04-17 17:04:20.064563,39.2,48.5,0.0,0.0,62,1.8,10.8,8.400000000000006,1,79.16
W4092,2025-04-13 17:04:20.064563,23.9,59.3,7.6,7.6,63,0.7,88.9,0.0,0,0.0
W4093,2026-02-15 17:04:20.064563,27.2,65.2,0.0,0.0,62,1.1,21.4,0.0,0,0.0
W4094,2025-05-28 17:04:20.064563,37.3,53.0,0.0,0.0,92,2.1,76.0,4.599999999999994,0,0.0
W4095,2024-09-10 17:04:20.064563,14.7,81.7,7.5,7.5,69,2.1,82.3,0.0,0,0.0
W4096,2025-03-15 17:04:20.064563,31.0,70.4,1.1,1.1,80,1.3,79.3,0.020000000000000285,0,0.0
W4097,2024-10-23 17:04:20.064563,19.1,90.5,0.0,0.0,42,2.2,87.3,0.0,0,0.0
W4098,2024-09-25 17:04:20.064563,23.7,73.7,3.0,3.0,74,0.0,34.0,0.0,0,0.0
W4099,2024-12-24 17:04:20.064563,25.7,73.7,4.2,4.2,62,0.2,98.6,0.0,0,0.0
W4100,2024-12-29 17:04:20.064563,10.0,73.4,0.0,0.0,123,0.4,28.0,0.0,0,0.0
W4101,2025-06-17 17:04:20.064563,17.2,80.0,0.0,0.0,54,1.2,93.4,0.0,0,0.0
W4102,2024-08-17 17:04:20.064563,38.5,62.3,0.0,0.0,75,0.1,43.7,7.0,0,0.0
W4103,2024-04-22 17:04:20.064563,33.9,55.0,0.0,0.0,87,1.0,5.7,0.0,0,0.0
W4104,2025-12-06 17:04:20.064563,24.4,66.1,5.4,5.4,49,0.0,78.5,0.0,0,0.0
W4105,2025-12-12 17:04:20.064563,27.4,91.6,0.0,0.0,118,0.0,78.7,0.0,0,0.0
W4106,2025-12-09 17:04:20.064563,22.1,95.1,7.5,7.5,103,0.8,19.7,0.0,0,0.0
W4107,2024-11-24 17:04:20.064563,38.6,56.8,3.2,3.2,56,0.0,82.4,7.200000000000003,1,60.52
W4108,2026-01-09 17:04:20.064563,23.0,86.9,0.0,0.0,68,0.3,15.8,0.0,0,0.0
W4109,2025-01-14 17:04:20.064563,27.3,46.8,0.0,0.0,122,0.0,15.1,0.0,0,0.0
W4110,2025-08-10 17:04:20.064563,36.5,47.4,0.9,0.9,106,0.7,80.9,3.0,0,0.0
W4111,2025-05-13 17:04:20.064563,17.2,79.5,18.6,18.6,35,0.0,29.0,4.65,0,0.0
W4112,2025-10-02 17:04:20.064563,40.6,46.8,0.0,0.0,88,1.7,7.7,11.200000000000003,0,0.0
W4113,2025-07-21 17:04:20.064563,9.7,90.6,0.0,0.0,52,0.0,95.6,0.0,0,0.0
W4114,2024-05-19 17:04:20.064563,41.3,22.6,0.0,0.0,123,0.0,55.7,12.599999999999994,1,72.43
W4115,2024-06-15 17:04:20.064563,21.3,82.0,0.0,0.0,81,0.9,44.8,0.0,0,0.0
W4116,2024-12-29 17:04:20.064563,22.6,81.6,0.0,0.0,91,0.0,50.4,0.0,0,0.0
W4117,2025-04-14 17:04:20.064563,6.1,100.0,0.0,0.0,60,0.7,67.0,0.0,0,0.0
W4118,2024-08-05 17:04:20.064563,20.5,71.4,0.0,0.0,56,0.0,86.2,0.0,0,0.0
W4119,2025-05-21 17:04:20.064563,14.6,79.4,10.0,10.0,68,0.7,67.3,0.0,0,0.0
W4120,2024-10-08 17:04:20.064563,18.9,54.8,4.0,4.0,109,0.0,74.0,0.0,0,0.0
W4121,2026-01-05 17:04:20.064563,23.6,71.6,0.0,0.0,68,0.9,18.0,0.0,0,0.0
W4122,2025-09-07 17:04:20.064563,34.6,67.1,1.2,1.2,56,1.2,38.4,0.0,0,0.0
W4123,2024-11-28 17:04:20.064563,27.1,63.3,0.0,0.0,84,0.0,58.5,0.0,0,0.0
W4124,2025-12-23 17:04:20.064563,28.1,89.3,0.0,0.0,111,0.4,61.9,0.0,0,0.0
W4125,2025-09-25 17:04:20.064563,14.0,86.4,12.3,12.3,41,1.8,27.1,3.075,0,0.0
W4126,2024-04-06 17:04:20.064563,16.2,87.2,0.0,0.0,73,0.6,97.5,0.0,0,0.0
W4127,2025-04-13 17:04:20.064563,43.0,31.9,5.0,5.0,84,2.4,11.8,16.0,1,171.18
W4128,2026-03-18 17:04:20.064563,17.6,86.4,0.0,0.0,96,0.0,11.2,0.0,0,0.0
W4129,2025-03-20 17:04:20.064563,41.6,27.9,0.0,0.0,72,0.3,22.9,13.200000000000003,1,205.78
W4130,2025-07-22 17:04:20.064563,22.6,83.1,0.0,0.0,99,0.5,75.4,0.0,0,0.0
W4131,2025-09-26 17:04:20.064563,25.0,79.7,9.6,9.6,68,0.0,3.7,0.0,0,0.0
W4132,2025-07-27 17:04:20.064563,35.7,70.0,0.0,0.0,77,0.0,98.8,1.4000000000000057,0,0.0
W4133,2025-03-05 17:04:20.064563,37.7,43.2,0.0,0.0,94,2.2,98.8,5.400000000000006,0,0.0
W4134,2025-10-18 17:04:20.064563,23.9,75.8,0.0,0.0,91,1.1,16.0,0.0,0,0.0
W4135,2025-08-14 17:04:20.064563,21.1,84.0,0.0,0.0,55,0.6,40.1,0.0,0,0.0
W4136,2025-02-10 17:04:20.064563,24.4,77.8,0.0,0.0,105,0.0,20.4,0.0,0,0.0
W4137,2025-04-19 17:04:20.064563,28.4,58.8,0.8,0.8,81,0.1,40.8,0.0,0,0.0
W4138,2024-12-19 17:04:20.064563,33.9,35.2,0.0,0.0,103,0.6,53.3,0.0,0,0.0
W4139,2024-09-18 17:04:20.064563,25.0,75.9,0.0,0.0,76,1.4,82.3,0.0,0,0.0
W4140,2024-04-13 17:04:20.064563,31.2,61.7,0.0,0.0,80,0.0,3.6,0.0,0,0.0
W4141,2025-02-07 17:04:20.064563,41.4,42.3,0.0,0.0,82,0.1,98.7,12.799999999999997,1,149.62
W4142,2025-11-19 17:04:20.064563,28.8,74.4,0.0,0.0,85,0.0,94.1,0.0,0,0.0
W4143,2024-10-28 17:04:20.064563,28.1,67.4,11.0,11.0,82,0.0,57.0,2.75,0,0.0
W4144,2024-04-17 17:04:20.064563,9.8,82.1,0.0,0.0,83,0.0,48.1,0.0,0,0.0
W4145,2024-12-30 17:04:20.064563,-1.3,92.6,0.0,1.9,73,0.2,55.1,3.9000000000000004,0,0.0
W4146,2024-05-16 17:04:20.064563,28.9,55.4,0.0,0.0,93,0.0,1.8,0.0,0,0.0
W4147,2025-07-14 17:04:20.064563,24.1,97.9,0.0,0.0,81,0.0,73.8,0.0,0,0.0
W4148,2025-09-11 17:04:20.064563,19.9,87.4,0.0,0.0,131,0.7,49.6,0.0,0,0.0
W4149,2025-03-19 17:04:20.064563,27.4,70.7,0.0,0.0,78,1.2,28.6,0.0,0,0.0
W4150,2025-11-06 17:04:20.064563,24.4,71.6,15.4,15.4,65,2.7,46.2,3.85,0,0.0
W4151,2024-11-11 17:04:20.064563,36.3,53.1,0.0,0.0,89,0.8,29.3,2.5999999999999943,0,0.0
W4152,2024-08-28 17:04:20.064563,25.9,82.9,0.0,0.0,30,0.0,70.0,0.0,0,0.0
W4153,2024-06-28 17:04:20.064563,17.5,78.8,0.0,0.0,56,1.1,61.4,0.0,0,0.0
W4154,2024-11-26 17:04:20.064563,34.9,63.4,0.0,0.0,61,0.0,38.8,0.0,0,0.0
W4155,2026-01-19 17:04:20.064563,22.8,72.3,0.0,0.0,40,0.0,31.4,0.0,0,0.0
W4156,2024-11-19 17:04:20.064563,30.3,84.0,0.0,0.0,61,0.6,87.8,0.2100000000000005,0,0.0
W4157,2024-12-15 17:04:20.064563,20.2,87.1,3.5,3.5,34,1.4,68.2,0.0,0,0.0
W4158,2025-09-15 17:04:20.064563,18.5,94.7,20.3,20.3,15,0.0,71.6,10.15,1,68.45
W4159,2024-05-14 17:04:20.064563,25.8,65.4,0.0,0.0,73,0.3,61.9,0.0,0,0.0
W4160,2024-10-28 17:04:20.064563,25.1,82.9,0.0,0.0,106,0.5,7.5,0.0,0,0.0
W4161,2025-10-28 17:04:20.064563,29.8,62.2,0.0,0.0,40,0.0,5.9,0.0,0,0.0
W4162,2025-04-19 17:04:20.064563,22.3,77.6,0.0,0.0,42,0.0,42.9,0.0,0,0.0
W4163,2025-03-16 17:04:20.064563,6.6,100.0,5.0,5.0,46,0.0,93.0,0.0,0,0.0
W4164,2024-09-11 17:04:20.064563,20.7,68.6,0.0,0.0,63,1.3,52.5,0.0,0,0.0
W4165,2024-09-14 17:04:20.064563,32.9,62.6,0.0,0.0,35,0.0,87.6,0.0,1,23.41
W4166,2024-11-15 17:04:20.064563,22.0,81.3,0.5,0.5,50,0.0,9.7,0.0,0,0.0
W4167,2025-11-14 17:04:20.064563,22.5,81.4,0.0,0.0,49,0.3,72.4,0.0,0,0.0
W4168,2025-02-06 17:04:20.064563,34.9,53.2,0.0,0.0,70,1.3,24.5,0.0,0,0.0
W4169,2026-03-02 17:04:20.064563,17.9,100.0,1.9,1.9,68,0.0,52.4,0.0,0,0.0
W4170,2025-03-20 17:04:20.064563,9.6,82.7,2.3,2.3,56,0.0,29.3,0.0,0,0.0
W4171,2025-11-13 17:04:20.064563,23.4,89.5,3.0,3.0,49,1.5,71.2,0.0,0,0.0
W4172,2024-04-15 17:04:20.064563,20.2,91.9,9.5,9.5,29,0.5,40.1,0.0,0,0.0
W4173,2026-03-08 17:04:20.064563,15.3,100.0,0.0,0.0,63,0.0,46.2,0.0,0,0.0
W4174,2026-03-05 17:04:20.064563,23.2,59.2,0.6,0.6,41,0.0,24.5,0.0,0,0.0
W4175,2025-03-13 17:04:20.064563,29.9,56.4,0.0,0.0,92,0.0,28.1,0.0,0,0.0
W4176,2025-10-20 17:04:20.064563,24.9,87.6,16.6,16.6,15,0.6,17.9,4.15,0,0.0
W4177,2025-10-16 17:04:20.064563,28.1,49.1,0.0,0.0,47,1.0,55.4,0.0,0,0.0
W4178,2024-08-10 17:04:20.064563,43.1,29.2,1.5,1.5,74,0.7,14.5,16.200000000000003,1,103.69
W4179,2025-10-15 17:04:20.064563,21.6,72.8,0.0,0.0,51,0.2,26.8,0.0,0,0.0
W4180,2024-09-26 17:04:20.064563,27.8,70.2,0.0,0.0,72,0.4,53.0,0.0,0,0.0
W4181,2025-08-04 17:04:20.064563,19.9,96.1,0.0,0.0,92,0.0,27.5,0.0,0,0.0
W4182,2025-09-24 17:04:20.064563,16.5,83.3,0.0,0.0,74,0.0,58.8,0.0,0,0.0
W4183,2025-01-28 17:04:20.064563,19.2,75.2,0.0,0.0,33,0.0,1.4,0.0,0,0.0
W4184,2024-09-13 17:04:20.064563,20.2,82.8,0.0,0.0,33,0.0,97.3,0.0,0,0.0
W4185,2025-08-02 17:04:20.064563,28.6,71.8,6.3,6.3,40,0.0,73.0,0.0,0,0.0
W4186,2024-04-25 17:04:20.064563,45.0,46.9,0.0,0.0,64,0.0,50.4,20.0,1,323.1
W4187,2024-06-18 17:04:20.064563,17.8,81.5,1.3,1.3,76,0.9,92.1,0.0,0,0.0
W4188,2024-05-14 17:04:20.064563,20.8,59.2,0.0,0.0,39,0.0,87.0,0.0,0,0.0
W4189,2024-11-11 17:04:20.064563,24.4,64.3,0.0,0.0,44,0.0,36.7,0.0,0,0.0
W4190,2025-11-24 17:04:20.064563,29.0,80.8,0.0,0.0,48,0.0,11.6,0.0,0,0.0
W4191,2024-10-28 17:04:20.064563,27.6,70.4,11.3,11.3,25,0.0,25.2,2.825,0,0.0
W4192,2024-04-07 17:04:20.064563,37.8,50.0,0.0,0.0,82,2.0,20.9,5.599999999999994,0,0.0
W4193,2025-09-08 17:04:20.064563,0.7,100.0,1.7,2.6,46,0.0,75.0,0.0,0,0.0
W4194,2025-07-20 17:04:20.064563,1.1,97.0,13.4,18.0,28,0.2,54.8,3.35,0,0.0
W4195,2024-03-18 17:04:20.064563,20.0,77.7,1.1,1.1,67,0.3,85.0,0.0,0,0.0
W4196,2025-02-20 17:04:20.064563,36.0,57.4,0.0,0.0,82,0.0,49.0,2.0,0,0.0
W4197,2025-12-06 17:04:20.064563,9.3,91.6,0.0,0.0,49,0.0,77.0,0.0,0,0.0
W4198,2024-10-10 17:04:20.064563,-5.0,100.0,0.0,3.3,74,0.0,32.3,15.0,1,145.16
W4199,2024-07-29 17:04:20.064563,30.7,62.1,0.0,0.0,85,0.1,60.2,0.0,0,0.0
W4200,2025-03-01 17:04:20.064563,27.4,54.9,0.0,0.0,46,0.4,63.9,0.0,0,0.0
W4201,2024-09-15 17:04:20.064563,14.1,90.7,0.0,0.0,36,0.9,75.9,0.0,0,0.0
W4202,2025-02-12 17:04:20.064563,15.1,74.0,0.0,0.0,91,0.0,79.9,0.0,0,0.0
W4203,2024-05-17 17:04:20.064563,15.3,88.7,0.0,0.0,69,0.5,27.7,0.0,0,0.0
W4204,2024-04-09 17:04:20.064563,26.1,84.6,0.1,0.1,46,0.0,38.5,0.0,0,0.0
W4205,2024-08-16 17:04:20.064563,18.7,79.1,0.0,0.0,59,0.0,20.7,0.0,0,0.0
W4206,2025-11-08 17:04:20.064563,29.9,53.4,0.0,0.0,24,1.8,74.8,0.0,0,0.0
W4207,2026-03-09 17:04:20.064563,-3.5,100.0,1.0,1.2,65,0.0,27.1,10.5,1,166.82
W4208,2024-08-10 17:04:20.064563,16.4,77.0,0.0,0.0,15,0.0,39.1,0.0,0,0.0
W4209,2024-07-09 17:04:20.064563,13.7,95.3,0.3,0.3,64,0.2,80.3,0.0,0,0.0
W4210,2025-09-07 17:04:20.064563,22.4,74.9,24.1,24.1,15,0.0,34.0,12.05,1,144.41
W4211,2025-03-26 17:04:20.064563,19.6,97.7,0.0,0.0,15,0.2,29.2,0.0,0,0.0
W4212,2024-05-31 17:04:20.064563,33.0,72.2,3.7,3.7,15,0.0,65.1,0.3300000000000004,0,0.0
W4213,2025-04-04 17:04:20.064563,6.4,98.9,6.3,6.3,19,0.0,97.5,0.0,0,0.0
W4214,2026-03-09 17:04:20.064563,25.5,79.0,4.1,4.1,47,0.0,6.3,0.0,0,0.0
W4215,2026-01-25 17:04:20.064563,30.6,60.2,0.0,0.0,15,0.2,83.5,0.0,0,0.0
W4216,2025-04-27 17:04:20.064563,43.6,45.0,9.3,9.3,15,0.0,12.2,17.200000000000003,1,153.31
W4217,2025-11-08 17:04:20.064563,20.2,76.1,0.0,0.0,30,0.6,34.5,0.0,0,0.0
W4218,2024-06-29 17:04:20.064563,28.2,75.3,3.1,3.1,49,0.0,41.7,0.0,0,0.0
W4219,2025-02-25 17:04:20.064563,7.0,100.0,0.0,0.0,57,0.0,71.9,0.0,1,49.71
W4220,2025-01-21 17:04:20.064563,1.1,100.0,0.0,0.7,41,0.0,92.7,0.0,0,0.0
W4221,2025-02-11 17:04:20.064563,33.4,69.0,0.0,0.0,57,0.0,10.2,0.0,0,0.0
W4222,2024-08-04 17:04:20.064563,24.9,81.8,11.4,11.4,28,0.1,74.5,2.85,0,0.0
W4223,2024-08-26 17:04:20.064563,36.8,60.3,9.4,9.4,15,0.0,32.2,3.5999999999999943,0,0.0
W4224,2025-06-08 17:04:20.064563,11.3,81.7,0.0,0.0,54,0.5,90.2,0.0,0,0.0
W4225,2026-01-01 17:04:20.064563,30.2,81.7,11.2,11.2,15,0.3,27.8,2.9169999999999994,0,0.0
W4226,2025-07-29 17:04:20.064563,43.7,62.5,2.4,2.4,40,0.0,69.4,17.400000000000006,0,0.0
W4227,2026-01-11 17:04:20.064563,29.2,63.9,2.4,2.4,15,1.5,16.5,0.0,0,0.0
W4228,2025-02-05 17:04:20.064563,27.8,64.6,0.0,0.0,37,0.0,95.8,0.0,0,0.0
W4229,2024-09-12 17:04:20.064563,25.1,78.5,0.7,0.7,57,0.0,0.4,0.0,0,0.0
W4230,2026-03-12 17:04:20.064563,9.3,100.0,0.0,0.0,38,0.0,23.3,0.0,0,0.0
W4231,2025-10-14 17:04:20.064563,38.6,50.1,0.0,0.0,33,0.3,67.6,7.200000000000003,0,0.0
W4232,2026-02-26 17:04:20.064563,18.9,69.2,0.0,0.0,37,0.0,85.4,0.0,0,0.0
W4233,2025-12-06 17:04:20.064563,30.0,68.0,0.0,0.0,46,0.0,99.4,0.0,0,0.0
W4234,2025-03-18 17:04:20.064563,9.4,100.0,0.0,0.0,75,0.0,17.3,0.0,0,0.0
W4235,2024-11-01 17:04:20.064563,13.2,97.5,0.0,0.0,45,0.5,30.7,0.0,0,0.0
W4236,2026-01-28 17:04:20.064563,39.4,54.5,0.0,0.0,21,0.0,89.2,8.799999999999997,1,102.19
W4237,2025-11-11 17:04:20.064563,21.5,75.0,0.0,0.0,26,0.0,3.2,0.0,0,0.0
W4238,2024-09-13 17:04:20.064563,39.5,60.6,0.0,0.0,15,0.0,73.3,9.0,0,0.0
W4239,2025-04-09 17:04:20.064563,24.2,74.3,0.0,0.0,15,1.3,42.3,0.0,0,0.0
W4240,2025-01-26 17:04:20.064563,6.6,95.5,6.9,6.9,15,0.4,68.9,0.0,0,0.0
W4241,2026-02-21 17:04:20.064563,33.9,57.3,0.0,0.0,20,0.6,52.5,0.0,0,0.0
W4242,2025-01-13 17:04:20.064563,19.1,63.9,1.4,1.4,15,1.6,62.7,0.0,0,0.0
W4243,2024-07-26 17:04:20.064563,32.0,60.2,0.0,0.0,30,0.8,66.7,0.0,0,0.0
W4244,2024-09-15 17:04:20.064563,25.3,79.0,4.8,4.8,15,0.2,63.1,0.0,0,0.0
W4245,2024-03-19 17:04:20.064563,9.6,99.0,0.0,0.0,15,1.6,66.5,0.0,1,26.87
W4246,2026-03-06 17:04:20.064563,26.6,85.2,5.3,5.3,15,0.0,56.8,0.0,0,0.0
W4247,2025-10-25 17:04:20.064563,45.0,39.9,0.0,0.0,20,0.0,71.4,20.0,1,442.2
W4248,2025-04-22 17:04:20.064563,29.9,70.0,1.5,1.5,15,1.2,77.6,0.0,0,0.0
W4249,2025-10-20 17:04:20.064563,24.4,81.3,0.0,0.0,40,0.0,78.8,0.0,0,0.0
W4250,2024-04-20 17:04:20.064563,35.8,79.8,0.0,0.0,31,0.0,85.4,4.441999999999992,0,0.0
W4251,2024-09-20 17:04:20.064563,27.1,70.8,0.0,0.0,21,0.8,31.6,0.0,0,0.0
W4252,2025-11-24 17:04:20.064563,27.1,58.9,0.0,0.0,54,0.1,74.6,0.0,0,0.0
W4253,2025-02-06 17:04:20.064563,14.1,97.4,0.0,0.0,25,0.5,94.7,0.0,0,0.0
W4254,2025-12-04 17:04:20.064563,27.3,87.6,0.6,0.6,31,0.0,36.7,0.0,0,0.0
W4255,2024-10-30 17:04:20.064563,35.4,53.7,0.0,0.0,38,0.0,77.8,0.7999999999999972,0,0.0
W4256,2026-01-01 17:04:20.064563,16.6,93.5,0.0,0.0,15,0.6,29.1,0.0,0,0.0
W4257,2025-10-18 17:04:20.064563,39.2,63.4,0.0,0.0,15,0.0,17.6,8.400000000000006,1,40.27
W4258,2024-07-02 17:04:20.064563,24.1,84.0,0.0,0.0,24,0.8,44.6,0.0,0,0.0
W4259,2025-08-08 17:04:20.064563,16.1,87.1,0.0,0.0,15,0.3,80.7,0.0,0,0.0
W4260,2024-08-09 17:04:20.064563,35.0,50.6,0.0,0.0,59,0.0,30.7,0.0,0,0.0
W4261,2025-02-20 17:04:20.064563,22.1,76.0,0.0,0.0,26,0.3,29.5,0.0,0,0.0
W4262,2024-06-05 17:04:20.064563,32.6,65.7,1.8,1.8,15,0.7,27.8,0.0,0,0.0
W4263,2024-11-16 17:04:20.064563,22.1,86.0,5.8,5.8,53,0.4,21.8,0.0,0,0.0
W4264,2025-03-08 17:04:20.064563,24.4,76.7,2.8,2.8,15,0.5,61.1,0.0,0,0.0
W4265,2025-02-08 17:04:20.064563,29.9,61.3,0.0,0.0,53,0.0,24.3,0.0,0,0.0
W4266,2024-09-05 17:04:20.064563,27.9,73.7,6.6,6.6,25,2.3,93.5,0.0,0,0.0
W4267,2025-12-29 17:04:20.064563,5.0,100.0,0.0,0.0,44,2.8,34.6,0.0,0,0.0
W4268,2024-06-16 17:04:20.064563,13.8,93.1,1.7,1.7,15,1.4,54.2,0.0,0,0.0
W4269,2026-03-13 17:04:20.064563,34.3,50.2,0.0,0.0,22,0.1,40.9,0.0,0,0.0
W4270,2026-02-02 17:04:20.064563,23.7,72.7,3.1,3.1,15,0.0,96.3,0.0,0,0.0
W4271,2026-01-01 17:04:20.064563,19.8,89.8,5.7,5.7,29,0.0,42.4,0.0,0,0.0
W4272,2025-02-24 17:04:20.064563,11.4,79.0,3.1,3.1,22,0.8,56.4,0.0,0,0.0
W4273,2025-06-18 17:04:20.064563,14.2,67.8,4.5,4.5,15,1.1,76.3,0.0,0,0.0
W4274,2024-03-29 17:04:20.064563,4.8,100.0,4.5,4.5,15,0.0,17.1,0.0,0,0.0
W4275,2024-12-14 17:04:20.064563,24.0,79.1,0.0,0.0,20,0.0,3.3,0.0,0,0.0
W4276,2024-10-18 17:04:20.064563,19.0,87.5,13.6,13.6,15,1.3,45.5,3.4,0,0.0
W4277,2024-11-28 17:04:20.064563,15.3,76.2,0.0,0.0,49,0.0,55.1,0.0,0,0.0
W4278,2026-02-25 17:04:20.064563,24.3,80.9,0.0,0.0,36,0.1,28.7,0.0,0,0.0
W4279,2024-05-26 17:04:20.064563,28.6,69.8,0.4,0.4,35,1.4,46.3,0.0,0,0.0
W4280,2025-03-11 17:04:20.064563,45.0,26.7,0.0,0.0,25,1.2,61.5,20.0,1,395.16
W4281,2024-12-05 17:04:20.064563,9.9,100.0,1.0,1.0,15,0.8,97.3,0.0,0,0.0
W4282,2024-07-06 17:04:20.064563,36.6,56.7,0.0,0.0,34,0.0,60.2,3.200000000000003,0,0.0
W4283,2024-03-19 17:04:20.064563,34.7,53.9,0.0,0.0,15,0.0,44.9,0.0,0,0.0
W4284,2024-05-06 17:04:20.064563,17.2,80.4,6.1,6.1,15,0.0,2.3,0.0,0,0.0
W4285,2025-04-17 17:04:20.064563,27.0,49.3,0.0,0.0,15,0.0,31.1,0.0,0,0.0
W4286,2025-06-09 17:04:20.064563,20.4,85.3,15.3,15.3,15,0.2,35.8,3.825,0,0.0
W4287,2025-05-21 17:04:20.064563,26.9,72.3,0.0,0.0,15,0.0,47.7,0.0,0,0.0
W4288,2024-09-04 17:04:20.064563,40.1,47.9,0.0,0.0,18,0.0,78.2,10.200000000000003,0,0.0
W4289,2025-05-15 17:04:20.064563,31.1,76.2,0.0,0.0,19,0.0,77.6,0.3410000000000006,0,0.0
W4290,2025-08-04 17:04:20.064563,30.1,51.0,0.0,0.0,35,0.0,84.5,0.0,0,0.0
W4291,2025-04-09 17:04:20.064563,20.7,73.0,13.6,13.6,15,0.0,29.0,3.4,0,0.0
W4292,2025-03-12 17:04:20.064563,10.2,86.3,0.0,0.0,18,2.8,34.6,0.0,0,0.0
W4293,2025-09-28 17:04:20.064563,22.9,72.8,0.0,0.0,15,1.2,15.0,0.0,0,0.0
W4294,2025-04-06 17:04:20.064563,37.1,55.1,0.0,0.0,15,0.4,85.7,4.200000000000003,0,0.0
W4295,2024-06-29 17:04:20.064563,9.7,99.7,1.0,1.0,23,0.0,65.2,0.0,0,0.0
W4296,2025-07-21 17:04:20.064563,14.4,84.9,0.0,0.0,32,0.0,7.8,0.0,0,0.0
W4297,2025-10-30 17:04:20.064563,26.3,61.8,0.0,0.0,15,0.9,30.4,0.0,0,0.0
W4298,2026-01-13 17:04:20.064563,15.2,100.0,1.3,1.3,36,2.5,15.3,0.0,0,0.0
W4299,2026-02-19 17:04:20.064563,17.1,100.0,0.0,0.0,15,1.0,96.9,0.0,0,0.0
W4300,2024-11-03 17:04:20.064563,20.8,80.3,0.9,0.9,26,1.5,32.5,0.0,0,0.0
W4301,2024-08-31 17:04:20.064563,11.3,85.4,5.0,5.0,15,2.4,49.6,0.0,0,0.0
W4302,2025-06-23 17:04:20.064563,15.3,100.0,3.0,3.0,15,0.6,31.8,0.0,0,0.0
W4303,2024-06-01 17:04:20.064563,32.0,47.5,0.0,0.0,15,2.9,47.4,0.0,0,0.0
W4304,2024-04-21 17:04:20.064563,11.9,88.8,0.0,0.0,19,0.7,99.9,0.0,0,0.0
W4305,2025-01-13 17:04:20.064563,9.0,89.5,0.0,0.0,29,3.0,28.7,0.0,0,0.0
W4306,2024-04-07 17:04:20.064563,18.7,70.4,0.3,0.3,27,3.7,28.3,0.0,0,0.0
W4307,2025-02-07 17:04:20.064563,32.3,58.7,0.3,0.3,15,1.1,37.1,0.0,0,0.0
W4308,2024-12-10 17:04:20.064563,23.0,66.8,0.0,0.0,34,2.4,16.9,0.0,0,0.0
W4309,2024-07-03 17:04:20.064563,20.4,79.6,0.0,0.0,55,2.5,73.9,0.0,0,0.0
W4310,2024-06-01 17:04:20.064563,25.4,72.1,0.0,0.0,19,2.0,37.9,0.0,0,0.0
W4311,2025-03-03 17:04:20.064563,7.5,92.5,3.4,3.4,17,1.9,58.1,0.0,1,22.92
W4312,2024-09-08 17:04:20.064563,29.9,61.4,0.0,0.0,15,1.7,66.1,0.0,0,0.0
W4313,2025-04-06 17:04:20.064563,28.8,64.4,0.0,0.0,15,1.3,3.5,0.0,0,0.0
W4314,2024-08-29 17:04:20.064563,20.9,86.7,0.0,0.0,47,3.3,64.4,0.0,0,0.0
W4315,2024-06-02 17:04:20.064563,35.1,55.9,0.0,0.0,48,1.6,53.3,0.20000000000000284,0,0.0
W4316,2025-09-29 17:04:20.064563,13.7,97.7,0.0,0.0,19,1.2,8.3,0.0,0,0.0
W4317,2024-06-21 17:04:20.064563,36.3,61.4,0.0,0.0,33,4.6,12.4,2.5999999999999943,0,0.0
W4318,2025-02-27 17:04:20.064563,26.5,75.9,0.0,0.0,42,3.5,44.1,0.0,0,0.0
W4319,2025-11-16 17:04:20.064563,21.6,91.4,0.0,0.0,15,2.0,34.6,0.0,0,0.0
W4320,2025-12-06 17:04:20.064563,24.8,61.6,1.5,1.5,15,4.3,43.7,0.0,0,0.0
W4321,2025-07-25 17:04:20.064563,23.9,69.4,0.0,0.0,38,3.5,63.6,0.0,0,0.0
W4322,2026-03-09 17:04:20.064563,37.2,71.8,0.0,0.0,42,4.0,15.4,5.048000000000005,0,0.0
W4323,2024-04-18 17:04:20.064563,14.2,86.1,0.6,0.6,38,2.6,66.2,0.0,0,0.0
W4324,2025-06-02 17:04:20.064563,17.4,55.8,0.0,0.0,17,2.6,81.8,0.0,0,0.0
W4325,2026-01-16 17:04:20.064563,35.4,54.9,0.0,0.0,56,4.9,0.3,0.7999999999999972,0,0.0
W4326,2024-09-02 17:04:20.064563,19.0,82.8,0.0,0.0,31,3.1,36.8,0.0,0,0.0
W4327,2025-11-29 17:04:20.064563,34.0,32.8,0.0,0.0,15,5.3,27.5,0.0,0,0.0
W4328,2025-06-05 17:04:20.064563,42.0,60.3,0.0,0.0,15,4.5,43.2,14.0,1,78.24
W4329,2024-08-25 17:04:20.064563,21.0,71.4,0.0,0.0,20,3.4,61.5,0.0,0,0.0
W4330,2024-05-11 17:04:20.064563,31.8,65.6,0.0,0.0,31,6.5,18.8,0.0,0,0.0
W4331,2024-06-29 17:04:20.064563,13.5,87.5,0.0,0.0,21,4.7,13.4,0.0,0,0.0
W4332,2025-02-20 17:04:20.064563,32.5,48.3,0.0,0.0,67,5.0,72.9,0.0,0,0.0
W4333,2024-10-14 17:04:20.064563,27.0,58.8,0.0,0.0,36,3.9,68.6,0.0,0,0.0
W4334,2024-09-28 17:04:20.064563,29.7,56.1,0.0,0.0,15,5.1,46.1,0.0,0,0.0
W4335,2025-05-11 17:04:20.064563,18.5,93.0,3.4,3.4,15,3.9,50.1,0.0,0,0.0
W4336,2026-03-01 17:04:20.064563,8.4,95.9,0.0,0.0,34,3.2,27.0,0.0,0,0.0
W4337,2025-10-06 17:04:20.064563,30.0,59.7,2.0,2.0,45,5.4,32.9,0.0,0,0.0
W4338,2025-09-22 17:04:20.064563,4.4,94.1,0.0,0.0,67,3.9,32.0,0.0,0,0.0
W4339,2024-12-14 17:04:20.064563,21.8,89.2,0.0,0.0,26,3.3,72.6,0.0,0,0.0
W4340,2026-01-23 17:04:20.064563,34.4,73.0,0.0,0.0,65,4.5,55.6,0.6599999999999998,0,0.0
W4341,2024-12-31 17:04:20.064563,26.9,81.5,0.0,0.0,15,3.3,72.9,0.0,0,0.0
W4342,2025-01-16 17:04:20.064563,44.5,48.2,23.5,23.5,15,4.4,59.1,30.75,1,432.05
W4343,2024-11-16 17:04:20.064563,35.3,60.0,1.0,1.0,15,4.9,54.6,0.5999999999999943,0,0.0
W4344,2024-06-24 17:04:20.064563,18.5,70.1,0.0,0.0,48,4.0,32.1,0.0,0,0.0
W4345,2024-05-07 17:04:20.064563,25.3,69.6,0.0,0.0,15,5.6,39.5,0.0,0,0.0
W4346,2025-04-24 17:04:20.064563,24.5,66.4,0.0,0.0,41,3.1,88.7,0.0,0,0.0
W4347,2025-10-24 17:04:20.064563,9.2,78.0,6.1,6.1,15,3.7,57.6,0.0,0,0.0
W4348,2025-10-01 17:04:20.064563,15.6,97.2,0.0,0.0,69,3.0,52.4,0.0,0,0.0
W4349,2025-08-02 17:04:20.064563,19.4,74.0,0.9,0.9,25,5.2,5.3,0.0,0,0.0
W4350,2024-08-22 17:04:20.064563,4.6,100.0,0.0,0.0,42,4.6,67.1,0.0,0,0.0
W4351,2024-05-12 17:04:20.064563,25.5,80.6,0.0,0.0,15,4.7,68.6,0.0,0,0.0
W4352,2025-03-22 17:04:20.064563,22.5,81.8,0.0,0.0,15,5.2,69.1,0.0,0,0.0
W4353,2024-03-21 17:04:20.064563,8.3,100.0,1.2,1.2,18,8.5,9.1,1.0,0,0.0
W4354,2025-05-29 17:04:20.064563,29.0,60.3,0.6,0.6,52,7.5,30.0,0.0,0,0.0
W4355,2024-06-15 17:04:20.064563,32.2,80.3,0.0,0.0,50,6.9,37.1,1.1330000000000011,0,0.0
W4356,2025-01-13 17:04:20.064563,27.3,69.5,0.0,0.0,59,5.5,82.6,0.0,0,0.0
W4357,2026-01-24 17:04:20.064563,21.8,80.4,10.1,10.1,15,3.9,98.1,2.525,1,16.97
W4358,2025-12-18 17:04:20.064563,30.9,57.1,0.0,0.0,49,6.1,41.5,0.0,0,0.0
W4359,2025-11-22 17:04:20.064563,31.8,53.0,7.0,7.0,15,6.9,55.4,0.0,0,0.0
W4360,2025-07-22 17:04:20.064563,28.1,72.7,0.0,0.0,23,7.7,0.7,0.0,0,0.0
W4361,2024-10-08 17:04:20.064563,16.8,87.0,0.0,0.0,29,7.8,0.9,0.0,0,0.0
W4362,2024-06-25 17:04:20.064563,27.8,60.5,0.4,0.4,37,8.5,7.5,1.0,0,0.0
W4363,2024-04-13 17:04:20.064563,37.0,40.2,0.0,0.0,54,4.6,71.9,4.0,0,0.0
W4364,2024-10-15 17:04:20.064563,19.0,68.8,0.0,0.0,64,6.9,17.8,0.0,0,0.0
W4365,2024-09-08 17:04:20.064563,45.0,54.5,0.0,0.0,52,3.4,75.8,20.0,1,453.1
W4366,2025-12-31 17:04:20.064563,19.7,74.3,0.0,0.0,55,5.6,43.2,0.0,0,0.0
W4367,2025-01-10 17:04:20.064563,25.3,68.6,0.0,0.0,79,4.2,85.0,0.0,0,0.0
W4368,2024-06-09 17:04:20.064563,18.3,97.1,0.0,0.0,57,4.1,87.0,0.0,0,0.0
W4369,2025-07-15 17:04:20.064563,27.2,57.9,0.0,0.0,40,5.2,88.0,0.0,0,0.0
W4370,2024-07-14 17:04:20.064563,7.6,91.4,0.0,0.0,56,4.7,54.4,0.0,0,0.0
W4371,2025-01-27 17:04:20.064563,19.5,73.0,0.0,0.0,79,6.3,78.9,0.0,0,0.0
W4372,2025-04-29 17:04:20.064563,14.1,100.0,10.4,10.4,15,3.2,66.2,2.6,0,0.0
W4373,2025-07-13 17:04:20.064563,26.4,90.4,3.2,3.2,31,7.8,18.7,0.0,0,0.0
W4374,2025-07-31 17:04:20.064563,34.9,65.1,0.0,0.0,75,7.3,38.2,0.0,0,0.0
W4375,2026-01-23 17:04:20.064563,31.5,70.6,2.1,2.1,37,4.8,96.2,0.044999999999999575,0,0.0
W4376,2024-12-14 17:04:20.064563,1.3,100.0,0.0,0.6,63,6.0,77.3,0.0,0,0.0
W4377,2024-06-19 17:04:20.064563,45.0,62.0,3.8,3.8,66,6.7,26.3,20.0,1,354.76
W4378,2026-01-04 17:04:20.064563,28.0,70.7,0.0,0.0,23,8.1,28.1,0.1999999999999993,0,0.0
W4379,2025-09-26 17:04:20.064563,17.2,92.7,0.0,0.0,41,6.3,25.4,0.0,0,0.0
W4380,2025-04-18 17:04:20.064563,26.6,69.1,0.0,0.0,74,6.1,32.9,0.0,0,0.0
W4381,2024-09-23 17:04:20.064563,26.8,67.2,0.0,0.0,47,6.4,92.8,0.0,0,0.0
W4382,2025-04-01 17:04:20.064563,18.3,99.1,0.0,0.0,15,6.4,43.4,0.0,0,0.0
W4383,2025-04-12 17:04:20.064563,27.0,74.9,5.4,5.4,30,7.5,36.4,0.0,0,0.0
W4384,2025-03-31 17:04:20.064563,18.9,96.1,3.0,3.0,61,7.5,23.9,0.0,0,0.0
W4385,2024-09-25 17:04:20.064563,21.0,81.1,1.0,1.0,76,5.1,89.2,0.0,0,0.0
W4386,2025-06-17 17:04:20.064563,18.1,74.3,0.0,0.0,54,2.1,95.7,0.0,0,0.0
W4387,2024-05-02 17:04:20.064563,10.7,88.2,0.0,0.0,63,7.0,32.4,0.0,0,0.0
W4388,2024-12-12 17:04:20.064563,26.5,71.3,0.0,0.0,46,5.5,61.7,0.0,0,0.0
W4389,2025-06-11 17:04:20.064563,30.9,57.5,0.0,0.0,72,5.1,95.8,0.0,0,0.0
W4390,2025-07-07 17:04:20.064563,30.1,53.7,0.0,0.0,83,5.1,49.9,0.0,0,0.0
W4391,2024-12-12 17:04:20.064563,33.2,72.2,0.0,0.0,71,7.2,46.9,0.35200000000000076,0,0.0
W4392,2024-11-04 17:04:20.064563,28.2,62.2,0.0,0.0,53,4.6,52.8,0.0,0,0.0
W4393,2024-12-18 17:04:20.064563,19.7,81.9,0.0,0.0,65,7.2,3.3,0.0,0,0.0
W4394,2025-10-16 17:04:20.064563,33.4,62.9,0.0,0.0,76,5.0,30.0,0.0,0,0.0
W4395,2024-05-20 17:04:20.064563,11.4,87.0,5.2,5.2,47,4.0,69.9,0.0,0,0.0
W4396,2024-08-19 17:04:20.064563,16.0,100.0,0.8,0.8,72,4.0,96.7,0.0,0,0.0
W4397,2026-03-01 17:04:20.064563,15.4,75.8,5.3,5.3,55,6.9,56.9,0.0,0,0.0
W4398,2026-01-30 17:04:20.064563,35.8,58.9,0.0,0.0,87,6.9,19.0,1.5999999999999943,0,0.0
W4399,2024-06-25 17:04:20.064563,34.4,60.8,0.0,0.0,73,4.7,42.7,0.0,0,0.0
W4400,2024-06-13 17:04:20.064563,29.9,64.6,0.0,0.0,50,3.6,49.0,0.0,0,0.0
W4401,2026-01-31 17:04:20.064563,35.7,43.5,0.0,0.0,88,7.6,15.2,1.4000000000000057,0,0.0
W4402,2025-03-05 17:04:20.064563,16.2,94.4,0.8,0.8,68,5.6,32.9,0.0,0,0.0
W4403,2025-09-23 17:04:20.064563,28.5,74.7,0.0,0.0,58,5.2,44.5,0.0,0,0.0
W4404,2025-05-15 17:04:20.064563,23.7,67.6,0.0,0.0,34,7.4,26.2,0.0,0,0.0
W4405,2025-11-11 17:04:20.064563,33.5,66.9,9.8,9.8,47,5.8,35.4,0.0,0,0.0
W4406,2024-11-05 17:04:20.064563,23.8,78.0,0.0,0.0,99,5.9,27.6,0.0,0,0.0
W4407,2025-10-05 17:04:20.064563,21.2,65.5,0.0,0.0,15,5.1,61.3,0.0,0,0.0
W4408,2024-05-19 17:04:20.064563,30.4,55.8,3.2,3.2,15,6.5,57.9,0.0,0,0.0
W4409,2025-04-18 17:04:20.064563,33.8,70.7,0.0,0.0,79,5.3,55.2,0.13300000000000045,0,0.0
W4410,2025-09-04 17:04:20.064563,18.3,85.6,4.9,4.9,59,4.5,9.7,0.0,0,0.0
W4411,2025-05-20 17:04:20.064563,24.4,67.8,1.5,1.5,75,5.4,18.4,0.0,0,0.0
W4412,2025-09-17 17:04:20.064563,14.4,79.8,0.0,0.0,55,6.2,11.1,0.0,0,0.0
W4413,2026-02-19 17:04:20.064563,0.0,100.0,0.0,5.5,23,7.4,6.3,0.0,0,0.0
W4414,2025-07-17 17:04:20.064563,27.0,65.0,0.0,0.0,49,4.6,24.7,0.0,0,0.0
W4415,2025-10-25 17:04:20.064563,31.1,54.9,0.0,0.0,98,6.1,19.5,0.0,0,0.0
W4416,2024-11-14 17:04:20.064563,27.6,51.2,0.0,0.0,58,4.1,72.5,0.0,0,0.0
W4417,2025-07-18 17:04:20.064563,5.5,100.0,2.1,2.1,54,5.2,69.6,0.0,0,0.0
W4418,2025-01-18 17:04:20.064563,21.5,87.5,0.0,0.0,15,4.7,20.1,0.0,0,0.0
W4419,2024-06-06 17:04:20.064563,2.8,93.0,0.0,0.0,32,5.9,16.6,0.0,0,0.0
W4420,2025-04-26 17:04:20.064563,38.7,53.3,0.0,0.0,91,7.3,14.5,7.400000000000006,0,0.0
W4421,2024-04-22 17:04:20.064563,14.1,79.8,0.0,0.0,64,6.0,32.0,0.0,0,0.0
W4422,2025-08-14 17:04:20.064563,37.6,51.1,0.0,0.0,89,5.7,29.4,5.200000000000003,0,0.0
W4423,2025-10-23 17:04:20.064563,34.5,54.9,6.2,6.2,42,5.5,2.9,0.0,0,0.0
W4424,2025-08-29 17:04:20.064563,16.0,81.7,0.0,0.0,41,4.3,56.8,0.0,0,0.0
W4425,2025-10-24 17:04:20.064563,13.7,100.0,0.0,0.0,65,3.0,89.8,0.0,0,0.0
W4426,2026-02-09 17:04:20.064563,28.5,62.8,0.0,0.0,59,5.0,53.9,0.0,0,0.0
W4427,2025-12-13 17:04:20.064563,16.6,77.1,0.0,0.0,55,5.9,6.4,0.0,0,0.0
W4428,2024-08-15 17:04:20.064563,26.0,63.3,21.2,21.2,15,3.2,60.0,10.6,1,121.57
W4429,2024-07-19 17:04:20.064563,20.2,90.2,1.5,1.5,66,5.8,48.5,0.0,0,0.0
W4430,2025-06-20 17:04:20.064563,7.2,82.7,1.5,1.5,59,4.1,90.7,0.0,0,0.0
W4431,2024-09-11 17:04:20.064563,2.7,98.3,0.0,0.0,54,3.3,36.3,0.0,0,0.0
W4432,2024-09-05 17:04:20.064563,27.3,83.6,0.0,0.0,109,2.8,75.2,0.0,0,0.0
W4433,2024-10-20 17:04:20.064563,19.4,83.4,0.5,0.5,81,4.6,3.8,0.0,0,0.0
W4434,2024-10-01 17:04:20.064563,19.5,82.7,0.0,0.0,77,3.9,72.1,0.0,0,0.0
W4435,2024-07-25 17:04:20.064563,32.0,83.4,3.3,3.3,66,3.8,4.2,1.3400000000000005,0,0.0
W4436,2024-04-30 17:04:20.064563,36.7,57.4,0.0,0.0,87,3.1,34.5,3.4000000000000057,0,0.0
W4437,2025-05-25 17:04:20.064563,22.3,69.5,16.6,16.6,52,3.2,94.8,4.15,1,57.95
W4438,2024-06-06 17:04:20.064563,21.6,74.8,0.0,0.0,54,3.4,70.3,0.0,0,0.0
W4439,2026-02-15 17:04:20.064563,30.0,53.6,0.0,0.0,44,0.3,92.5,0.0,0,0.0
W4440,2025-06-06 17:04:20.064563,11.4,100.0,10.0,10.0,15,3.7,49.6,0.0,0,0.0
W4441,2024-10-10 17:04:20.064563,27.2,74.9,0.0,0.0,111,1.3,60.6,0.0,0,0.0
W4442,2025-12-20 17:04:20.064563,30.5,75.5,12.1,12.1,43,2.2,51.8,3.1625,0,0.0
W4443,2024-08-16 17:04:20.064563,31.8,74.4,0.0,0.0,88,2.5,47.9,0.3960000000000007,0,0.0
W4444,2025-11-17 17:04:20.064563,5.6,97.4,1.1,1.1,78,2.1,57.8,0.0,0,0.0
W4445,2024-12-07 17:04:20.064563,17.4,74.5,0.5,0.5,94,2.8,3.9,0.0,0,0.0
W4446,2025-02-08 17:04:20.064563,16.2,85.2,0.0,0.0,75,2.0,18.6,0.0,0,0.0
W4447,2024-05-25 17:04:20.064563,26.0,62.3,0.0,0.0,50,3.4,21.5,0.0,0,0.0
W4448,2024-06-15 17:04:20.064563,29.8,66.9,1.8,1.8,53,0.9,38.3,0.0,0,0.0
W4449,2025-04-19 17:04:20.064563,40.0,61.4,3.3,3.3,64,1.8,43.5,10.0,0,0.0
W4450,2025-10-08 17:04:20.064563,20.1,78.2,0.1,0.1,46,2.6,74.0,0.0,0,0.0
W4451,2025-04-28 17:04:20.064563,20.0,81.5,11.9,11.9,37,2.9,16.6,2.975,0,0.0
W4452,2025-10-04 17:04:20.064563,36.5,54.3,0.0,0.0,54,0.5,57.0,3.0,1,17.42
W4453,2025-02-14 17:04:20.064563,28.0,76.1,0.1,0.1,71,0.2,27.2,0.0,0,0.0
W4454,2024-12-25 17:04:20.064563,37.7,46.8,0.0,0.0,68,0.6,51.6,5.400000000000006,1,79.63
W4455,2025-09-01 17:04:20.064563,27.9,46.2,0.0,0.0,81,0.0,62.7,0.0,0,0.0
W4456,2025-06-30 17:04:20.064563,13.4,94.6,10.5,10.5,75,1.6,58.2,2.625,0,0.0
W4457,2024-03-30 17:04:20.064563,11.7,100.0,0.0,0.0,74,1.3,21.5,0.0,0,0.0
W4458,2026-03-05 17:04:20.064563,9.5,100.0,5.4,5.4,38,0.8,70.9,0.0,0,0.0
W4459,2025-12-16 17:04:20.064563,31.6,56.2,0.0,0.0,38,1.6,65.4,0.0,0,0.0
W4460,2025-11-09 17:04:20.064563,36.9,43.3,0.0,0.0,82,1.7,93.2,3.799999999999997,0,0.0
W4461,2025-09-04 17:04:20.064563,43.5,49.7,1.5,1.5,63,1.2,63.4,17.0,1,152.11
W4462,2025-05-21 17:04:20.064563,33.4,61.3,15.1,15.1,46,0.6,72.0,3.775,0,0.0
W4463,2024-07-11 17:04:20.064563,36.6,53.8,0.0,0.0,86,0.0,81.1,3.200000000000003,0,0.0
W4464,2025-05-16 17:04:20.064563,19.2,99.4,0.0,0.0,108,0.6,10.6,0.0,0,0.0
W4465,2024-08-18 17:04:20.064563,13.4,80.4,0.0,0.0,44,0.8,69.6,0.0,0,0.0
W4466,2024-08-16 17:04:20.064563,33.5,77.5,0.0,0.0,59,1.5,31.9,1.3125,0,0.0
W4467,2025-10-19 17:04:20.064563,29.2,66.6,0.0,0.0,78,0.0,82.3,0.0,0,0.0
W4468,2025-11-10 17:04:20.064563,26.1,52.5,0.0,0.0,57,0.0,48.0,0.0,0,0.0
W4469,2025-11-04 17:04:20.064563,28.9,64.9,0.4,0.4,49,0.2,58.1,0.0,0,0.0
W4470,2024-06-28 17:04:20.064563,28.2,77.2,0.1,0.1,105,0.0,26.0,0.0,1,32.49
W4471,2024-07-04 17:04:20.064563,37.8,49.6,0.0,0.0,59,0.3,65.1,5.599999999999994,1,58.85
W4472,2025-10-15 17:04:20.064563,37.9,38.3,0.0,0.0,53,1.1,3.6,5.799999999999997,0,0.0
W4473,2024-06-29 17:04:20.064563,30.4,62.7,2.4,2.4,52,2.4,74.9,0.0,0,0.0
W4474,2025-01-04 17:04:20.064563,33.5,51.2,5.7,5.7,90,0.1,16.3,0.0,0,0.0
W4475,2025-09-17 17:04:20.064563,30.1,69.7,1.3,1.3,63,0.9,22.8,0.0,0,0.0
W4476,2025-03-05 17:04:20.064563,20.4,87.2,6.6,6.6,38,0.0,0.1,0.0,0,0.0
W4477,2025-05-12 17:04:20.064563,32.6,50.6,0.0,0.0,63,1.6,31.3,0.0,0,0.0
W4478,2024-12-13 17:04:20.064563,11.1,86.4,9.7,9.7,59,0.0,38.8,0.0,0,0.0
W4479,2025-04-14 17:04:20.064563,35.5,64.3,1.6,1.6,94,0.3,23.4,1.0,0,0.0
W4480,2026-01-17 17:04:20.064563,13.1,81.8,1.1,1.1,93,0.6,23.0,0.0,0,0.0
W4481,2025-07-28 17:04:20.064563,27.9,57.4,8.9,8.9,46,0.4,89.3,0.0,0,0.0
W4482,2025-10-24 17:04:20.064563,16.5,73.4,2.0,2.0,64,0.0,32.6,0.0,1,29.71
W4483,2025-12-01 17:04:20.064563,30.5,67.7,2.7,2.7,116,0.0,72.2,0.0,0,0.0
W4484,2025-07-15 17:04:20.064563,24.7,76.1,0.0,0.0,99,1.0,23.7,0.0,0,0.0
W4485,2024-04-25 17:04:20.064563,9.1,89.6,5.0,5.0,64,0.3,80.9,0.0,0,0.0
W4486,2024-09-10 17:04:20.064563,29.2,66.2,2.9,2.9,27,0.1,67.8,0.0,0,0.0
W4487,2024-12-25 17:04:20.064563,19.2,96.4,1.4,1.4,66,0.9,75.6,0.0,0,0.0
W4488,2025-05-04 17:04:20.064563,33.8,49.5,7.2,7.2,37,0.8,44.0,0.0,0,0.0
W4489,2024-08-12 17:04:20.064563,25.0,53.0,1.0,1.0,59,0.4,88.0,0.0,0,0.0
W4490,2025-12-11 17:04:20.064563,29.0,71.1,0.0,0.0,59,0.6,37.4,0.0,0,0.0
W4491,2025-12-01 17:04:20.064563,15.4,85.8,0.0,0.0,73,0.0,60.1,0.0,1,38.39
W4492,2026-02-13 17:04:20.064563,19.1,74.2,8.2,8.2,63,0.5,64.0,0.0,0,0.0
W4493,2026-02-26 17:04:20.064563,20.4,85.9,0.0,0.0,63,0.0,95.2,0.0,0,0.0
W4494,2025-05-03 17:04:20.064563,33.6,68.0,1.0,1.0,50,0.0,13.5,0.0,0,0.0
W4495,2024-04-26 17:04:20.064563,41.8,25.3,2.6,2.6,68,0.7,13.6,13.599999999999994,1,154.74
W4496,2025-04-27 17:04:20.064563,16.9,78.1,0.0,0.0,67,0.0,46.2,0.0,0,0.0
W4497,2025-02-20 17:04:20.064563,35.8,79.5,0.7,0.7,37,0.1,91.8,4.354999999999993,0,0.0
W4498,2026-02-23 17:04:20.064563,3.3,100.0,1.4,1.4,86,0.3,2.2,0.0,0,0.0
W4499,2024-11-16 17:04:20.064563,13.1,97.2,0.0,0.0,62,0.0,27.6,0.0,0,0.0
W4500,2024-05-07 17:04:20.064563,15.4,98.6,0.0,0.0,71,1.1,28.4,0.0,0,0.0
W4501,2025-07-17 17:04:20.064563,11.5,93.0,0.0,0.0,71,0.3,30.5,0.0,0,0.0
W4502,2024-12-18 17:04:20.064563,9.2,100.0,0.0,0.0,75,0.0,2.5,0.0,0,0.0
W4503,2025-04-03 17:04:20.064563,29.1,73.5,0.0,0.0,78,0.1,82.6,0.0,0,0.0
W4504,2024-04-07 17:04:20.064563,22.9,81.1,9.7,9.7,29,1.5,0.9,0.0,0,0.0
W4505,2025-02-26 17:04:20.064563,28.8,63.6,13.6,13.6,54,0.0,47.8,3.4,0,0.0
W4506,2025-01-22 17:04:20.064563,31.9,63.9,0.0,0.0,67,0.0,5.6,0.0,0,0.0
W4507,2025-01-30 17:04:20.064563,27.7,62.6,0.0,0.0,96,0.0,79.9,0.0,0,0.0
W4508,2024-12-30 17:04:20.064563,31.6,62.8,0.0,0.0,90,0.0,74.7,0.0,0,0.0
W4509,2025-08-03 17:04:20.064563,24.3,61.9,0.0,0.0,100,0.0,72.2,0.0,0,0.0
W4510,2026-02-28 17:04:20.064563,13.1,82.4,6.6,6.6,41,1.4,73.6,0.0,0,0.0
W4511,2026-02-17 17:04:20.064563,35.6,53.8,0.0,0.0,98,0.9,94.0,1.2000000000000028,0,0.0
W4512,2024-06-26 17:04:20.064563,19.1,71.9,1.9,1.9,70,1.1,41.7,0.0,0,0.0
W4513,2024-11-06 17:04:20.064563,15.6,81.5,0.0,0.0,86,0.0,86.2,0.0,0,0.0
W4514,2024-08-02 17:04:20.064563,23.2,73.5,0.0,0.0,85,0.1,18.4,0.0,0,0.0
W4515,2025-01-19 17:04:20.064563,15.9,90.2,0.6,0.6,79,1.1,45.1,0.0,0,0.0
W4516,2025-06-14 17:04:20.064563,20.8,88.3,0.0,0.0,49,0.0,0.9,0.0,0,0.0
W4517,2025-02-09 17:04:20.064563,28.4,62.7,0.0,0.0,90,0.0,28.4,0.0,0,0.0
W4518,2024-12-18 17:04:20.064563,28.5,80.6,0.0,0.0,77,0.0,45.8,0.0,0,0.0
W4519,2025-05-18 17:04:20.064563,16.0,95.4,0.0,0.0,40,0.8,90.9,0.0,0,0.0
W4520,2025-11-27 17:04:20.064563,20.1,84.9,4.2,4.2,51,0.0,31.7,0.0,0,0.0
W4521,2026-01-08 17:04:20.064563,35.7,57.9,0.0,0.0,45,0.0,67.2,1.4000000000000057,0,0.0
W4522,2024-06-17 17:04:20.064563,30.0,68.2,5.3,5.3,30,0.0,83.4,0.0,0,0.0
W4523,2024-09-26 17:04:20.064563,45.0,54.4,0.0,0.0,85,1.5,32.7,20.0,1,237.37
W4524,2025-06-13 17:04:20.064563,36.8,67.0,0.0,0.0,38,0.1,16.9,3.5999999999999943,0,0.0
W4525,2024-10-20 17:04:20.064563,36.4,68.7,0.0,0.0,41,0.8,59.1,2.799999999999997,0,0.0
W4526,2025-05-08 17:04:20.064563,11.1,93.7,0.0,0.0,107,0.4,28.4,0.0,0,0.0
W4527,2025-07-27 17:04:20.064563,32.6,66.6,0.0,0.0,58,0.0,65.2,0.0,0,0.0
W4528,2025-08-28 17:04:20.064563,24.5,86.7,0.0,0.0,79,0.0,13.5,0.0,0,0.0
W4529,2025-04-04 17:04:20.064563,19.5,74.5,3.0,3.0,82,0.0,15.2,0.0,0,0.0
W4530,2024-05-14 17:04:20.064563,26.7,66.8,0.0,0.0,81,1.1,67.6,0.0,0,0.0
W4531,2025-08-27 17:04:20.064563,34.5,58.5,0.0,0.0,68,0.0,97.4,0.0,0,0.0
W4532,2024-08-27 17:04:20.064563,30.0,74.0,5.5,5.5,53,1.9,24.7,0.0,0,0.0
W4533,2024-05-24 17:04:20.064563,16.2,94.8,3.6,3.6,68,0.8,71.4,0.0,0,0.0
W4534,2025-01-30 17:04:20.064563,32.4,59.1,5.7,5.7,48,0.2,53.2,0.0,0,0.0
W4535,2026-03-14 17:04:20.064563,18.6,67.0,0.1,0.1,77,0.0,84.4,0.0,0,0.0
W4536,2025-08-18 17:04:20.064563,27.2,71.7,7.5,7.5,43,0.9,38.9,0.0,0,0.0
W4537,2025-05-05 17:04:20.064563,22.0,67.9,1.2,1.2,57,0.0,97.2,0.0,1,46.32
W4538,2024-08-03 17:04:20.064563,22.8,60.9,0.0,0.0,99,0.4,8.2,0.0,0,0.0
W4539,2025-09-05 17:04:20.064563,32.7,48.4,0.0,0.0,52,0.3,98.5,0.0,0,0.0
W4540,2025-10-21 17:04:20.064563,14.6,91.4,0.0,0.0,61,1.8,84.6,0.0,0,0.0
W4541,2024-04-16 17:04:20.064563,44.5,56.9,0.0,0.0,69,0.0,86.6,19.0,1,169.46
W4542,2024-09-11 17:04:20.064563,6.8,100.0,0.0,0.0,70,0.0,84.2,0.0,0,0.0
W4543,2024-10-01 17:04:20.064563,19.0,83.6,4.6,4.6,56,0.0,86.2,0.0,0,0.0
W4544,2024-10-09 17:04:20.064563,28.7,78.8,0.0,0.0,34,0.0,81.5,0.0,0,0.0
W4545,2024-05-16 17:04:20.064563,30.8,48.3,0.0,0.0,62,1.5,90.0,0.0,0,0.0
W4546,2024-11-28 17:04:20.064563,24.0,79.2,0.0,0.0,63,0.0,46.1,0.0,0,0.0
W4547,2024-04-20 17:04:20.064563,24.4,73.2,4.8,4.8,71,0.0,93.9,0.0,0,0.0
W4548,2025-06-28 17:04:20.064563,29.1,72.0,0.0,0.0,72,0.2,38.5,0.0,0,0.0
W4549,2024-05-08 17:04:20.064563,22.7,71.1,0.0,0.0,81,0.0,72.9,0.0,1,41.68
W4550,2025-03-22 17:04:20.064563,38.9,43.4,0.0,0.0,36,0.3,71.0,7.799999999999997,1,61.02
W4551,2026-03-09 17:04:20.064563,33.4,61.3,0.6,0.6,34,0.6,82.1,0.0,0,0.0
W4552,2024-10-07 17:04:20.064563,33.7,75.9,5.4,5.4,51,0.1,73.8,1.091500000000002,0,0.0
W4553,2024-12-23 17:04:20.064563,15.3,95.6,0.0,0.0,77,0.0,3.5,0.0,0,0.0
W4554,2025-03-30 17:04:20.064563,24.2,68.6,0.0,0.0,50,0.0,73.9,0.0,0,0.0
W4555,2025-07-06 17:04:20.064563,22.0,63.6,0.0,0.0,39,0.6,2.3,0.0,0,0.0
W4556,2025-08-17 17:04:20.064563,14.9,70.8,0.0,0.0,21,0.2,53.3,0.0,0,0.0
W4557,2025-04-28 17:04:20.064563,28.6,80.3,0.0,0.0,60,1.9,83.9,0.0,0,0.0
W4558,2025-12-28 17:04:20.064563,19.6,71.0,0.0,0.0,50,1.1,83.0,0.0,0,0.0
W4559,2024-07-22 17:04:20.064563,31.6,59.4,0.0,0.0,43,0.0,84.1,0.0,0,0.0
W4560,2026-02-13 17:04:20.064563,14.3,100.0,8.8,8.8,51,1.1,60.2,0.0,1,19.68
W4561,2024-04-18 17:04:20.064563,42.2,30.6,0.0,0.0,49,0.0,18.4,14.400000000000006,0,0.0
W4562,2024-11-20 17:04:20.064563,16.0,100.0,0.0,0.0,50,0.8,50.8,0.0,0,0.0
W4563,2025-04-03 17:04:20.064563,27.2,66.7,0.0,0.0,67,1.5,51.6,0.0,1,40.38
W4564,2025-07-31 17:04:20.064563,32.9,49.1,0.7,0.7,91,1.9,32.5,0.0,0,0.0
W4565,2025-11-16 17:04:20.064563,19.3,78.6,0.0,0.0,39,0.0,42.4,0.0,0,0.0
W4566,2025-06-17 17:04:20.064563,33.5,52.5,0.0,0.0,30,0.7,87.2,0.0,0,0.0
W4567,2024-09-15 17:04:20.064563,12.7,95.3,0.0,0.0,27,1.0,51.8,0.0,0,0.0
W4568,2025-07-16 17:04:20.064563,39.5,44.2,0.0,0.0,56,0.5,70.5,9.0,1,40.17
W4569,2025-11-08 17:04:20.064563,25.1,53.2,0.0,0.0,24,0.0,49.6,0.0,0,0.0
W4570,2025-10-03 17:04:20.064563,19.0,79.2,0.0,0.0,38,0.2,61.7,0.0,0,0.0
W4571,2025-03-11 17:04:20.064563,22.0,63.4,2.0,2.0,35,0.6,9.3,0.0,0,0.0
W4572,2025-03-05 17:04:20.064563,33.1,62.4,0.7,0.7,74,0.0,93.1,0.0,1,25.99
W4573,2024-09-01 17:04:20.064563,19.2,69.4,7.4,7.4,53,0.0,43.6,0.0,0,0.0
W4574,2024-12-07 17:04:20.064563,17.5,78.9,0.0,0.0,15,0.0,74.8,0.0,0,0.0
W4575,2026-02-21 17:04:20.064563,22.8,77.6,0.0,0.0,75,0.9,66.7,0.0,0,0.0
W4576,2024-06-18 17:04:20.064563,13.2,88.0,5.3,5.3,15,0.4,79.9,0.0,0,0.0
W4577,2025-01-03 17:04:20.064563,43.2,47.7,0.0,0.0,45,0.5,3.5,16.400000000000006,1,215.34
W4578,2024-04-15 17:04:20.064563,19.3,87.8,1.3,1.3,22,0.0,93.5,0.0,0,0.0
W4579,2025-04-17 17:04:20.064563,33.3,48.4,0.0,0.0,33,0.4,83.0,0.0,0,0.0
W4580,2024-05-07 17:04:20.064563,27.1,68.7,0.0,0.0,21,0.0,83.4,0.0,0,0.0
W4581,2024-08-31 17:04:20.064563,15.2,54.0,0.0,0.0,74,0.0,46.7,0.0,0,0.0
W4582,2025-10-24 17:04:20.064563,24.9,75.1,9.5,9.5,18,0.0,79.6,0.0,0,0.0
W4583,2024-10-23 17:04:20.064563,32.8,57.7,0.0,0.0,44,0.0,57.5,0.0,0,0.0
W4584,2024-10-30 17:04:20.064563,23.1,65.5,3.2,3.2,15,0.0,50.3,0.0,0,0.0
W4585,2026-01-09 17:04:20.064563,36.9,57.8,0.0,0.0,15,0.4,78.5,3.799999999999997,0,0.0
W4586,2024-11-03 17:04:20.064563,35.2,68.9,0.5,0.5,28,1.9,62.8,0.4000000000000057,0,0.0
W4587,2026-02-09 17:04:20.064563,34.2,54.0,3.6,3.6,40,0.1,7.7,0.0,0,0.0
W4588,2024-10-15 17:04:20.064563,20.4,69.9,0.8,0.8,33,0.0,31.5,0.0,0,0.0
W4589,2024-12-18 17:04:20.064563,14.2,90.3,0.0,0.0,56,2.5,62.2,0.0,0,0.0
W4590,2026-01-14 17:04:20.064563,18.9,68.3,0.0,0.0,38,0.0,90.4,0.0,0,0.0
W4591,2025-05-11 17:04:20.064563,27.0,63.0,1.4,1.4,33,0.5,93.3,0.0,0,0.0
W4592,2025-08-25 17:04:20.064563,30.5,76.5,9.5,9.5,27,1.6,83.9,0.1625,0,0.0
W4593,2024-04-07 17:04:20.064563,3.3,100.0,0.0,0.0,36,0.0,25.4,0.0,0,0.0
W4594,2026-02-14 17:04:20.064563,24.9,53.8,1.1,1.1,51,0.9,47.3,0.0,0,0.0
W4595,2024-03-27 17:04:20.064563,26.6,52.2,3.1,3.1,38,0.2,43.3,0.0,0,0.0
W4596,2025-07-16 17:04:20.064563,22.2,78.3,0.0,0.0,51,0.0,43.9,0.0,0,0.0
W4597,2024-07-31 17:04:20.064563,37.9,61.8,0.0,0.0,47,0.0,5.0,5.799999999999997,0,0.0
W4598,2026-01-09 17:04:20.064563,29.2,50.0,0.0,0.0,59,0.0,17.4,0.0,0,0.0
W4599,2024-09-11 17:04:20.064563,38.1,57.3,0.0,0.0,48,0.0,15.3,6.200000000000003,0,0.0
W4600,2025-11-23 17:04:20.064563,22.8,89.0,2.2,2.2,62,0.0,61.7,0.0,0,0.0
W4601,2024-03-26 17:04:20.064563,34.4,77.3,0.4,0.4,19,0.0,41.2,1.6059999999999988,1,53.49
W4602,2024-11-02 17:04:20.064563,41.4,51.3,2.0,2.0,43,0.0,32.4,12.799999999999997,1,136.47
W4603,2024-12-01 17:04:20.064563,38.1,57.9,0.0,0.0,15,0.5,44.4,6.200000000000003,0,0.0
W4604,2025-11-30 17:04:20.064563,14.1,67.6,17.2,17.2,15,0.5,32.4,4.3,0,0.0
W4605,2025-01-24 17:04:20.064563,22.5,97.3,0.0,0.0,31,0.0,75.7,0.0,0,0.0
W4606,2026-03-17 17:04:20.064563,21.5,71.9,4.2,4.2,39,0.1,16.7,0.0,0,0.0
W4607,2026-03-14 17:04:20.064563,29.9,55.8,0.0,0.0,62,0.0,5.6,0.0,0,0.0
W4608,2026-01-05 17:04:20.064563,31.9,59.7,0.0,0.0,44,0.0,65.1,0.0,0,0.0
W4609,2024-12-24 17:04:20.064563,16.6,100.0,0.0,0.0,20,0.0,23.1,0.0,0,0.0
W4610,2025-05-25 17:04:20.064563,25.7,93.6,0.1,0.1,15,0.5,64.3,0.0,0,0.0
W4611,2025-04-07 17:04:20.064563,4.8,100.0,0.0,0.0,38,0.0,5.9,0.0,0,0.0
W4612,2025-03-10 17:04:20.064563,39.4,60.9,0.0,0.0,21,1.0,24.7,8.799999999999997,1,92.43
W4613,2025-07-01 17:04:20.064563,19.9,80.6,1.8,1.8,36,1.2,15.4,0.0,0,0.0
W4614,2024-12-01 17:04:20.064563,25.6,61.3,0.0,0.0,16,0.0,29.1,0.0,0,0.0
W4615,2024-10-27 17:04:20.064563,21.9,91.9,21.1,21.1,15,0.0,32.9,10.55,1,87.79
W4616,2025-07-08 17:04:20.064563,36.5,49.1,0.0,0.0,21,0.0,49.5,3.0,0,0.0
W4617,2025-01-21 17:04:20.064563,-3.4,100.0,0.0,1.0,35,1.1,52.0,10.2,0,0.0
W4618,2026-02-09 17:04:20.064563,24.8,85.7,4.1,4.1,19,2.0,63.0,0.0,0,0.0
W4619,2025-09-02 17:04:20.064563,23.9,80.2,3.0,3.0,15,0.0,33.2,0.0,0,0.0
W4620,2025-12-16 17:04:20.064563,20.5,97.6,12.9,12.9,35,0.0,53.2,3.225,0,0.0
W4621,2025-04-28 17:04:20.064563,42.3,68.9,0.0,0.0,21,0.0,99.0,14.599999999999994,1,93.07
W4622,2025-11-06 17:04:20.064563,16.1,84.1,0.0,0.0,15,1.2,21.1,0.0,0,0.0
W4623,2024-06-30 17:04:20.064563,32.7,52.8,1.6,1.6,39,0.2,15.3,0.0,0,0.0
W4624,2024-03-25 17:04:20.064563,28.6,48.5,0.0,0.0,23,0.0,84.3,0.0,0,0.0
W4625,2025-08-23 17:04:20.064563,37.6,76.0,3.3,3.3,15,2.3,41.0,7.480000000000003,1,68.78
W4626,2026-01-25 17:04:20.064563,18.3,78.1,0.0,0.0,19,1.0,84.7,0.0,0,0.0
W4627,2025-04-05 17:04:20.064563,17.7,94.8,0.5,0.5,18,0.5,42.5,0.0,0,0.0
W4628,2025-10-13 17:04:20.064563,36.0,48.6,0.0,0.0,56,0.0,2.2,2.0,0,0.0
W4629,2026-01-09 17:04:20.064563,29.3,81.5,1.0,1.0,29,1.2,37.5,0.0,0,0.0
W4630,2025-11-16 17:04:20.064563,9.6,88.7,0.0,0.0,27,0.9,61.0,0.0,0,0.0
W4631,2025-12-01 17:04:20.064563,19.6,68.7,0.0,0.0,17,0.0,44.8,0.0,0,0.0
W4632,2025-01-01 17:04:20.064563,28.9,64.6,0.0,0.0,56,1.1,45.9,0.0,0,0.0
W4633,2025-01-17 17:04:20.064563,33.4,54.6,0.0,0.0,38,1.0,99.8,0.0,0,0.0
W4634,2026-02-16 17:04:20.064563,18.2,88.7,0.0,0.0,41,0.3,54.4,0.0,0,0.0
W4635,2024-07-06 17:04:20.064563,-4.1,100.0,1.8,2.6,23,0.0,69.7,12.299999999999999,0,0.0
W4636,2025-07-24 17:04:20.064563,30.2,70.9,0.0,0.0,41,0.0,72.1,0.009000000000000025,0,0.0
W4637,2024-05-22 17:04:20.064563,12.8,87.9,0.0,0.0,29,0.0,0.0,0.0,0,0.0
W4638,2025-02-25 17:04:20.064563,4.8,96.1,0.0,0.0,15,1.3,55.2,0.0,0,0.0
W4639,2024-12-26 17:04:20.064563,-3.3,100.0,0.0,2.0,28,0.0,96.3,9.899999999999999,0,0.0
W4640,2026-01-02 17:04:20.064563,33.1,80.7,0.9,0.9,60,0.0,75.1,1.6585000000000012,0,0.0
W4641,2025-02-13 17:04:20.064563,26.3,72.8,0.0,0.0,24,0.0,34.0,0.0,0,0.0
W4642,2024-12-26 17:04:20.064563,22.7,56.0,2.8,2.8,40,1.7,36.5,0.0,0,0.0
W4643,2024-12-10 17:04:20.064563,38.9,46.5,2.2,2.2,39,0.0,30.4,7.799999999999997,0,0.0
W4644,2026-01-18 17:04:20.064563,31.4,63.9,0.0,0.0,31,0.3,63.0,0.0,0,0.0
W4645,2026-03-16 17:04:20.064563,41.2,66.7,8.5,8.5,36,0.0,9.7,12.400000000000006,1,78.46
W4646,2026-01-14 17:04:20.064563,11.1,100.0,0.0,0.0,15,0.9,29.0,0.0,0,0.0
W4647,2025-01-17 17:04:20.064563,24.7,63.8,0.0,0.0,15,1.1,49.8,0.0,0,0.0
W4648,2024-09-26 17:04:20.064563,8.8,100.0,7.4,7.4,39,0.0,53.5,0.0,0,0.0
W4649,2024-08-18 17:04:20.064563,22.7,75.6,0.0,0.0,15,0.0,60.7,0.0,0,0.0
W4650,2025-08-29 17:04:20.064563,22.5,88.7,0.0,0.0,22,0.8,79.7,0.0,0,0.0
W4651,2024-11-19 17:04:20.064563,31.3,51.6,0.0,0.0,55,0.0,16.3,0.0,1,55.52
W4652,2024-05-15 17:04:20.064563,25.5,47.8,1.5,1.5,21,1.1,22.5,0.0,0,0.0
W4653,2025-11-22 17:04:20.064563,31.2,49.1,0.0,0.0,53,0.3,87.2,0.0,0,0.0
W4654,2025-05-05 17:04:20.064563,32.0,29.4,0.0,0.0,15,0.0,83.1,0.0,0,0.0
W4655,2026-01-23 17:04:20.064563,45.0,63.6,2.4,2.4,27,1.9,82.2,20.0,1,467.65
W4656,2025-02-08 17:04:20.064563,21.8,79.4,0.0,0.0,21,0.5,20.9,0.0,0,0.0
W4657,2026-02-13 17:04:20.064563,15.6,77.4,9.3,9.3,31,0.1,5.8,0.0,0,0.0
W4658,2024-08-08 17:04:20.064563,27.5,73.3,0.0,0.0,15,0.6,52.3,0.0,0,0.0
W4659,2024-04-13 17:04:20.064563,17.0,86.4,0.0,0.0,15,0.0,87.0,0.0,0,0.0
W4660,2026-01-18 17:04:20.064563,39.8,56.5,0.0,0.0,15,0.6,23.8,9.599999999999994,0,0.0
W4661,2025-08-09 17:04:20.064563,22.2,88.8,2.8,2.8,15,1.3,90.4,0.0,0,0.0
W4662,2025-01-14 17:04:20.064563,19.3,78.1,0.0,0.0,15,1.7,14.2,0.0,1,22.71
W4663,2024-12-08 17:04:20.064563,20.3,70.8,14.3,14.3,15,1.7,29.8,3.575,0,0.0
W4664,2025-05-20 17:04:20.064563,32.2,70.0,3.1,3.1,36,0.6,29.8,0.0,0,0.0
W4665,2025-05-06 17:04:20.064563,23.4,82.9,3.0,3.0,42,0.6,15.1,0.0,0,0.0
W4666,2025-04-19 17:04:20.064563,18.6,83.1,0.0,0.0,28,1.3,87.3,0.0,0,0.0
W4667,2024-04-23 17:04:20.064563,41.7,69.3,6.4,6.4,15,2.2,41.3,13.400000000000006,1,145.71
W4668,2025-11-05 17:04:20.064563,16.4,81.0,0.0,0.0,15,1.0,19.1,0.0,1,33.81
W4669,2026-03-13 17:04:20.064563,25.4,63.0,0.0,0.0,15,1.7,14.7,0.0,1,28.62
W4670,2025-10-24 17:04:20.064563,31.5,66.9,0.0,0.0,28,2.1,42.1,0.0,0,0.0
W4671,2024-09-28 17:04:20.064563,8.7,90.2,0.0,0.0,15,2.2,1.7,0.0,0,0.0
W4672,2025-03-04 17:04:20.064563,29.8,70.3,1.5,1.5,47,3.5,12.1,0.0,0,0.0
W4673,2026-03-18 17:04:20.064563,14.4,80.0,0.0,0.0,15,1.3,0.4,0.0,0,0.0
W4674,2024-10-31 17:04:20.064563,33.2,56.2,0.0,0.0,15,1.2,2.4,0.0,0,0.0
W4675,2026-02-18 17:04:20.064563,15.4,100.0,0.0,0.0,20,2.5,99.7,0.0,0,0.0
W4676,2025-09-16 17:04:20.064563,31.9,58.1,0.0,0.0,31,2.9,44.9,0.0,0,0.0
W4677,2025-12-31 17:04:20.064563,36.1,47.9,0.0,0.0,58,2.1,72.9,2.200000000000003,1,26.2
W4678,2025-07-18 17:04:20.064563,33.6,71.3,0.0,0.0,15,1.7,73.7,0.2339999999999996,0,0.0
W4679,2026-02-03 17:04:20.064563,27.5,58.2,0.0,0.0,16,2.4,88.0,0.0,0,0.0
W4680,2025-03-20 17:04:20.064563,22.7,69.0,2.9,2.9,15,3.5,10.4,0.0,0,0.0
W4681,2025-08-19 17:04:20.064563,19.2,86.9,0.0,0.0,39,3.0,52.6,0.0,0,0.0
W4682,2025-01-19 17:04:20.064563,39.7,59.8,0.0,0.0,15,3.1,32.2,9.400000000000006,0,0.0
W4683,2024-09-08 17:04:20.064563,18.0,95.2,0.6,0.6,20,3.3,54.8,0.0,0,0.0
W4684,2026-01-20 17:04:20.064563,14.6,80.6,0.0,0.0,20,4.2,33.2,0.0,0,0.0
W4685,2025-10-10 17:04:20.064563,31.7,68.5,0.0,0.0,26,4.6,18.4,0.0,0,0.0
W4686,2024-09-19 17:04:20.064563,17.0,79.8,0.0,0.0,21,3.3,67.3,0.0,0,0.0
W4687,2025-01-12 17:04:20.064563,15.5,80.7,7.5,7.5,15,4.2,3.8,0.0,0,0.0
W4688,2024-06-25 17:04:20.064563,10.6,100.0,0.0,0.0,26,2.9,89.5,0.0,0,0.0
W4689,2025-07-13 17:04:20.064563,20.2,74.2,6.9,6.9,15,5.4,14.6,0.0,0,0.0
W4690,2024-07-27 17:04:20.064563,24.2,76.5,0.0,0.0,41,3.1,61.5,0.0,0,0.0
W4691,2024-12-07 17:04:20.064563,27.4,70.4,11.6,11.6,15,2.7,75.4,2.9,0,0.0
W4692,2025-10-11 17:04:20.064563,34.5,47.5,4.9,4.9,15,5.2,7.3,0.0,0,0.0
W4693,2024-09-21 17:04:20.064563,30.3,74.3,2.0,2.0,70,3.5,90.3,0.06450000000000011,0,0.0
W4694,2026-02-12 17:04:20.064563,23.1,81.0,0.0,0.0,60,4.1,35.6,0.0,0,0.0
W4695,2025-02-24 17:04:20.064563,23.0,55.6,0.0,0.0,76,3.1,99.7,0.0,0,0.0
W4696,2026-01-17 17:04:20.064563,30.1,67.6,10.7,10.7,15,4.3,6.9,2.675,0,0.0
W4697,2024-06-17 17:04:20.064563,37.7,45.7,3.1,3.1,15,3.5,71.7,5.400000000000006,0,0.0
W4698,2024-10-31 17:04:20.064563,26.3,81.6,14.3,14.3,15,6.6,16.1,3.575,0,0.0
W4699,2025-03-16 17:04:20.064563,20.3,65.1,0.0,0.0,50,5.1,40.3,0.0,0,0.0
W4700,2024-11-01 17:04:20.064563,15.1,83.8,0.0,0.0,32,3.8,44.3,0.0,0,0.0
W4701,2025-01-26 17:04:20.064563,10.5,97.8,5.7,5.7,15,4.1,40.6,0.0,0,0.0
W4702,2025-05-22 17:04:20.064563,31.7,63.0,0.0,0.0,15,3.7,33.8,0.0,0,0.0
W4703,2025-02-20 17:04:20.064563,30.8,71.5,11.1,11.1,16,5.3,76.7,2.835,0,0.0
W4704,2025-04-02 17:04:20.064563,30.8,48.7,0.0,0.0,17,2.6,82.0,0.0,0,0.0
W4705,2024-12-09 17:04:20.064563,23.7,90.9,16.8,16.8,15,2.6,33.6,4.2,0,0.0
W4706,2025-11-07 17:04:20.064563,39.1,56.6,0.0,0.0,26,3.3,48.3,8.200000000000003,0,0.0
W4707,2025-01-13 17:04:20.064563,20.2,93.4,0.0,0.0,15,5.1,42.2,0.0,0,0.0
W4708,2025-07-05 17:04:20.064563,34.6,66.9,0.0,0.0,20,3.8,59.4,0.0,0,0.0
W4709,2024-07-16 17:04:20.064563,24.6,73.0,0.0,0.0,24,6.2,15.0,0.0,0,0.0
W4710,2025-07-12 17:04:20.064563,18.9,68.8,0.0,0.0,39,4.3,80.6,0.0,0,0.0
W4711,2024-05-11 17:04:20.064563,30.9,58.0,2.6,2.6,39,3.4,79.7,0.0,0,0.0
W4712,2025-12-27 17:04:20.064563,29.1,82.3,0.0,0.0,41,3.8,59.0,0.0,0,0.0
W4713,2025-11-05 17:04:20.064563,28.6,81.0,0.0,0.0,52,5.2,74.6,0.0,0,0.0
W4714,2025-11-02 17:04:20.064563,25.8,65.1,0.0,0.0,31,3.8,98.9,0.0,0,0.0
W4715,2025-12-13 17:04:20.064563,24.6,44.9,6.4,6.4,15,1.1,92.3,0.0,0,0.0
W4716,2024-05-29 17:04:20.064563,45.0,40.4,0.0,0.0,36,3.3,61.1,20.0,1,232.83
W4717,2025-07-14 17:04:20.064563,36.8,51.9,0.0,0.0,18,3.5,51.1,3.5999999999999943,0,0.0
W4718,2024-10-03 17:04:20.064563,32.2,59.2,1.2,1.2,15,5.1,53.5,0.0,0,0.0
W4719,2025-08-12 17:04:20.064563,26.1,76.1,0.0,0.0,48,5.7,46.7,0.0,0,0.0
W4720,2024-07-18 17:04:20.064563,35.1,66.2,0.0,0.0,15,5.4,48.0,0.20000000000000284,0,0.0
W4721,2026-02-13 17:04:20.064563,30.2,74.6,0.0,0.0,51,4.0,73.2,0.04599999999999978,0,0.0
W4722,2025-04-12 17:04:20.064563,25.3,76.6,0.0,0.0,15,4.7,99.2,0.0,0,0.0
W4723,2025-09-11 17:04:20.064563,22.0,59.0,0.2,0.2,32,7.6,4.5,0.0,0,0.0
W4724,2025-01-17 17:04:20.064563,24.2,70.3,0.0,0.0,28,5.7,23.0,0.0,0,0.0
W4725,2025-05-15 17:04:20.064563,-5.0,100.0,0.0,8.7,62,5.9,21.0,15.0,1,125.15
W4726,2024-05-12 17:04:20.064563,27.1,73.1,4.6,4.6,43,3.7,83.3,0.0,0,0.0
W4727,2024-08-19 17:04:20.064563,20.1,83.5,6.6,6.6,15,5.7,42.0,0.0,0,0.0
W4728,2024-08-05 17:04:20.064563,40.9,52.2,5.3,5.3,27,5.7,52.5,11.799999999999997,1,140.68
W4729,2024-10-09 17:04:20.064563,25.2,76.4,6.6,6.6,55,6.3,46.9,0.0,0,0.0
W4730,2025-03-03 17:04:20.064563,13.1,66.5,0.0,0.0,72,3.6,85.4,0.0,0,0.0
W4731,2025-05-11 17:04:20.064563,24.5,70.9,4.4,4.4,15,4.5,50.0,0.0,0,0.0
W4732,2025-10-22 17:04:20.064563,14.5,87.8,2.3,2.3,65,5.6,66.8,0.0,0,0.0
W4733,2025-06-29 17:04:20.064563,29.7,78.2,0.0,0.0,68,8.6,1.9,1.1999999999999993,0,0.0
W4734,2024-08-11 17:04:20.064563,27.9,68.6,0.0,0.0,47,7.0,65.2,0.0,0,0.0
W4735,2025-02-04 17:04:20.064563,34.6,41.7,17.5,17.5,15,7.3,24.1,4.375,0,0.0
W4736,2024-09-18 17:04:20.064563,17.1,88.7,2.2,2.2,29,3.7,86.7,0.0,0,0.0
W4737,2024-06-08 17:04:20.064563,25.3,64.0,0.6,0.6,19,5.6,75.2,0.0,0,0.0
W4738,2025-07-30 17:04:20.064563,11.3,80.8,0.0,0.0,53,7.4,10.9,0.0,0,0.0
W4739,2025-02-21 17:04:20.064563,32.0,53.6,5.6,5.6,32,6.2,10.3,0.0,0,0.0
W4740,2025-12-24 17:04:20.064563,30.2,70.1,0.0,0.0,56,6.8,29.3,0.0009999999999999397,0,0.0
W4741,2024-09-15 17:04:20.064563,30.0,77.7,7.6,7.6,41,7.8,12.6,0.0,0,0.0
W4742,2025-02-01 17:04:20.064563,25.0,77.3,12.8,12.8,73,6.5,74.0,3.2,0,0.0
W4743,2025-12-27 17:04:20.064563,29.1,72.6,0.0,0.0,72,4.1,98.7,0.0,0,0.0
W4744,2024-05-16 17:04:20.064563,41.0,53.2,0.0,0.0,60,4.6,65.5,12.0,1,134.67
W4745,2024-03-22 17:04:20.064563,22.1,77.8,15.9,15.9,15,5.1,24.9,3.975,0,0.0
W4746,2025-06-23 17:04:20.064563,26.4,77.4,6.7,6.7,44,4.5,56.4,0.0,0,0.0
W4747,2024-12-23 17:04:20.064563,14.1,64.6,0.0,0.0,82,3.8,80.6,0.0,0,0.0
W4748,2024-10-18 17:04:20.064563,16.3,86.6,0.0,0.0,43,5.8,96.2,0.0,0,0.0
W4749,2024-09-06 17:04:20.064563,26.0,60.6,6.0,6.0,83,7.8,0.5,0.0,0,0.0
W4750,2025-10-29 17:04:20.064563,36.0,67.6,0.0,0.0,63,5.8,52.4,2.0,0,0.0
W4751,2024-08-27 17:04:20.064563,22.4,74.9,0.0,0.0,58,7.3,45.3,0.0,0,0.0
W4752,2025-08-01 17:04:20.064563,22.6,76.3,0.0,0.0,33,6.9,41.4,0.0,0,0.0
W4753,2024-06-16 17:04:20.064563,20.9,63.6,3.2,3.2,77,5.7,50.4,0.0,0,0.0
W4754,2024-07-28 17:04:20.064563,19.7,90.7,0.0,0.0,38,7.5,40.4,0.0,0,0.0
W4755,2025-12-07 17:04:20.064563,27.9,74.3,17.8,17.8,15,5.8,34.4,4.45,0,0.0
W4756,2025-06-05 17:04:20.064563,10.0,100.0,1.3,1.3,15,7.7,11.5,0.0,0,0.0
W4757,2025-12-26 17:04:20.064563,37.8,45.2,1.9,1.9,70,4.6,50.0,5.599999999999994,0,0.0
W4758,2025-05-31 17:04:20.064563,18.3,74.7,0.0,0.0,68,4.9,82.1,0.0,1,16.84
W4759,2025-05-05 17:04:20.064563,32.2,63.9,6.6,6.6,44,8.4,10.5,0.8000000000000007,0,0.0
W4760,2025-05-31 17:04:20.064563,12.3,84.6,0.0,0.0,72,5.8,73.8,0.0,0,0.0
W4761,2025-07-19 17:04:20.064563,31.7,66.8,11.2,11.2,48,7.6,26.8,2.8,0,0.0
W4762,2025-04-14 17:04:20.064563,31.7,40.8,0.0,0.0,51,9.1,38.1,2.1999999999999993,0,0.0
W4763,2024-03-22 17:04:20.064563,28.8,61.9,0.0,0.0,43,3.6,98.8,0.0,0,0.0
W4764,2024-04-25 17:04:20.064563,15.1,100.0,0.0,0.0,25,4.1,67.5,0.0,0,0.0
W4765,2025-09-15 17:04:20.064563,27.5,73.2,0.0,0.0,56,5.3,71.9,0.0,0,0.0
W4766,2024-10-08 17:04:20.064563,13.2,91.9,0.0,0.0,34,4.3,60.2,0.0,0,0.0
W4767,2025-04-04 17:04:20.064563,22.5,96.1,0.0,0.0,64,5.1,32.2,0.0,0,0.0
W4768,2024-04-01 17:04:20.064563,35.3,33.7,0.0,0.0,58,4.6,67.5,0.5999999999999943,0,0.0
W4769,2025-02-10 17:04:20.064563,33.0,52.4,0.0,0.0,54,7.6,45.7,0.0,0,0.0
W4770,2025-09-12 17:04:20.064563,25.2,68.3,0.0,0.0,83,4.9,83.2,0.0,0,0.0
W4771,2024-09-29 17:04:20.064563,15.3,95.7,3.3,3.3,36,5.5,57.1,0.0,0,0.0
W4772,2024-04-05 17:04:20.064563,31.5,71.6,0.0,0.0,26,2.7,77.1,0.11999999999999958,0,0.0
W4773,2026-02-08 17:04:20.064563,25.2,63.5,8.4,8.4,42,3.5,84.9,0.0,0,0.0
W4774,2024-03-22 17:04:20.064563,1.8,100.0,0.0,1.0,49,5.6,82.1,0.0,0,0.0
W4775,2025-12-19 17:04:20.064563,32.8,56.7,4.8,4.8,57,5.3,40.2,0.0,0,0.0
W4776,2024-11-27 17:04:20.064563,24.8,85.0,1.5,1.5,43,7.8,36.9,0.0,0,0.0
W4777,2024-11-04 17:04:20.064563,37.0,44.1,0.0,0.0,74,4.3,86.9,4.0,0,0.0
W4778,2026-02-26 17:04:20.064563,14.0,87.7,0.0,0.0,46,6.1,14.3,0.0,0,0.0
W4779,2025-03-05 17:04:20.064563,-5.0,100.0,5.6,6.5,35,5.4,27.9,15.0,1,151.62
W4780,2025-01-31 17:04:20.064563,27.8,78.9,0.0,0.0,79,6.1,12.1,0.0,0,0.0
W4781,2024-07-28 17:04:20.064563,27.9,62.9,0.0,0.0,66,4.9,4.2,0.0,0,0.0
W4782,2024-07-01 17:04:20.064563,8.1,97.4,0.0,0.0,44,5.4,61.6,0.0,0,0.0
W4783,2025-04-14 17:04:20.064563,15.2,92.2,2.5,2.5,44,3.9,90.1,0.0,0,0.0
W4784,2025-08-15 17:04:20.064563,45.0,48.0,1.8,1.8,57,5.6,12.9,20.0,1,259.09
W4785,2025-11-10 17:04:20.064563,21.9,86.0,0.0,0.0,46,3.6,79.6,0.0,0,0.0
W4786,2025-01-25 17:04:20.064563,32.3,63.6,2.9,2.9,57,5.7,37.9,0.0,0,0.0
W4787,2024-09-05 17:04:20.064563,18.5,78.1,0.0,0.0,64,6.2,61.8,0.0,0,0.0
W4788,2024-05-23 17:04:20.064563,4.1,100.0,0.0,0.0,51,5.2,76.4,0.0,0,0.0
W4789,2024-05-03 17:04:20.064563,23.3,75.3,1.6,1.6,80,3.9,71.0,0.0,0,0.0
W4790,2025-01-17 17:04:20.064563,22.3,79.0,0.0,0.0,50,4.5,13.7,0.0,0,0.0
W4791,2025-01-09 17:04:20.064563,21.0,77.0,0.0,0.0,96,3.8,11.5,0.0,0,0.0
W4792,2025-06-27 17:04:20.064563,23.9,74.4,0.0,0.0,67,3.1,92.4,0.0,0,0.0
W4793,2025-09-01 17:04:20.064563,27.6,53.4,0.0,0.0,58,4.4,7.9,0.0,0,0.0
W4794,2025-11-18 17:04:20.064563,23.5,81.4,0.0,0.0,83,4.9,21.8,0.0,0,0.0
W4795,2025-09-05 17:04:20.064563,12.4,93.3,0.3,0.3,72,4.4,43.8,0.0,0,0.0
W4796,2025-02-26 17:04:20.064563,29.9,75.2,0.0,0.0,88,3.7,82.1,0.0,0,0.0
W4797,2025-06-05 17:04:20.064563,5.5,100.0,0.0,0.0,33,2.3,60.3,0.0,0,0.0
W4798,2026-02-19 17:04:20.064563,4.5,85.9,0.0,0.0,84,2.6,57.1,0.0,0,0.0
W4799,2024-08-02 17:04:20.064563,32.4,57.8,0.0,0.0,63,2.8,69.2,0.0,0,0.0
W4800,2025-03-03 17:04:20.064563,30.1,62.9,0.0,0.0,75,3.1,80.2,0.0,0,0.0
W4801,2025-08-01 17:04:20.064563,24.4,80.8,9.5,9.5,53,4.2,23.3,0.0,0,0.0
W4802,2025-03-20 17:04:20.064563,11.0,72.7,0.9,0.9,100,7.0,1.9,0.0,0,0.0
W4803,2024-09-26 17:04:20.064563,17.9,83.5,0.0,0.0,38,1.8,12.7,0.0,0,0.0
W4804,2024-09-02 17:04:20.064563,22.4,81.6,0.0,0.0,107,5.0,16.5,0.0,0,0.0
W4805,2025-05-05 17:04:20.064563,9.0,89.8,0.0,0.0,89,5.1,4.0,0.0,0,0.0
W4806,2024-04-06 17:04:20.064563,17.6,84.3,1.8,1.8,75,1.6,74.8,0.0,0,0.0
W4807,2024-11-06 17:04:20.064563,31.5,56.4,0.0,0.0,47,1.7,88.5,0.0,0,0.0
W4808,2024-11-02 17:04:20.064563,39.3,43.8,0.1,0.1,42,4.2,71.1,8.599999999999994,1,72.66
W4809,2024-07-30 17:04:20.064563,20.8,74.7,2.6,2.6,60,2.7,18.9,0.0,0,0.0
W4810,2024-10-20 17:04:20.064563,32.6,54.0,0.0,0.0,89,1.8,60.6,0.0,0,0.0
W4811,2024-04-09 17:04:20.064563,5.9,100.0,17.1,17.1,42,2.6,52.1,4.275,0,0.0
W4812,2025-11-11 17:04:20.064563,31.6,55.3,4.4,4.4,80,2.4,82.0,0.0,0,0.0
W4813,2025-08-16 17:04:20.064563,17.0,75.5,10.1,10.1,28,2.6,94.2,2.525,0,0.0
W4814,2024-09-07 17:04:20.064563,28.1,85.6,0.0,0.0,78,2.9,74.3,0.0,0,0.0
W4815,2024-07-22 17:04:20.064563,22.5,85.8,0.0,0.0,99,2.9,51.3,0.0,0,0.0
W4816,2025-03-28 17:04:20.064563,38.2,34.1,0.0,0.0,107,0.1,51.1,6.400000000000006,1,79.1
W4817,2026-03-16 17:04:20.064563,16.3,78.0,1.0,1.0,51,1.5,80.8,0.0,0,0.0
W4818,2026-01-13 17:04:20.064563,31.3,65.5,0.0,0.0,71,3.0,12.3,0.0,0,0.0
W4819,2024-04-25 17:04:20.064563,22.2,79.9,0.0,0.0,71,2.8,15.3,0.0,0,0.0
W4820,2025-04-06 17:04:20.064563,23.4,60.0,0.0,0.0,66,1.1,34.4,0.0,0,0.0
W4821,2026-01-02 17:04:20.064563,23.2,86.8,0.0,0.0,97,0.3,74.7,0.0,0,0.0
W4822,2024-12-04 17:04:20.064563,16.5,93.4,0.0,0.0,136,0.8,6.6,0.0,0,0.0
W4823,2025-09-16 17:04:20.064563,24.9,77.5,0.0,0.0,56,2.0,34.4,0.0,0,0.0
W4824,2025-12-16 17:04:20.064563,24.4,87.0,0.0,0.0,87,2.4,31.9,0.0,0,0.0
W4825,2024-05-06 17:04:20.064563,27.4,73.4,0.0,0.0,85,1.3,48.6,0.0,0,0.0
W4826,2025-11-16 17:04:20.064563,25.8,75.7,0.0,0.0,85,0.0,46.4,0.0,0,0.0
W4827,2024-05-06 17:04:20.064563,33.0,76.1,0.0,0.0,106,1.0,71.4,0.9149999999999991,0,0.0
W4828,2026-01-24 17:04:20.064563,34.2,69.7,0.0,0.0,87,0.0,62.6,0.0,0,0.0
W4829,2024-07-06 17:04:20.064563,14.5,79.8,0.0,0.0,37,0.0,90.3,0.0,0,0.0
W4830,2026-01-16 17:04:20.064563,33.7,65.8,0.0,0.0,51,0.4,18.1,0.0,1,30.92
W4831,2024-04-07 17:04:20.064563,13.1,83.7,0.4,0.4,57,0.0,43.2,0.0,0,0.0
W4832,2024-05-06 17:04:20.064563,30.9,68.7,0.0,0.0,64,0.0,40.0,0.0,0,0.0
W4833,2026-02-22 17:04:20.064563,31.2,68.0,0.0,0.0,77,2.0,11.3,0.0,0,0.0
W4834,2024-07-14 17:04:20.064563,5.9,87.3,23.4,23.4,28,0.0,16.5,11.7,0,0.0
W4835,2025-05-18 17:04:20.064563,25.9,69.9,0.0,0.0,43,0.0,33.7,0.0,0,0.0
W4836,2025-06-15 17:04:20.064563,20.3,82.2,0.0,0.0,47,0.0,73.5,0.0,0,0.0
W4837,2025-04-11 17:04:20.064563,17.4,79.5,4.9,4.9,27,1.2,15.0,0.0,0,0.0
W4838,2024-07-22 17:04:20.064563,38.5,55.4,0.0,0.0,48,0.3,26.5,7.0,0,0.0
W4839,2025-09-29 17:04:20.064563,18.5,90.4,0.0,0.0,99,0.0,67.6,0.0,0,0.0
W4840,2024-12-01 17:04:20.064563,16.9,84.3,0.0,0.0,74,0.0,59.7,0.0,0,0.0
W4841,2025-07-16 17:04:20.064563,25.8,73.6,2.6,2.6,55,1.1,10.4,0.0,1,28.99
W4842,2026-03-06 17:04:20.064563,31.9,76.1,3.9,3.9,33,0.0,94.4,0.579499999999999,0,0.0
W4843,2024-08-21 17:04:20.064563,23.6,79.4,1.6,1.6,56,0.2,14.8,0.0,0,0.0
W4844,2024-10-14 17:04:20.064563,36.7,57.0,3.4,3.4,85,0.0,6.1,3.4000000000000057,1,21.99
W4845,2026-02-27 17:04:20.064563,30.3,55.0,4.9,4.9,79,0.5,30.4,0.0,0,0.0
W4846,2026-02-18 17:04:20.064563,3.2,100.0,0.0,0.0,74,1.6,2.6,0.0,0,0.0
W4847,2025-12-23 17:04:20.064563,19.7,83.7,0.0,0.0,74,0.7,3.1,0.0,0,0.0
W4848,2024-03-27 17:04:20.064563,19.4,93.8,0.0,0.0,43,0.0,57.9,0.0,0,0.0
W4849,2025-01-20 17:04:20.064563,29.8,65.8,10.6,10.6,42,1.7,89.3,2.65,0,0.0
W4850,2025-05-22 17:04:20.064563,-1.2,93.7,0.0,3.1,90,1.6,40.3,3.5999999999999996,0,0.0
W4851,2026-01-24 17:04:20.064563,45.0,25.5,0.0,0.0,65,1.1,30.2,20.0,1,247.01
W4852,2024-06-29 17:04:20.064563,30.3,71.9,0.0,0.0,111,0.3,91.5,0.028500000000000154,0,0.0
W4853,2026-01-25 17:04:20.064563,26.5,64.6,0.0,0.0,102,0.0,6.1,0.0,0,0.0
W4854,2025-09-01 17:04:20.064563,36.8,59.1,0.0,0.0,69,0.0,47.3,3.5999999999999943,0,0.0
W4855,2024-12-19 17:04:20.064563,45.0,43.6,0.2,0.2,72,0.2,25.3,20.0,1,211.73
W4856,2025-12-15 17:04:20.064563,33.7,57.8,0.0,0.0,122,0.8,38.2,0.0,0,0.0
W4857,2025-11-28 17:04:20.064563,34.5,57.3,0.0,0.0,95,0.0,41.1,0.0,0,0.0
W4858,2026-03-05 17:04:20.064563,26.3,61.9,0.0,0.0,79,0.4,54.5,0.0,1,34.45
W4859,2024-08-05 17:04:20.064563,23.6,74.5,0.0,0.0,81,0.0,45.3,0.0,1,41.55
W4860,2025-05-20 17:04:20.064563,20.2,73.8,0.0,0.0,80,0.5,98.8,0.0,0,0.0
W4861,2024-07-03 17:04:20.064563,16.7,81.2,4.1,4.1,68,0.0,2.6,0.0,0,0.0
W4862,2025-08-23 17:04:20.064563,18.1,79.6,0.0,0.0,55,0.0,75.8,0.0,0,0.0
W4863,2025-12-10 17:04:20.064563,11.5,90.5,12.1,12.1,44,0.0,5.1,3.025,1,19.41
W4864,2024-07-16 17:04:20.064563,24.2,82.9,12.8,12.8,22,0.0,43.1,3.2,0,0.0
W4865,2025-01-01 17:04:20.064563,8.2,96.5,9.6,9.6,71,1.0,20.2,0.0,0,0.0
W4866,2024-07-12 17:04:20.064563,26.9,79.9,0.0,0.0,73,0.0,94.5,0.0,0,0.0
W4867,2024-07-04 17:04:20.064563,24.6,88.4,0.4,0.4,90,0.0,72.2,0.0,0,0.0
W4868,2025-08-09 17:04:20.064563,26.5,78.8,0.0,0.0,50,0.0,46.3,0.0,0,0.0
W4869,2024-10-07 17:04:20.064563,19.8,85.7,0.0,0.0,103,0.6,95.2,0.0,0,0.0
W4870,2025-12-01 17:04:20.064563,45.0,45.8,0.0,0.0,101,0.0,72.1,20.0,1,373.5
W4871,2024-10-08 17:04:20.064563,38.6,60.8,0.0,0.0,43,0.7,95.2,7.200000000000003,0,0.0
W4872,2024-12-12 17:04:20.064563,12.6,92.1,0.0,0.0,64,0.0,70.5,0.0,0,0.0
W4873,2025-09-04 17:04:20.064563,27.3,78.9,5.2,5.2,55,0.0,7.8,0.0,0,0.0
W4874,2024-10-10 17:04:20.064563,18.9,87.8,8.2,8.2,28,0.0,61.6,0.0,0,0.0
W4875,2025-03-19 17:04:20.064563,14.9,84.1,0.0,0.0,68,2.2,98.0,0.0,0,0.0
W4876,2026-03-08 17:04:20.064563,11.6,100.0,4.8,4.8,74,0.0,21.4,0.0,0,0.0
W4877,2025-05-11 17:04:20.064563,29.3,66.9,1.3,1.3,60,0.6,79.3,0.0,0,0.0
W4878,2025-01-14 17:04:20.064563,18.2,81.7,0.0,0.0,38,0.5,18.5,0.0,0,0.0
W4879,2024-08-29 17:04:20.064563,34.7,53.2,0.0,0.0,87,1.7,45.2,0.0,0,0.0
W4880,2024-04-27 17:04:20.064563,34.9,59.3,0.0,0.0,56,1.4,8.5,0.0,0,0.0
W4881,2025-09-30 17:04:20.064563,38.7,61.9,0.0,0.0,57,0.0,34.1,7.400000000000006,0,0.0
W4882,2025-08-08 17:04:20.064563,16.5,94.2,0.0,0.0,104,0.0,77.6,0.0,0,0.0
W4883,2024-10-16 17:04:20.064563,29.8,68.9,0.0,0.0,78,0.0,4.5,0.0,0,0.0
W4884,2026-02-20 17:04:20.064563,31.3,69.0,0.0,0.0,54,0.2,32.0,0.0,0,0.0
W4885,2025-07-23 17:04:20.064563,20.3,92.3,0.0,0.0,46,1.0,63.0,0.0,0,0.0
W4886,2025-02-19 17:04:20.064563,17.3,82.6,4.8,4.8,79,1.1,94.9,0.0,0,0.0
W4887,2024-11-13 17:04:20.064563,41.1,37.2,0.0,0.0,87,0.0,24.5,12.200000000000003,1,168.29
W4888,2024-03-20 17:04:20.064563,27.3,82.1,0.0,0.0,58,0.0,17.3,0.0,0,0.0
W4889,2024-03-31 17:04:20.064563,31.4,57.7,0.0,0.0,43,1.4,20.4,0.0,0,0.0
W4890,2026-02-03 17:04:20.064563,16.8,77.9,3.9,3.9,67,0.0,23.7,0.0,0,0.0
W4891,2024-06-17 17:04:20.064563,12.8,72.8,0.7,0.7,78,0.0,63.8,0.0,0,0.0
W4892,2024-07-09 17:04:20.064563,19.3,86.8,9.2,9.2,41,1.2,99.9,0.0,0,0.0
W4893,2025-10-26 17:04:20.064563,23.8,58.1,0.0,0.0,44,0.0,52.4,0.0,0,0.0
W4894,2026-02-01 17:04:20.064563,14.4,81.0,0.0,0.0,66,0.0,27.1,0.0,0,0.0
W4895,2025-08-05 17:04:20.064563,24.9,78.5,0.0,0.0,75,0.5,74.7,0.0,0,0.0
W4896,2024-08-17 17:04:20.064563,8.1,100.0,0.4,0.4,54,0.0,15.8,0.0,1,32.34
W4897,2024-06-18 17:04:20.064563,13.8,82.8,4.3,4.3,61,1.1,3.0,0.0,0,0.0
W4898,2025-08-23 17:04:20.064563,31.7,61.1,0.5,0.5,70,2.7,60.5,0.0,0,0.0
W4899,2024-06-02 17:04:20.064563,31.0,54.7,0.0,0.0,87,0.0,21.0,0.0,0,0.0
W4900,2024-06-29 17:04:20.064563,21.1,72.9,0.0,0.0,55,0.1,39.9,0.0,0,0.0
W4901,2024-12-05 17:04:20.064563,14.8,90.4,0.0,0.0,40,0.0,23.1,0.0,0,0.0
W4902,2026-01-06 17:04:20.064563,14.7,82.9,10.5,10.5,40,0.3,91.8,2.625,0,0.0
W4903,2024-11-09 17:04:20.064563,21.3,75.7,0.0,0.0,96,0.0,33.8,0.0,0,0.0
W4904,2025-06-28 17:04:20.064563,31.4,48.2,0.0,0.0,26,0.0,44.9,0.0,0,0.0
W4905,2025-01-15 17:04:20.064563,34.3,69.9,0.2,0.2,15,0.0,23.5,0.0,0,0.0
W4906,2024-12-13 17:04:20.064563,20.0,85.0,0.6,0.6,57,0.0,8.5,0.0,0,0.0
W4907,2025-07-06 17:04:20.064563,13.5,97.7,0.0,0.0,52,0.0,51.3,0.0,0,0.0
W4908,2024-05-08 17:04:20.064563,27.7,81.4,4.5,4.5,46,0.0,86.9,0.0,0,0.0
W4909,2024-06-28 17:04:20.064563,16.8,76.6,0.0,0.0,54,0.1,35.2,0.0,0,0.0
W4910,2024-09-12 17:04:20.064563,19.8,76.7,0.0,0.0,79,0.0,78.1,0.0,0,0.0
W4911,2024-04-27 17:04:20.064563,38.3,33.7,0.0,0.0,57,0.0,3.3,6.599999999999994,0,0.0
W4912,2025-01-09 17:04:20.064563,33.3,91.5,10.9,10.9,52,0.1,23.6,6.272499999999997,0,0.0
W4913,2025-03-21 17:04:20.064563,26.6,68.6,0.0,0.0,15,0.0,13.1,0.0,0,0.0
W4914,2026-02-09 17:04:20.064563,12.3,100.0,4.4,4.4,37,0.0,40.3,0.0,0,0.0
W4915,2025-02-01 17:04:20.064563,27.1,56.9,0.0,0.0,40,0.0,89.4,0.0,0,0.0
W4916,2025-05-28 17:04:20.064563,35.6,66.5,0.0,0.0,15,0.0,37.4,1.2000000000000028,0,0.0
W4917,2024-07-14 17:04:20.064563,21.2,96.7,2.9,2.9,51,0.0,60.3,0.0,0,0.0
W4918,2024-06-23 17:04:20.064563,38.5,51.6,3.2,3.2,46,2.0,89.8,7.0,0,0.0
W4919,2024-05-03 17:04:20.064563,37.9,43.0,0.0,0.0,45,0.0,36.0,5.799999999999997,0,0.0
W4920,2024-03-27 17:04:20.064563,41.6,46.2,0.0,0.0,51,0.3,36.6,13.200000000000003,1,96.46
W4921,2024-08-06 17:04:20.064563,28.1,45.7,0.0,0.0,55,2.6,8.8,0.0,0,0.0
W4922,2026-01-26 17:04:20.064563,30.9,63.3,0.0,0.0,73,0.0,34.9,0.0,0,0.0
W4923,2026-01-09 17:04:20.064563,39.1,59.5,0.0,0.0,65,0.5,74.6,8.200000000000003,0,0.0
W4924,2024-09-08 17:04:20.064563,29.5,65.4,0.0,0.0,58,2.3,84.5,0.0,0,0.0
W4925,2025-02-17 17:04:20.064563,20.0,77.2,0.0,0.0,97,0.0,72.3,0.0,0,0.0
W4926,2025-03-19 17:04:20.064563,20.5,84.5,0.0,0.0,36,1.3,0.7,0.0,0,0.0
W4927,2025-06-09 17:04:20.064563,27.4,75.0,5.7,5.7,15,0.2,11.7,0.0,0,0.0
W4928,2025-12-14 17:04:20.064563,12.1,75.3,4.8,4.8,63,0.0,73.1,0.0,0,0.0
W4929,2024-12-17 17:04:20.064563,23.6,75.5,5.8,5.8,74,0.0,94.2,0.0,0,0.0
W4930,2024-06-21 17:04:20.064563,36.0,80.4,0.0,0.0,36,0.0,69.5,5.120000000000002,0,0.0
W4931,2025-04-03 17:04:20.064563,3.1,92.0,11.6,11.6,52,1.6,22.6,2.9,0,0.0
W4932,2025-03-03 17:04:20.064563,40.3,48.6,0.0,0.0,37,0.0,10.8,10.599999999999994,0,0.0
W4933,2024-09-21 17:04:20.064563,36.2,75.1,0.0,0.0,58,0.7,87.7,3.9810000000000048,0,0.0
W4934,2024-07-12 17:04:20.064563,20.4,90.4,14.9,14.9,29,0.0,9.9,3.725,0,0.0
W4935,2025-05-02 17:04:20.064563,30.4,59.2,19.4,19.4,15,0.3,15.1,4.85,0,0.0
W4936,2025-05-01 17:04:20.064563,25.0,74.5,0.0,0.0,82,0.0,59.7,0.0,0,0.0
W4937,2025-06-28 17:04:20.064563,37.3,54.0,0.0,0.0,84,0.0,19.0,4.599999999999994,0,0.0
W4938,2024-12-21 17:04:20.064563,34.8,50.3,3.9,3.9,16,1.3,22.8,0.0,0,0.0
W4939,2025-04-16 17:04:20.064563,11.0,92.8,0.0,0.0,48,0.3,14.2,0.0,0,0.0
W4940,2026-02-22 17:04:20.064563,30.9,60.9,1.9,1.9,58,0.8,94.4,0.0,0,0.0
W4941,2025-07-20 17:04:20.064563,22.9,76.7,0.0,0.0,15,0.0,12.5,0.0,0,0.0
W4942,2025-05-23 17:04:20.064563,25.8,63.8,4.6,4.6,33,1.2,93.1,0.0,0,0.0
W4943,2026-01-11 17:04:20.064563,17.7,70.7,2.9,2.9,15,0.5,32.6,0.0,0,0.0
W4944,2024-09-04 17:04:20.064563,42.5,45.9,0.0,0.0,54,0.2,82.2,15.0,1,187.36
W4945,2024-07-11 17:04:20.064563,35.4,74.1,0.0,0.0,42,1.0,95.0,1.9069999999999954,0,0.0
W4946,2024-07-31 17:04:20.064563,17.6,84.4,0.0,0.0,33,0.0,51.9,0.0,0,0.0
W4947,2026-02-28 17:04:20.064563,11.7,89.2,0.0,0.0,15,1.3,77.0,0.0,0,0.0
W4948,2024-05-17 17:04:20.064563,21.1,85.8,0.0,0.0,27,0.0,26.6,0.0,0,0.0
W4949,2024-08-28 17:04:20.064563,29.3,64.4,8.7,8.7,32,0.0,38.3,0.0,0,0.0
W4950,2024-07-02 17:04:20.064563,27.4,87.6,4.8,4.8,28,0.0,55.3,0.0,0,0.0
W4951,2025-05-18 17:04:20.064563,37.5,53.7,0.0,0.0,62,0.0,85.0,5.0,0,0.0
W4952,2025-11-12 17:04:20.064563,32.9,67.7,0.0,0.0,60,0.0,62.1,0.0,0,0.0
W4953,2025-07-25 17:04:20.064563,34.7,50.4,0.0,0.0,58,0.0,2.2,0.0,0,0.0
W4954,2025-10-21 17:04:20.064563,28.3,72.6,2.4,2.4,21,0.6,30.5,0.0,1,38.36
W4955,2026-02-10 17:04:20.064563,11.1,96.1,4.0,4.0,34,0.0,86.5,0.0,0,0.0
W4956,2025-06-09 17:04:20.064563,23.0,74.9,0.5,0.5,15,0.6,24.0,0.0,0,0.0
W4957,2024-09-19 17:04:20.064563,35.6,51.6,0.0,0.0,15,0.0,36.8,1.2000000000000028,0,0.0
W4958,2025-12-03 17:04:20.064563,24.5,66.9,21.0,21.0,16,0.0,39.0,10.5,1,160.28
W4959,2025-04-10 17:04:20.064563,30.0,67.8,0.0,0.0,15,0.6,15.4,0.0,0,0.0
W4960,2025-03-20 17:04:20.064563,21.8,83.6,0.0,0.0,15,0.0,35.0,0.0,0,0.0
W4961,2025-12-04 17:04:20.064563,14.7,86.7,3.4,3.4,28,1.8,81.7,0.0,0,0.0
W4962,2024-04-16 17:04:20.064563,23.8,77.2,2.9,2.9,21,0.4,84.9,0.0,1,20.98
W4963,2026-02-16 17:04:20.064563,28.1,67.5,0.0,0.0,29,0.0,58.1,0.0,0,0.0
W4964,2024-07-29 17:04:20.064563,18.4,83.3,0.0,0.0,78,0.0,67.9,0.0,0,0.0
W4965,2025-07-25 17:04:20.064563,22.6,74.0,0.0,0.0,15,0.0,53.5,0.0,0,0.0
W4966,2025-07-30 17:04:20.064563,15.6,86.8,0.0,0.0,41,0.0,4.4,0.0,0,0.0
W4967,2024-07-11 17:04:20.064563,36.2,82.7,0.0,0.0,32,1.1,69.7,6.337000000000009,0,0.0
W4968,2025-05-13 17:04:20.064563,22.1,80.0,0.0,0.0,50,1.1,99.7,0.0,0,0.0
W4969,2025-06-12 17:04:20.064563,39.5,57.2,0.0,0.0,15,0.0,22.8,9.0,0,0.0
W4970,2024-05-04 17:04:20.064563,40.3,53.9,0.0,0.0,25,0.7,98.2,10.599999999999994,1,132.95
W4971,2024-05-21 17:04:20.064563,24.2,71.1,1.3,1.3,29,0.9,99.8,0.0,0,0.0
W4972,2024-12-10 17:04:20.064563,14.9,100.0,27.2,27.2,15,0.0,14.2,13.6,1,154.49
W4973,2026-01-17 17:04:20.064563,4.1,100.0,0.0,0.0,15,1.0,92.6,0.0,0,0.0
W4974,2025-02-02 17:04:20.064563,10.3,100.0,0.0,0.0,28,0.3,67.6,0.0,0,0.0
W4975,2024-03-30 17:04:20.064563,11.3,89.8,0.0,0.0,54,1.1,46.6,0.0,0,0.0
W4976,2026-03-09 17:04:20.064563,38.8,42.2,0.0,0.0,20,0.0,34.5,7.599999999999994,0,0.0
W4977,2026-02-10 17:04:20.064563,26.2,74.4,0.0,0.0,23,0.1,63.0,0.0,0,0.0
W4978,2025-09-06 17:04:20.064563,28.9,55.6,0.0,0.0,50,0.2,84.3,0.0,0,0.0
W4979,2025-10-29 17:04:20.064563,2.8,100.0,0.0,0.0,23,0.0,3.4,0.0,0,0.0
W4980,2025-10-17 17:04:20.064563,13.0,78.5,0.0,0.0,41,0.0,53.5,0.0,0,0.0
W4981,2024-11-02 17:04:20.064563,33.9,56.0,0.0,0.0,79,0.0,65.0,0.0,0,0.0
W4982,2026-02-01 17:04:20.064563,27.9,53.9,0.0,0.0,15,0.0,2.6,0.0,0,0.0
W4983,2025-02-27 17:04:20.064563,23.5,100.0,5.7,5.7,15,0.0,88.9,0.0,0,0.0
W4984,2025-08-31 17:04:20.064563,30.6,47.5,0.0,0.0,33,0.0,95.2,0.0,0,0.0
W4985,2025-09-04 17:04:20.064563,41.4,48.1,1.1,1.1,52,1.2,61.2,12.799999999999997,1,158.31
W4986,2026-02-20 17:04:20.064563,22.8,87.2,0.0,0.0,22,0.4,11.7,0.0,0,0.0
W4987,2026-03-05 17:04:20.064563,25.7,81.8,0.6,0.6,37,0.0,93.2,0.0,0,0.0
W4988,2025-12-11 17:04:20.064563,26.9,78.1,1.8,1.8,27,0.2,80.5,0.0,0,0.0
W4989,2024-06-23 17:04:20.064563,45.0,39.3,17.8,17.8,15,0.0,2.9,24.45,1,253.01
W4990,2025-06-04 17:04:20.064563,4.0,100.0,16.5,16.5,15,0.0,57.9,4.125,0,0.0
W4991,2026-01-24 17:04:20.064563,31.8,71.4,7.1,7.1,15,0.3,11.5,0.12600000000000056,0,0.0
W4992,2024-11-27 17:04:20.064563,23.9,76.3,3.7,3.7,77,1.6,14.1,0.0,1,34.99
W4993,2025-07-24 17:04:20.064563,30.7,66.4,0.0,0.0,15,1.4,19.3,0.0,0,0.0
W4994,2025-03-07 17:04:20.064563,18.4,79.3,0.0,0.0,15,0.1,39.6,0.0,0,0.0
W4995,2026-01-26 17:04:20.064563,24.5,64.1,0.0,0.0,27,0.0,87.6,0.0,0,0.0
W4996,2026-02-08 17:04:20.064563,32.1,74.2,0.0,0.0,26,0.6,3.1,0.4410000000000006,0,0.0
W4997,2026-01-03 17:04:20.064563,45.0,55.6,0.0,0.0,30,0.3,68.9,20.0,1,276.87
W4998,2025-04-16 17:04:20.064563,33.1,51.5,0.0,0.0,15,0.0,96.5,0.0,0,0.0
W4999,2024-08-17 17:04:20.064563,16.5,83.7,0.0,0.0,15,1.9,64.1,0.0,0,0.0
W5000,2025-10-10 17:04:20.064563,20.8,77.4,0.0,0.0,15,0.0,81.6,0.0,0,0.0
W5001,2025-12-05 17:04:20.064563,20.5,79.0,0.0,0.0,39,1.0,90.2,0.0,0,0.0
W5002,2024-05-12 17:04:20.064563,7.0,100.0,0.8,0.8,15,0.1,71.5,0.0,0,0.0
W5003,2024-03-29 17:04:20.064563,21.7,86.9,0.0,0.0,24,0.1,66.0,0.0,0,0.0
W5004,2026-01-05 17:04:20.064563,32.3,54.0,0.0,0.0,15,0.0,1.8,0.0,0,0.0
W5005,2024-08-25 17:04:20.064563,12.3,83.2,2.2,2.2,15,1.1,51.9,0.0,0,0.0
W5006,2025-08-17 17:04:20.064563,35.5,69.1,8.2,8.2,15,0.8,46.9,1.0,0,0.0
W5007,2025-07-11 17:04:20.064563,29.9,60.6,3.5,3.5,31,0.2,52.3,0.0,0,0.0
W5008,2025-08-07 17:04:20.064563,17.7,70.9,0.0,0.0,15,1.0,43.2,0.0,0,0.0
W5009,2024-09-03 17:04:20.064563,23.6,69.8,0.0,0.0,45,0.4,90.7,0.0,0,0.0
W5010,2024-06-02 17:04:20.064563,41.0,45.2,0.0,0.0,19,0.0,88.9,12.0,1,94.5
W5011,2025-08-03 17:04:20.064563,32.3,77.0,9.8,9.8,15,0.0,12.6,0.804999999999999,0,0.0
W5012,2025-02-09 17:04:20.064563,25.1,81.6,3.5,3.5,22,0.0,53.3,0.0,0,0.0
W5013,2024-11-19 17:04:20.064563,22.6,87.5,0.0,0.0,15,0.0,96.0,0.0,0,0.0
W5014,2025-02-19 17:04:20.064563,25.8,79.6,4.7,4.7,15,1.1,59.9,0.0,0,0.0
W5015,2024-12-27 17:04:20.064563,19.9,89.6,0.0,0.0,42,0.0,80.2,0.0,0,0.0
W5016,2024-05-08 17:04:20.064563,4.0,97.2,0.0,0.0,15,0.1,37.3,0.0,0,0.0
W5017,2025-08-19 17:04:20.064563,45.0,40.5,0.0,0.0,15,0.0,37.7,20.0,1,271.77
W5018,2024-11-01 17:04:20.064563,26.6,60.3,0.0,0.0,15,0.6,32.6,0.0,0,0.0
W5019,2025-10-02 17:04:20.064563,29.0,64.4,0.0,0.0,15,0.0,2.2,0.0,0,0.0
W5020,2026-01-05 17:04:20.064563,24.4,80.2,0.0,0.0,15,0.0,92.5,0.0,0,0.0
W5021,2025-04-09 17:04:20.064563,17.6,84.9,0.0,0.0,15,1.7,35.0,0.0,0,0.0
W5022,2025-05-04 17:04:20.064563,23.1,88.4,0.0,0.0,15,1.7,36.7,0.0,0,0.0
W5023,2024-11-13 17:04:20.064563,9.0,85.1,0.0,0.0,32,1.1,76.0,0.0,0,0.0
W5024,2024-06-06 17:04:20.064563,45.0,47.5,0.0,0.0,15,0.7,52.7,20.0,1,267.31
W5025,2025-07-01 17:04:20.064563,12.7,78.5,0.0,0.0,15,0.2,36.2,0.0,0,0.0
W5026,2025-06-15 17:04:20.064563,14.7,88.9,0.0,0.0,33,0.3,88.4,0.0,0,0.0
W5027,2025-10-25 17:04:20.064563,20.6,86.5,0.0,0.0,15,0.3,82.5,0.0,0,0.0
W5028,2025-06-19 17:04:20.064563,37.9,51.0,21.1,21.1,15,1.0,97.7,16.349999999999998,1,210.68
W5029,2024-06-16 17:04:20.064563,25.1,77.8,8.8,8.8,15,0.9,64.1,0.0,0,0.0
W5030,2025-08-10 17:04:20.064563,12.6,81.4,0.0,0.0,17,1.0,69.0,0.0,0,0.0
W5031,2025-06-18 17:04:20.064563,37.5,37.0,5.9,5.9,15,2.9,32.4,5.0,0,0.0
W5032,2025-02-04 17:04:20.064563,32.3,67.1,7.4,7.4,15,2.9,10.0,0.0,0,0.0
W5033,2024-07-17 17:04:20.064563,30.4,81.9,26.1,26.1,15,1.1,10.6,13.288,1,163.71
W5034,2025-08-09 17:04:20.064563,32.2,51.8,0.0,0.0,26,1.7,64.6,0.0,0,0.0
W5035,2026-01-16 17:04:20.064563,45.0,54.7,0.0,0.0,19,1.3,11.3,20.0,1,200.76
W5036,2024-04-05 17:04:20.064563,45.0,42.9,0.0,0.0,33,1.9,90.7,20.0,1,278.57
W5037,2024-07-01 17:04:20.064563,18.1,69.4,2.1,2.1,33,3.5,70.4,0.0,0,0.0
W5038,2025-05-05 17:04:20.064563,41.2,36.8,0.0,0.0,40,2.0,22.6,12.400000000000006,0,0.0
W5039,2025-05-14 17:04:20.064563,28.8,66.9,0.0,0.0,17,3.1,27.9,0.0,0,0.0
W5040,2024-04-23 17:04:20.064563,30.0,61.0,4.2,4.2,15,3.5,71.0,0.0,0,0.0
W5041,2025-10-09 17:04:20.064563,8.1,84.8,7.6,7.6,18,1.6,82.4,0.0,0,0.0
W5042,2025-10-01 17:04:20.064563,23.3,58.1,0.0,0.0,15,2.3,83.9,0.0,0,0.0
W5043,2024-03-18 17:04:20.064563,16.9,76.2,0.0,0.0,15,4.0,60.1,0.0,0,0.0
W5044,2024-06-19 17:04:20.064563,33.3,62.0,0.0,0.0,53,2.2,15.5,0.0,1,21.82
W5045,2025-11-26 17:04:20.064563,35.7,56.4,0.0,0.0,15,1.0,81.8,1.4000000000000057,0,0.0
W5046,2025-12-11 17:04:20.064563,4.3,98.6,0.0,0.0,33,0.9,79.2,0.0,0,0.0
W5047,2025-12-30 17:04:20.064563,24.8,74.8,2.4,2.4,25,2.9,83.5,0.0,0,0.0
W5048,2025-01-23 17:04:20.064563,36.2,66.1,6.2,6.2,15,2.5,15.8,2.4000000000000057,1,37.36
W5049,2025-08-20 17:04:20.064563,23.1,79.2,0.0,0.0,15,3.2,68.4,0.0,0,0.0
W5050,2025-10-14 17:04:20.064563,32.3,60.4,0.0,0.0,17,3.5,96.0,0.0,0,0.0
W5051,2024-10-15 17:04:20.064563,28.5,76.5,0.0,0.0,28,3.0,25.6,0.0,0,0.0
W5052,2026-01-17 17:04:20.064563,28.4,57.8,0.0,0.0,31,2.0,71.7,0.0,1,25.65
W5053,2026-02-03 17:04:20.064563,22.3,74.3,0.0,0.0,24,4.5,25.9,0.0,0,0.0
W5054,2025-06-28 17:04:20.064563,12.8,88.7,0.0,0.0,29,3.9,30.7,0.0,0,0.0
W5055,2025-03-02 17:04:20.064563,13.8,77.0,5.6,5.6,27,1.2,48.5,0.0,0,0.0
W5056,2025-03-25 17:04:20.064563,32.1,57.7,0.7,0.7,36,4.2,89.5,0.0,0,0.0
W5057,2024-05-12 17:04:20.064563,25.2,51.5,0.0,0.0,56,5.4,3.9,0.0,0,0.0
W5058,2024-11-01 17:04:20.064563,23.6,93.7,4.6,4.6,38,2.1,99.0,0.0,0,0.0
W5059,2025-06-26 17:04:20.064563,20.8,69.5,0.8,0.8,25,2.7,77.2,0.0,0,0.0
W5060,2025-02-20 17:04:20.064563,21.9,92.9,0.0,0.0,40,5.0,36.0,0.0,0,0.0
W5061,2025-10-12 17:04:20.064563,35.5,57.2,0.0,0.0,36,4.3,35.4,1.0,0,0.0
W5062,2025-12-12 17:04:20.064563,21.6,83.2,0.1,0.1,31,4.2,48.3,0.0,0,0.0
W5063,2025-11-22 17:04:20.064563,11.6,87.7,0.0,0.0,15,3.3,87.5,0.0,0,0.0
W5064,2025-07-15 17:04:20.064563,32.4,63.4,27.4,27.4,15,4.8,1.8,13.7,1,202.53
W5065,2026-01-19 17:04:20.064563,23.0,82.1,6.6,6.6,15,3.8,54.8,0.0,0,0.0
W5066,2025-03-25 17:04:20.064563,25.3,78.7,0.0,0.0,50,5.5,5.6,0.0,0,0.0
W5067,2025-06-24 17:04:20.064563,41.1,56.1,0.0,0.0,36,4.8,11.6,12.200000000000003,0,0.0
W5068,2024-07-12 17:04:20.064563,24.8,69.1,9.4,9.4,15,4.2,69.1,0.0,0,0.0
W5069,2024-06-25 17:04:20.064563,27.9,63.4,0.0,0.0,22,5.9,23.4,0.0,0,0.0
W5070,2026-01-21 17:04:20.064563,13.2,74.2,2.0,2.0,40,7.7,4.2,0.0,0,0.0
W5071,2024-10-31 17:04:20.064563,22.8,81.0,0.0,0.0,68,5.0,16.4,0.0,0,0.0
W5072,2024-03-20 17:04:20.064563,31.1,74.2,0.0,0.0,39,6.6,20.9,0.23100000000000045,0,0.0
W5073,2025-03-02 17:04:20.064563,9.4,100.0,0.4,0.4,69,5.4,77.0,0.0,0,0.0
W5074,2025-03-16 17:04:20.064563,27.0,72.5,14.6,14.6,19,5.4,62.5,3.65,0,0.0
W5075,2025-12-26 17:04:20.064563,26.0,63.3,0.0,0.0,16,3.7,73.5,0.0,0,0.0
W5076,2025-01-10 17:04:20.064563,25.4,54.9,0.0,0.0,43,5.1,37.0,0.0,0,0.0
W5077,2025-09-29 17:04:20.064563,35.4,67.4,0.0,0.0,41,7.9,11.3,0.7999999999999972,0,0.0
W5078,2025-09-03 17:04:20.064563,28.3,49.5,0.0,0.0,18,3.9,80.5,0.0,0,0.0
W5079,2025-04-04 17:04:20.064563,39.8,46.9,0.0,0.0,26,6.4,14.0,9.599999999999994,1,100.69
W5080,2026-03-06 17:04:20.064563,15.1,85.2,0.0,0.0,26,5.1,38.3,0.0,0,0.0
W5081,2024-07-04 17:04:20.064563,26.4,69.8,2.4,2.4,32,6.9,26.2,0.0,0,0.0
W5082,2024-05-03 17:04:20.064563,25.8,71.6,7.2,7.2,16,3.6,29.7,0.0,0,0.0
W5083,2024-09-02 17:04:20.064563,14.3,89.9,0.0,0.0,41,4.2,60.2,0.0,0,0.0
W5084,2025-08-04 17:04:20.064563,34.6,34.0,0.0,0.0,45,5.6,16.4,0.0,0,0.0
W5085,2024-08-08 17:04:20.064563,45.0,42.6,0.0,0.0,62,7.2,44.6,20.0,1,493.14
W5086,2025-05-11 17:04:20.064563,24.8,50.5,0.0,0.0,48,5.2,63.9,0.0,0,0.0
W5087,2024-07-05 17:04:20.064563,30.1,72.2,1.3,1.3,21,4.0,86.9,0.011000000000000171,0,0.0
W5088,2024-12-03 17:04:20.064563,25.8,65.7,3.1,3.1,74,5.8,37.1,0.0,0,0.0
W5089,2025-12-03 17:04:20.064563,17.9,61.6,0.0,0.0,25,4.9,31.9,0.0,0,0.0
W5090,2024-10-04 17:04:20.064563,6.8,91.7,0.0,0.0,32,7.5,36.8,0.0,0,0.0
W5091,2024-09-26 17:04:20.064563,17.9,77.4,0.0,0.0,52,5.3,50.1,0.0,0,0.0
W5092,2024-07-19 17:04:20.064563,11.1,100.0,2.8,2.8,93,7.0,31.3,0.0,0,0.0
W5093,2025-04-24 17:04:20.064563,42.0,48.9,4.2,4.2,40,6.0,25.0,14.0,1,146.74
W5094,2024-10-24 17:04:20.064563,23.8,77.7,5.9,5.9,17,6.2,37.5,0.0,1,17.96
W5095,2025-06-29 17:04:20.064563,21.5,89.5,0.0,0.0,15,3.8,77.8,0.0,0,0.0
W5096,2024-09-29 17:04:20.064563,33.9,58.2,0.0,0.0,15,6.5,25.3,0.0,0,0.0
W5097,2025-02-27 17:04:20.064563,13.8,96.9,13.4,13.4,16,5.5,84.5,3.35,0,0.0
W5098,2024-07-06 17:04:20.064563,17.3,90.8,8.3,8.3,38,6.8,28.5,0.0,0,0.0
W5099,2025-05-16 17:04:20.064563,25.7,58.6,0.8,0.8,15,5.9,60.3,0.0,1,33.84
W5100,2024-05-04 17:04:20.064563,35.3,71.8,0.0,0.0,49,4.1,97.1,1.0769999999999933,0,0.0
W5101,2025-12-26 17:04:20.064563,30.0,50.8,0.0,0.0,19,5.8,95.2,0.0,0,0.0
W5102,2026-02-04 17:04:20.064563,27.5,77.9,0.0,0.0,27,5.4,43.5,0.0,0,0.0
W5103,2025-11-10 17:04:20.064563,25.8,56.2,0.0,0.0,59,7.5,6.8,0.0,0,0.0
W5104,2024-07-22 17:04:20.064563,29.0,72.5,3.6,3.6,24,4.6,90.3,0.0,0,0.0
W5105,2025-06-22 17:04:20.064563,27.0,88.1,0.0,0.0,73,6.5,12.7,0.0,0,0.0
W5106,2025-06-29 17:04:20.064563,14.7,85.8,0.0,0.0,36,4.4,92.4,0.0,0,0.0
W5107,2026-01-21 17:04:20.064563,25.5,69.2,4.3,4.3,62,5.1,73.3,0.0,0,0.0
W5108,2025-11-11 17:04:20.064563,14.3,94.7,0.0,0.0,94,4.4,93.4,0.0,0,0.0
W5109,2025-08-16 17:04:20.064563,25.8,68.0,0.0,0.0,34,5.5,66.5,0.0,0,0.0
W5110,2024-08-02 17:04:20.064563,20.2,97.9,11.6,11.6,76,3.3,99.5,2.9,0,0.0
W5111,2025-08-10 17:04:20.064563,45.0,44.4,0.0,0.0,50,4.5,46.7,20.0,1,132.78
W5112,2024-03-22 17:04:20.064563,24.6,69.9,0.0,0.0,38,6.9,33.0,0.0,0,0.0
W5113,2025-09-12 17:04:20.064563,11.0,88.2,0.0,0.0,45,5.5,39.3,0.0,0,0.0
W5114,2024-05-06 17:04:20.064563,23.7,65.2,6.0,6.0,31,6.5,35.0,0.0,0,0.0
W5115,2025-10-05 17:04:20.064563,30.2,58.4,0.2,0.2,80,5.6,40.1,0.0,0,0.0
W5116,2025-06-04 17:04:20.064563,41.7,43.9,1.3,1.3,76,3.0,88.5,13.400000000000006,1,92.72
W5117,2025-11-07 17:04:20.064563,19.1,76.5,0.0,0.0,79,6.0,59.2,0.0,1,27.64
W5118,2025-07-25 17:04:20.064563,9.2,89.7,0.7,0.7,26,5.7,72.6,0.0,0,0.0
W5119,2025-08-20 17:04:20.064563,33.2,81.2,0.0,0.0,58,7.9,28.8,1.792000000000002,0,0.0
W5120,2024-09-15 17:04:20.064563,11.2,82.9,0.0,0.0,24,3.5,99.0,0.0,0,0.0
W5121,2026-02-24 17:04:20.064563,20.6,80.5,14.6,14.6,46,6.8,28.1,3.65,0,0.0
W5122,2025-10-31 17:04:20.064563,22.4,82.3,0.0,0.0,46,7.5,15.9,0.0,0,0.0
W5123,2024-09-11 17:04:20.064563,24.3,79.8,0.0,0.0,66,5.8,77.8,0.0,0,0.0
W5124,2024-07-27 17:04:20.064563,31.9,61.6,0.0,0.0,47,2.8,83.9,0.0,0,0.0
W5125,2024-07-02 17:04:20.064563,18.2,80.3,2.9,2.9,16,4.7,39.4,0.0,0,0.0
W5126,2025-04-18 17:04:20.064563,22.3,81.1,0.0,0.0,75,7.0,54.1,0.0,0,0.0
W5127,2026-01-20 17:04:20.064563,24.9,75.4,0.0,0.0,77,4.4,41.4,0.0,0,0.0
W5128,2025-11-22 17:04:20.064563,26.5,67.7,2.2,2.2,57,7.4,29.4,0.0,0,0.0
W5129,2025-11-28 17:04:20.064563,26.0,55.4,0.0,0.0,17,5.8,81.3,0.0,0,0.0
W5130,2025-02-10 17:04:20.064563,29.4,61.3,0.0,0.0,75,5.5,75.7,0.0,0,0.0
W5131,2025-08-16 17:04:20.064563,33.4,48.4,12.5,12.5,20,4.7,48.5,3.125,0,0.0
W5132,2025-04-15 17:04:20.064563,28.9,59.9,2.2,2.2,67,4.8,45.6,0.0,0,0.0
W5133,2025-05-20 17:04:20.064563,29.5,66.0,3.1,3.1,45,6.7,18.0,0.0,0,0.0
W5134,2025-12-01 17:04:20.064563,9.2,99.8,0.0,0.0,54,6.7,63.7,0.0,0,0.0
W5135,2026-02-25 17:04:20.064563,25.5,89.6,0.0,0.0,72,5.7,92.4,0.0,0,0.0
W5136,2024-11-27 17:04:20.064563,29.8,59.9,7.7,7.7,31,4.9,71.9,0.0,0,0.0
W5137,2024-12-23 17:04:20.064563,32.3,69.3,0.0,0.0,60,3.7,50.6,0.0,0,0.0
W5138,2025-04-29 17:04:20.064563,18.1,85.9,2.4,2.4,69,7.1,3.9,0.0,0,0.0
W5139,2025-03-04 17:04:20.064563,18.4,95.3,3.0,3.0,101,3.5,93.0,0.0,0,0.0
W5140,2025-01-13 17:04:20.064563,19.3,86.9,0.0,0.0,63,5.9,30.8,0.0,0,0.0
W5141,2025-06-24 17:04:20.064563,30.4,54.4,0.0,0.0,82,4.2,30.0,0.0,0,0.0
W5142,2024-08-01 17:04:20.064563,35.3,39.8,0.0,0.0,42,5.5,47.0,0.5999999999999943,0,0.0
W5143,2024-08-06 17:04:20.064563,20.9,81.7,0.0,0.0,100,3.8,42.9,0.0,0,0.0
W5144,2025-05-14 17:04:20.064563,34.1,53.6,8.9,8.9,32,0.9,96.2,0.0,0,0.0
W5145,2025-11-24 17:04:20.064563,26.2,60.8,6.6,6.6,51,6.3,16.5,0.0,0,0.0
W5146,2026-03-04 17:04:20.064563,23.8,61.7,2.0,2.0,73,6.2,68.9,0.0,0,0.0
W5147,2025-08-24 17:04:20.064563,22.9,77.3,0.0,0.0,52,5.3,10.7,0.0,0,0.0
W5148,2025-01-18 17:04:20.064563,32.5,76.4,0.0,0.0,89,5.0,27.7,0.8000000000000007,0,0.0
W5149,2026-03-06 17:04:20.064563,28.3,63.5,0.0,0.0,55,4.9,72.2,0.0,0,0.0
W5150,2025-09-29 17:04:20.064563,45.0,48.4,0.0,0.0,85,4.9,80.4,20.0,1,485.73
W5151,2025-02-02 17:04:20.064563,16.5,84.3,24.6,24.6,41,4.8,46.9,12.3,0,0.0
W5152,2026-03-16 17:04:20.064563,30.2,51.8,0.0,0.0,81,2.9,78.9,0.0,0,0.0
W5153,2025-10-05 17:04:20.064563,19.7,87.8,2.0,2.0,80,4.5,93.5,0.0,0,0.0
W5154,2025-12-25 17:04:20.064563,16.3,74.6,0.0,0.0,121,1.9,93.6,0.0,0,0.0
W5155,2024-10-26 17:04:20.064563,24.9,72.9,1.2,1.2,76,4.2,34.2,0.0,0,0.0
W5156,2024-10-09 17:04:20.064563,26.4,67.0,0.0,0.0,73,5.3,31.2,0.0,0,0.0
W5157,2024-10-18 17:04:20.064563,45.0,51.4,0.0,0.0,78,1.9,72.6,20.0,1,305.7
W5158,2025-12-17 17:04:20.064563,23.2,64.7,0.7,0.7,96,4.0,65.4,0.0,0,0.0
W5159,2025-01-09 17:04:20.064563,13.7,93.4,0.0,0.0,118,5.4,39.2,0.0,0,0.0
W5160,2026-02-19 17:04:20.064563,27.7,60.0,0.0,0.0,69,6.3,22.9,0.0,0,0.0
W5161,2025-03-06 17:04:20.064563,4.3,98.5,0.8,0.8,53,3.1,61.8,0.0,0,0.0
W5162,2026-02-04 17:04:20.064563,24.1,37.5,0.0,0.0,96,3.5,43.0,0.0,0,0.0
W5163,2024-07-31 17:04:20.064563,25.2,93.2,0.2,0.2,46,5.3,13.2,0.0,0,0.0
W5164,2026-03-15 17:04:20.064563,32.9,66.1,0.0,0.0,79,2.6,63.9,0.0,0,0.0
W5165,2026-01-12 17:04:20.064563,34.7,50.2,1.1,1.1,78,2.7,69.8,0.0,1,46.25
W5166,2024-09-16 17:04:20.064563,20.0,68.8,0.0,0.0,72,4.1,36.4,0.0,0,0.0
W5167,2025-08-15 17:04:20.064563,23.5,69.8,0.0,0.0,73,3.0,83.2,0.0,0,0.0
W5168,2025-09-24 17:04:20.064563,17.3,91.2,0.0,0.0,42,2.3,7.4,0.0,0,0.0
W5169,2026-02-26 17:04:20.064563,13.7,70.5,9.0,9.0,40,2.0,49.6,0.0,0,0.0
W5170,2025-12-30 17:04:20.064563,28.1,66.4,0.0,0.0,94,0.3,95.6,0.0,0,0.0
W5171,2025-02-11 17:04:20.064563,12.3,100.0,0.5,0.5,34,1.9,19.0,0.0,0,0.0
W5172,2026-03-15 17:04:20.064563,20.9,67.4,1.8,1.8,70,2.4,17.2,0.0,0,0.0
W5173,2024-07-14 17:04:20.064563,15.0,88.2,0.0,0.0,70,2.8,37.9,0.0,0,0.0
W5174,2025-03-13 17:04:20.064563,30.5,86.3,18.9,18.9,15,3.0,26.8,5.132499999999999,0,0.0
W5175,2025-10-14 17:04:20.064563,43.0,51.8,0.0,0.0,110,1.0,22.2,16.0,1,120.13
W5176,2025-07-22 17:04:20.064563,12.0,93.3,0.9,0.9,54,0.8,95.0,0.0,0,0.0
W5177,2025-11-04 17:04:20.064563,6.5,100.0,0.0,0.0,88,1.2,34.5,0.0,0,0.0
W5178,2025-10-23 17:04:20.064563,23.8,70.4,0.0,0.0,68,2.8,6.0,0.0,0,0.0
W5179,2026-01-30 17:04:20.064563,25.2,85.3,0.0,0.0,60,1.0,90.0,0.0,0,0.0
W5180,2026-03-15 17:04:20.064563,27.2,65.2,3.8,3.8,65,3.5,44.8,0.0,0,0.0
W5181,2025-05-19 17:04:20.064563,20.5,59.6,0.0,0.0,71,1.6,73.6,0.0,0,0.0
W5182,2026-02-06 17:04:20.064563,23.0,71.6,0.0,0.0,74,1.5,36.7,0.0,0,0.0
W5183,2025-09-15 17:04:20.064563,28.7,57.3,0.0,0.0,62,1.1,93.5,0.0,0,0.0
W5184,2025-01-04 17:04:20.064563,35.4,54.1,13.5,13.5,31,1.4,28.8,4.174999999999997,0,0.0
W5185,2025-05-24 17:04:20.064563,5.4,99.2,0.7,0.7,97,2.8,66.3,0.0,0,0.0
W5186,2024-03-31 17:04:20.064563,21.3,90.0,6.1,6.1,66,0.9,82.4,0.0,0,0.0
W5187,2025-09-04 17:04:20.064563,27.1,76.2,2.9,2.9,72,2.2,23.8,0.0,0,0.0
W5188,2024-07-05 17:04:20.064563,15.8,88.9,1.7,1.7,57,1.9,80.2,0.0,0,0.0
W5189,2024-04-12 17:04:20.064563,42.3,46.5,0.0,0.0,110,0.4,79.2,14.599999999999994,1,96.59
W5190,2025-04-12 17:04:20.064563,18.6,71.4,3.0,3.0,71,0.0,96.4,0.0,0,0.0
W5191,2024-08-13 17:04:20.064563,24.6,51.3,0.0,0.0,41,0.3,92.3,0.0,0,0.0
W5192,2024-05-11 17:04:20.064563,30.6,65.3,0.0,0.0,85,1.7,38.9,0.0,0,0.0
W5193,2026-02-02 17:04:20.064563,19.1,89.3,0.4,0.4,63,0.0,59.1,0.0,0,0.0
W5194,2024-05-14 17:04:20.064563,6.5,99.1,0.0,0.0,97,0.8,92.5,0.0,0,0.0
W5195,2024-10-08 17:04:20.064563,20.7,73.6,0.0,0.0,100,1.7,0.4,0.0,0,0.0
W5196,2024-12-16 17:04:20.064563,35.3,61.7,0.0,0.0,98,1.9,62.7,0.5999999999999943,0,0.0
W5197,2024-08-29 17:04:20.064563,21.6,76.7,0.0,0.0,70,1.2,21.5,0.0,0,0.0
W5198,2025-01-05 17:04:20.064563,16.5,100.0,0.0,0.0,77,0.6,73.9,0.0,0,0.0
W5199,2026-02-15 17:04:20.064563,34.3,70.9,1.2,1.2,82,0.4,79.6,0.1935000000000011,0,0.0
W5200,2024-11-29 17:04:20.064563,21.7,87.1,0.0,0.0,97,0.0,71.3,0.0,0,0.0
W5201,2024-08-14 17:04:20.064563,19.9,87.7,0.0,0.0,59,0.0,99.6,0.0,0,0.0
W5202,2024-05-20 17:04:20.064563,26.5,57.4,5.2,5.2,71,0.0,47.9,0.0,0,0.0
W5203,2026-02-23 17:04:20.064563,32.7,67.6,14.9,14.9,87,0.1,56.1,3.725,1,49.12
W5204,2025-01-14 17:04:20.064563,45.0,46.3,0.0,0.0,69,0.4,40.9,20.0,1,180.61
W5205,2024-10-12 17:04:20.064563,33.3,66.2,0.0,0.0,79,0.1,97.4,0.0,0,0.0
W5206,2025-09-23 17:04:20.064563,36.6,60.0,0.0,0.0,132,0.3,92.3,3.200000000000003,0,0.0
W5207,2024-04-20 17:04:20.064563,19.9,84.6,0.0,0.0,75,0.8,98.7,0.0,0,0.0
W5208,2025-03-20 17:04:20.064563,14.7,100.0,0.0,0.0,49,0.0,98.5,0.0,0,0.0
W5209,2025-06-24 17:04:20.064563,25.6,70.8,0.0,0.0,78,0.1,89.5,0.0,0,0.0
W5210,2024-06-30 17:04:20.064563,26.1,80.3,0.0,0.0,113,0.2,93.1,0.0,0,0.0
W5211,2025-12-08 17:04:20.064563,14.2,84.0,0.0,0.0,100,0.0,12.0,0.0,0,0.0
W5212,2026-02-07 17:04:20.064563,23.2,83.0,0.0,0.0,59,0.0,17.4,0.0,0,0.0
W5213,2025-10-14 17:04:20.064563,29.0,75.9,0.0,0.0,87,0.0,88.5,0.0,0,0.0
W5214,2024-11-02 17:04:20.064563,28.6,70.7,0.0,0.0,75,0.0,72.7,0.0,0,0.0
W5215,2026-01-09 17:04:20.064563,30.0,81.6,0.0,0.0,95,0.1,87.5,0.0,0,0.0
W5216,2025-10-13 17:04:20.064563,27.9,59.3,0.3,0.3,66,0.0,77.0,0.0,0,0.0
W5217,2025-04-20 17:04:20.064563,19.9,75.2,1.1,1.1,86,1.9,14.0,0.0,0,0.0
W5218,2024-11-16 17:04:20.064563,19.9,82.3,1.7,1.7,113,0.9,91.7,0.0,0,0.0
W5219,2025-08-23 17:04:20.064563,13.0,99.3,0.0,0.0,26,0.0,77.1,0.0,0,0.0
W5220,2026-02-28 17:04:20.064563,42.8,47.5,0.0,0.0,90,0.1,57.1,15.599999999999994,1,172.32
W5221,2025-01-06 17:04:20.064563,25.1,85.2,0.0,0.0,104,1.3,53.2,0.0,0,0.0
W5222,2026-02-25 17:04:20.064563,22.8,69.3,0.0,0.0,46,1.3,57.4,0.0,0,0.0
W5223,2026-01-27 17:04:20.064563,15.7,75.0,0.0,0.0,63,0.3,39.0,0.0,0,0.0
W5224,2024-05-05 17:04:20.064563,45.0,45.6,0.0,0.0,69,1.7,80.3,20.0,1,237.43
W5225,2025-04-12 17:04:20.064563,14.3,87.8,3.9,3.9,55,0.0,90.9,0.0,0,0.0
W5226,2025-04-18 17:04:20.064563,20.7,84.4,0.0,0.0,61,0.0,25.3,0.0,0,0.0
W5227,2025-05-18 17:04:20.064563,29.2,66.0,0.0,0.0,69,3.2,3.8,0.0,0,0.0
W5228,2026-02-17 17:04:20.064563,31.0,60.1,0.0,0.0,93,0.7,20.3,0.0,0,0.0
W5229,2025-02-01 17:04:20.064563,34.6,57.4,0.0,0.0,106,0.0,75.7,0.0,0,0.0
W5230,2025-10-04 17:04:20.064563,43.1,45.7,2.1,2.1,98,0.1,86.8,16.200000000000003,0,0.0
W5231,2024-05-12 17:04:20.064563,30.1,61.9,0.0,0.0,96,0.2,34.9,0.0,0,0.0
W5232,2024-03-31 17:04:20.064563,14.4,86.3,0.0,0.0,112,1.7,15.2,0.0,0,0.0
W5233,2024-11-30 17:04:20.064563,22.4,72.3,0.0,0.0,116,0.8,85.9,0.0,0,0.0
W5234,2024-10-11 17:04:20.064563,28.1,76.4,0.0,0.0,78,0.0,21.5,0.0,0,0.0
W5235,2025-12-13 17:04:20.064563,45.0,44.4,0.1,0.1,103,0.0,24.2,20.0,1,501.58
W5236,2025-06-14 17:04:20.064563,11.0,100.0,0.0,0.0,83,0.0,9.3,0.0,0,0.0
W5237,2024-11-03 17:04:20.064563,37.0,56.1,0.2,0.2,69,0.1,91.0,4.0,0,0.0
W5238,2025-12-26 17:04:20.064563,26.8,64.3,2.8,2.8,67,0.0,32.7,0.0,0,0.0
W5239,2026-03-09 17:04:20.064563,33.4,86.6,0.0,0.0,94,1.1,17.2,2.821999999999998,0,0.0
W5240,2026-03-14 17:04:20.064563,24.0,78.2,0.0,0.0,102,0.0,95.4,0.0,0,0.0
W5241,2026-01-10 17:04:20.064563,16.6,95.0,0.0,0.0,84,0.8,33.6,0.0,0,0.0
W5242,2025-03-29 17:04:20.064563,32.5,67.2,0.0,0.0,64,0.0,74.7,0.0,0,0.0
W5243,2025-11-10 17:04:20.064563,31.5,68.9,6.4,6.4,49,0.0,23.0,0.0,0,0.0
W5244,2025-09-28 17:04:20.064563,34.7,63.3,3.3,3.3,28,0.7,72.7,0.0,0,0.0
W5245,2025-11-25 17:04:20.064563,24.9,61.7,0.3,0.3,78,2.1,23.2,0.0,0,0.0
W5246,2024-10-05 17:04:20.064563,19.0,85.2,0.0,0.0,77,0.0,63.8,0.0,0,0.0
W5247,2024-10-02 17:04:20.064563,9.4,82.6,1.2,1.2,47,0.8,44.1,0.0,0,0.0
W5248,2025-01-13 17:04:20.064563,33.2,58.5,0.0,0.0,80,1.3,79.9,0.0,0,0.0
W5249,2025-06-20 17:04:20.064563,29.2,58.9,0.2,0.2,79,1.0,73.0,0.0,0,0.0
W5250,2024-09-15 17:04:20.064563,15.3,90.6,0.0,0.0,40,0.7,93.5,0.0,0,0.0
W5251,2026-02-15 17:04:20.064563,19.6,83.9,0.0,0.0,63,0.0,37.7,0.0,0,0.0
W5252,2024-06-02 17:04:20.064563,20.3,84.3,0.0,0.0,97,1.5,75.4,0.0,0,0.0
W5253,2024-09-25 17:04:20.064563,10.2,97.6,14.8,14.8,26,0.0,96.9,3.7,0,0.0
W5254,2024-09-11 17:04:20.064563,16.8,78.7,0.0,0.0,68,0.0,33.6,0.0,0,0.0
W5255,2025-08-26 17:04:20.064563,13.7,86.9,0.0,0.0,71,1.9,29.0,0.0,0,0.0
W5256,2024-07-18 17:04:20.064563,20.9,87.9,0.0,0.0,67,0.4,76.9,0.0,1,32.5
W5257,2025-04-08 17:04:20.064563,17.6,94.3,0.0,0.0,80,0.0,44.6,0.0,0,0.0
W5258,2024-04-28 17:04:20.064563,8.7,85.4,0.8,0.8,83,0.0,39.9,0.0,0,0.0
W5259,2025-05-30 17:04:20.064563,45.0,27.2,0.0,0.0,91,0.0,54.6,20.0,1,333.0
W5260,2024-12-28 17:04:20.064563,37.5,46.4,0.0,0.0,59,2.0,93.6,5.0,0,0.0
W5261,2025-10-08 17:04:20.064563,17.2,94.6,0.0,0.0,75,0.0,8.4,0.0,0,0.0
W5262,2024-12-13 17:04:20.064563,27.7,80.6,0.0,0.0,81,0.0,46.6,0.0,0,0.0
W5263,2024-07-29 17:04:20.064563,29.2,57.0,1.5,1.5,59,1.6,11.0,0.0,0,0.0
W5264,2024-08-29 17:04:20.064563,36.9,57.7,1.4,1.4,46,0.3,88.4,3.799999999999997,0,0.0
W5265,2025-11-06 17:04:20.064563,16.8,100.0,5.6,5.6,55,0.0,13.7,0.0,0,0.0
W5266,2024-12-04 17:04:20.064563,35.9,60.3,0.0,0.0,51,1.1,9.0,1.7999999999999972,0,0.0
W5267,2024-03-23 17:04:20.064563,19.5,94.9,2.2,2.2,44,0.6,96.4,0.0,0,0.0
W5268,2025-02-19 17:04:20.064563,11.6,100.0,0.0,0.0,66,0.6,56.3,0.0,0,0.0
W5269,2025-07-08 17:04:20.064563,32.2,52.5,0.0,0.0,58,0.0,82.6,0.0,0,0.0
W5270,2026-03-14 17:04:20.064563,37.9,51.2,0.0,0.0,64,0.0,47.0,5.799999999999997,0,0.0
W5271,2024-08-23 17:04:20.064563,45.0,42.8,0.0,0.0,29,0.0,43.6,20.0,1,204.69
W5272,2024-04-27 17:04:20.064563,13.0,91.5,0.7,0.7,55,0.1,91.2,0.0,0,0.0
W5273,2024-08-22 17:04:20.064563,32.0,71.2,0.0,0.0,15,0.0,99.0,0.12000000000000029,0,0.0
W5274,2025-02-11 17:04:20.064563,20.9,82.7,1.9,1.9,34,0.5,61.9,0.0,0,0.0
W5275,2025-11-19 17:04:20.064563,32.8,31.4,6.1,6.1,44,0.0,91.8,0.0,0,0.0
W5276,2024-05-09 17:04:20.064563,10.3,81.4,15.5,15.5,51,1.3,86.3,3.875,0,0.0
W5277,2025-12-18 17:04:20.064563,12.4,69.6,0.0,0.0,68,0.0,54.4,0.0,0,0.0
W5278,2025-12-08 17:04:20.064563,17.2,85.9,3.5,3.5,52,0.4,94.1,0.0,0,0.0
W5279,2026-01-24 17:04:20.064563,25.8,73.7,0.6,0.6,48,0.0,21.0,0.0,0,0.0
W5280,2025-01-20 17:04:20.064563,18.6,84.9,2.5,2.5,46,0.0,88.5,0.0,0,0.0
W5281,2025-08-02 17:04:20.064563,31.6,53.0,9.6,9.6,62,0.0,30.9,0.0,1,38.71
W5282,2025-10-25 17:04:20.064563,35.3,63.8,0.0,0.0,33,0.0,3.1,0.5999999999999943,0,0.0
W5283,2025-10-02 17:04:20.064563,31.0,70.7,12.5,12.5,15,0.0,78.7,3.16,0,0.0
W5284,2025-03-19 17:04:20.064563,41.2,35.7,0.0,0.0,75,0.0,93.0,12.400000000000006,1,190.95
W5285,2024-05-31 17:04:20.064563,29.2,51.6,2.7,2.7,41,1.0,21.7,0.0,0,0.0
W5286,2026-03-12 17:04:20.064563,12.8,90.8,0.0,0.0,92,0.0,53.4,0.0,0,0.0
W5287,2025-02-06 17:04:20.064563,38.6,70.0,0.8,0.8,65,0.6,74.9,7.200000000000003,0,0.0
W5288,2025-09-07 17:04:20.064563,18.9,98.6,0.0,0.0,75,0.9,33.2,0.0,0,0.0
W5289,2024-10-29 17:04:20.064563,34.1,64.5,0.0,0.0,19,0.7,14.7,0.0,0,0.0
W5290,2024-09-22 17:04:20.064563,40.7,41.6,0.0,0.0,72,0.0,39.2,11.400000000000006,1,152.16
W5291,2025-09-02 17:04:20.064563,29.6,74.5,0.0,0.0,33,0.0,45.7,0.0,0,0.0
W5292,2024-05-26 17:04:20.064563,10.0,90.4,2.3,2.3,59,0.0,74.2,0.0,0,0.0
W5293,2025-08-17 17:04:20.064563,15.8,78.6,3.7,3.7,35,0.0,19.9,0.0,0,0.0
W5294,2024-08-28 17:04:20.064563,38.2,31.2,0.0,0.0,53,0.0,81.5,6.400000000000006,0,0.0
W5295,2025-05-17 17:04:20.064563,23.3,76.1,6.7,6.7,15,0.3,50.2,0.0,0,0.0
W5296,2025-09-25 17:04:20.064563,25.8,65.0,4.1,4.1,15,0.0,90.4,0.0,0,0.0
W5297,2025-09-18 17:04:20.064563,32.6,62.1,0.0,0.0,50,0.0,56.6,0.0,0,0.0
W5298,2025-05-05 17:04:20.064563,32.0,39.1,14.7,14.7,15,0.0,44.7,3.675,0,0.0
W5299,2024-06-20 17:04:20.064563,27.8,70.0,0.0,0.0,28,0.0,28.7,0.0,0,0.0
W5300,2025-03-10 17:04:20.064563,22.9,51.3,5.4,5.4,15,0.0,10.6,0.0,0,0.0
W5301,2024-10-30 17:04:20.064563,21.9,88.1,0.0,0.0,15,1.3,37.2,0.0,0,0.0
W5302,2024-10-22 17:04:20.064563,33.6,64.9,0.0,0.0,55,0.5,41.4,0.0,0,0.0
W5303,2026-01-26 17:04:20.064563,30.5,61.4,0.0,0.0,39,0.7,56.8,0.0,0,0.0
W5304,2025-02-20 17:04:20.064563,22.4,82.0,0.0,0.0,32,0.0,86.0,0.0,0,0.0
W5305,2025-02-20 17:04:20.064563,35.8,46.5,0.0,0.0,47,0.8,46.4,1.5999999999999943,0,0.0
W5306,2025-03-22 17:04:20.064563,23.7,75.2,0.0,0.0,63,0.3,31.4,0.0,0,0.0
W5307,2025-01-12 17:04:20.064563,16.5,93.2,0.9,0.9,46,0.2,87.3,0.0,0,0.0
W5308,2024-10-27 17:04:20.064563,17.4,52.9,0.0,0.0,33,0.0,73.4,0.0,0,0.0
W5309,2025-12-11 17:04:20.064563,15.2,82.7,0.0,0.0,84,0.2,30.7,0.0,0,0.0
W5310,2025-09-12 17:04:20.064563,22.3,76.4,2.1,2.1,24,2.1,16.7,0.0,0,0.0
W5311,2025-07-17 17:04:20.064563,37.3,52.0,0.0,0.0,15,0.6,29.1,4.599999999999994,0,0.0
W5312,2025-10-13 17:04:20.064563,16.9,99.1,0.0,0.0,42,1.7,12.4,0.0,0,0.0
W5313,2026-01-11 17:04:20.064563,26.9,58.4,0.0,0.0,34,0.0,90.3,0.0,0,0.0
W5314,2024-03-27 17:04:20.064563,18.4,76.1,0.3,0.3,57,0.1,61.2,0.0,0,0.0
W5315,2024-07-13 17:04:20.064563,22.4,57.2,0.0,0.0,28,0.8,86.4,0.0,0,0.0
W5316,2026-01-31 17:04:20.064563,9.9,100.0,0.7,0.7,33,0.4,82.0,0.0,0,0.0
W5317,2025-03-07 17:04:20.064563,22.8,73.3,0.0,0.0,20,0.5,15.3,0.0,0,0.0
W5318,2025-06-17 17:04:20.064563,23.1,71.0,5.1,5.1,43,0.0,44.3,0.0,0,0.0
W5319,2024-11-19 17:04:20.064563,30.4,63.9,0.0,0.0,39,1.2,97.2,0.0,0,0.0
W5320,2026-01-04 17:04:20.064563,27.2,75.5,0.0,0.0,30,0.0,23.4,0.0,0,0.0
W5321,2025-12-06 17:04:20.064563,13.0,93.9,2.1,2.1,28,0.0,5.0,0.0,0,0.0
W5322,2025-12-14 17:04:20.064563,35.8,82.7,0.0,0.0,34,0.1,34.6,5.282999999999993,0,0.0
W5323,2024-11-22 17:04:20.064563,27.1,73.9,11.8,11.8,15,0.0,51.1,2.95,0,0.0
W5324,2024-04-27 17:04:20.064563,27.0,64.9,1.6,1.6,54,0.0,5.6,0.0,0,0.0
W5325,2026-02-14 17:04:20.064563,24.9,67.0,0.0,0.0,56,0.0,42.7,0.0,0,0.0
W5326,2025-02-09 17:04:20.064563,19.8,76.3,0.0,0.0,34,0.0,25.3,0.0,0,0.0
W5327,2025-04-12 17:04:20.064563,27.2,54.2,0.0,0.0,31,1.3,21.2,0.0,0,0.0
W5328,2024-07-12 17:04:20.064563,29.8,65.8,0.0,0.0,15,0.2,26.4,0.0,0,0.0
W5329,2025-04-17 17:04:20.064563,7.5,100.0,13.0,13.0,40,0.0,10.5,3.25,0,0.0
W5330,2024-12-05 17:04:20.064563,19.6,74.4,0.0,0.0,61,1.0,7.7,0.0,0,0.0
W5331,2025-09-22 17:04:20.064563,22.5,68.3,0.0,0.0,39,1.4,59.6,0.0,1,51.37
W5332,2025-01-01 17:04:20.064563,27.6,83.8,1.3,1.3,44,1.8,94.8,0.0,0,0.0
W5333,2024-04-12 17:04:20.064563,36.9,40.3,0.0,0.0,55,0.0,80.5,3.799999999999997,0,0.0
W5334,2025-08-29 17:04:20.064563,17.3,63.4,0.0,0.0,50,1.4,83.4,0.0,0,0.0
W5335,2025-04-05 17:04:20.064563,20.0,68.4,0.0,0.0,15,0.0,73.5,0.0,0,0.0
W5336,2025-08-26 17:04:20.064563,19.9,64.8,0.0,0.0,23,0.3,95.6,0.0,0,0.0
W5337,2025-08-20 17:04:20.064563,17.0,88.4,1.9,1.9,34,0.6,95.1,0.0,0,0.0
W5338,2025-06-17 17:04:20.064563,21.5,74.1,0.0,0.0,32,1.6,77.8,0.0,0,0.0
W5339,2025-07-29 17:04:20.064563,32.7,58.7,4.1,4.1,35,0.5,71.6,0.0,0,0.0
W5340,2024-05-01 17:04:20.064563,14.5,99.8,0.0,0.0,40,0.3,30.5,0.0,0,0.0
W5341,2025-01-15 17:04:20.064563,29.3,59.2,0.0,0.0,32,0.0,9.1,0.0,0,0.0
W5342,2026-01-14 17:04:20.064563,8.0,100.0,1.3,1.3,15,0.0,9.3,0.0,0,0.0
W5343,2024-10-01 17:04:20.064563,19.4,96.0,1.4,1.4,47,0.0,73.6,0.0,0,0.0
W5344,2025-02-09 17:04:20.064563,21.7,72.9,0.0,0.0,43,1.4,2.8,0.0,0,0.0
W5345,2025-08-26 17:04:20.064563,41.7,54.7,0.0,0.0,67,0.0,81.6,13.400000000000006,1,116.63
W5346,2024-06-10 17:04:20.064563,22.3,74.2,0.0,0.0,16,1.7,36.6,0.0,0,0.0
W5347,2024-06-24 17:04:20.064563,3.0,100.0,3.8,3.8,15,0.0,19.2,0.0,0,0.0
W5348,2024-09-05 17:04:20.064563,5.0,86.8,7.7,7.7,15,0.8,40.8,0.0,0,0.0
W5349,2025-09-19 17:04:20.064563,25.3,55.5,0.0,0.0,34,0.2,70.3,0.0,0,0.0
W5350,2025-09-15 17:04:20.064563,31.1,59.4,0.0,0.0,16,1.3,27.5,0.0,0,0.0
W5351,2024-03-25 17:04:20.064563,28.8,58.0,0.5,0.5,51,0.0,17.4,0.0,0,0.0
W5352,2025-12-19 17:04:20.064563,26.7,64.8,0.0,0.0,15,0.0,73.8,0.0,0,0.0
W5353,2024-05-24 17:04:20.064563,36.6,52.9,3.5,3.5,15,1.2,88.1,3.200000000000003,0,0.0
W5354,2024-10-19 17:04:20.064563,19.6,87.8,3.7,3.7,15,0.0,58.6,0.0,0,0.0
W5355,2026-02-02 17:04:20.064563,33.9,55.0,0.0,0.0,79,0.0,52.4,0.0,0,0.0
W5356,2025-12-22 17:04:20.064563,8.7,88.7,2.0,2.0,15,0.0,75.5,0.0,0,0.0
W5357,2024-10-22 17:04:20.064563,16.0,82.6,2.0,2.0,30,0.0,73.3,0.0,0,0.0
W5358,2026-02-17 17:04:20.064563,6.9,91.9,0.0,0.0,15,0.0,0.6,0.0,0,0.0
W5359,2025-05-26 17:04:20.064563,22.3,67.3,0.0,0.0,29,0.6,28.2,0.0,0,0.0
W5360,2024-07-02 17:04:20.064563,24.5,57.1,0.0,0.0,15,0.5,93.2,0.0,0,0.0
W5361,2024-10-14 17:04:20.064563,26.1,71.5,0.0,0.0,44,0.0,96.0,0.0,0,0.0
W5362,2025-09-19 17:04:20.064563,25.6,65.9,0.0,0.0,40,0.0,51.0,0.0,0,0.0
W5363,2026-03-07 17:04:20.064563,15.7,96.1,1.2,1.2,24,0.1,56.0,0.0,0,0.0
W5364,2025-06-06 17:04:20.064563,23.1,60.9,1.2,1.2,15,1.3,0.1,0.0,0,0.0
W5365,2026-01-09 17:04:20.064563,10.0,89.5,0.0,0.0,20,0.0,67.2,0.0,0,0.0
W5366,2024-05-30 17:04:20.064563,38.6,70.2,0.5,0.5,15,0.0,21.2,7.286000000000004,1,48.33
W5367,2026-02-18 17:04:20.064563,22.0,67.7,0.0,0.0,37,0.0,12.8,0.0,0,0.0
W5368,2024-08-22 17:04:20.064563,20.1,77.5,0.0,0.0,15,0.0,30.5,0.0,0,0.0
W5369,2024-04-11 17:04:20.064563,40.9,36.5,0.0,0.0,44,0.0,66.5,11.799999999999997,1,85.83
W5370,2025-07-01 17:04:20.064563,12.6,77.6,0.0,0.0,40,0.0,43.6,0.0,0,0.0
W5371,2025-02-20 17:04:20.064563,13.7,100.0,0.0,0.0,15,0.0,34.9,0.0,0,0.0
W5372,2024-04-25 17:04:20.064563,14.0,90.7,24.0,24.0,15,0.5,72.7,12.0,1,196.71
W5373,2024-06-15 17:04:20.064563,24.3,74.9,1.0,1.0,17,0.0,81.4,0.0,0,0.0
W5374,2024-06-01 17:04:20.064563,29.3,49.1,0.0,0.0,40,1.0,86.9,0.0,0,0.0
W5375,2024-05-12 17:04:20.064563,32.4,65.0,3.4,3.4,15,1.4,44.5,0.0,0,0.0
W5376,2024-09-16 17:04:20.064563,45.0,54.1,0.8,0.8,22,1.9,71.8,20.0,1,283.84
W5377,2024-11-30 17:04:20.064563,2.5,100.0,3.5,3.5,35,1.5,88.5,0.0,0,0.0
W5378,2025-10-10 17:04:20.064563,31.1,70.1,0.0,0.0,25,2.4,90.9,0.005499999999999694,0,0.0
W5379,2024-05-29 17:04:20.064563,19.4,69.6,0.0,0.0,15,0.2,49.2,0.0,0,0.0
W5380,2025-10-27 17:04:20.064563,19.1,84.4,0.0,0.0,15,0.8,35.5,0.0,0,0.0
W5381,2024-11-06 17:04:20.064563,18.8,88.5,0.0,0.0,38,0.0,90.0,0.0,0,0.0
W5382,2024-12-07 17:04:20.064563,15.9,68.2,0.0,0.0,35,0.7,26.1,0.0,0,0.0
W5383,2025-05-09 17:04:20.064563,41.8,36.0,0.0,0.0,15,0.1,79.7,13.599999999999994,1,80.97
W5384,2025-04-19 17:04:20.064563,33.4,68.7,0.0,0.0,24,0.0,90.9,0.0,0,0.0
W5385,2025-06-22 17:04:20.064563,25.2,80.9,3.9,3.9,31,0.0,74.0,0.0,0,0.0
W5386,2025-12-23 17:04:20.064563,38.5,36.7,0.0,0.0,30,2.0,68.0,7.0,0,0.0
W5387,2025-05-06 17:04:20.064563,9.9,100.0,11.3,11.3,15,0.6,5.1,2.825,0,0.0
W5388,2025-06-04 17:04:20.064563,11.7,93.4,0.0,0.0,61,1.9,20.3,0.0,0,0.0
W5389,2025-02-04 17:04:20.064563,3.2,100.0,6.5,6.5,15,0.0,66.7,0.0,1,16.59
W5390,2024-04-04 17:04:20.064563,18.0,76.6,0.0,0.0,26,0.0,78.5,0.0,0,0.0
W5391,2025-04-20 17:04:20.064563,26.6,76.5,0.0,0.0,15,0.9,6.3,0.0,0,0.0
W5392,2026-02-05 17:04:20.064563,26.0,79.4,4.8,4.8,15,1.9,1.9,0.0,0,0.0
W5393,2024-07-17 17:04:20.064563,26.5,66.7,8.8,8.8,15,2.5,31.2,0.0,0,0.0
W5394,2025-09-16 17:04:20.064563,10.9,93.8,5.4,5.4,26,1.1,64.5,0.0,0,0.0
W5395,2024-03-24 17:04:20.064563,33.0,54.0,0.0,0.0,15,1.8,51.2,0.0,0,0.0
W5396,2026-01-03 17:04:20.064563,27.4,85.4,2.7,2.7,39,1.5,0.8,0.0,0,0.0
W5397,2025-12-11 17:04:20.064563,32.3,60.3,0.0,0.0,15,3.1,15.2,0.0,0,0.0
W5398,2024-05-21 17:04:20.064563,6.1,91.7,12.9,12.9,15,2.7,75.2,3.225,0,0.0
W5399,2025-11-07 17:04:20.064563,28.1,60.7,0.0,0.0,32,1.0,29.8,0.0,1,25.01
W5400,2024-05-03 17:04:20.064563,13.1,91.6,0.0,0.0,26,2.5,11.7,0.0,0,0.0
W5401,2026-03-05 17:04:20.064563,21.0,86.0,0.0,0.0,41,1.3,5.1,0.0,0,0.0
W5402,2024-05-31 17:04:20.064563,30.3,51.1,2.7,2.7,15,2.2,85.0,0.0,1,38.6
W5403,2025-03-19 17:04:20.064563,25.9,89.6,0.0,0.0,15,1.6,47.2,0.0,0,0.0
W5404,2025-08-14 17:04:20.064563,16.5,88.4,0.0,0.0,15,1.2,50.4,0.0,0,0.0
W5405,2024-07-04 17:04:20.064563,25.1,77.1,0.3,0.3,21,0.7,6.1,0.0,0,0.0
W5406,2025-01-08 17:04:20.064563,9.7,94.5,2.7,2.7,15,3.3,48.9,0.0,1,27.3
W5407,2026-02-18 17:04:20.064563,36.5,55.4,0.0,0.0,39,2.3,64.6,3.0,0,0.0
W5408,2025-01-20 17:04:20.064563,22.9,74.1,2.7,2.7,24,3.3,12.3,0.0,0,0.0
W5409,2025-11-29 17:04:20.064563,36.2,65.9,3.9,3.9,28,2.7,90.3,2.4000000000000057,0,0.0
W5410,2024-06-14 17:04:20.064563,19.7,80.3,0.0,0.0,19,1.4,78.3,0.0,0,0.0
W5411,2024-12-31 17:04:20.064563,19.8,88.0,0.8,0.8,29,1.2,80.2,0.0,0,0.0
W5412,2025-06-09 17:04:20.064563,17.4,79.6,2.7,2.7,54,3.3,53.7,0.0,0,0.0
W5413,2025-04-12 17:04:20.064563,33.8,61.3,0.0,0.0,15,4.4,33.4,0.0,0,0.0
W5414,2025-04-26 17:04:20.064563,17.9,75.1,0.8,0.8,15,3.2,64.0,0.0,0,0.0
W5415,2026-01-23 17:04:20.064563,31.4,75.0,0.0,0.0,36,5.2,22.5,0.34999999999999964,0,0.0
W5416,2024-04-18 17:04:20.064563,21.2,69.9,4.3,4.3,15,4.5,13.7,0.0,0,0.0
W5417,2025-07-16 17:04:20.064563,5.2,98.9,0.0,0.0,15,3.7,53.8,0.0,0,0.0
W5418,2024-08-25 17:04:20.064563,19.3,77.9,0.0,0.0,35,4.2,47.9,0.0,0,0.0
W5419,2025-09-15 17:04:20.064563,13.2,86.6,2.3,2.3,15,4.0,15.0,0.0,0,0.0
W5420,2024-10-29 17:04:20.064563,25.3,79.2,0.0,0.0,56,2.2,53.0,0.0,0,0.0
W5421,2024-08-04 17:04:20.064563,13.1,87.2,0.0,0.0,29,3.5,54.6,0.0,0,0.0
W5422,2025-04-22 17:04:20.064563,34.3,72.5,0.8,0.8,20,3.5,87.2,0.5374999999999996,0,0.0
W5423,2025-09-27 17:04:20.064563,24.1,65.7,0.0,0.0,15,2.2,75.9,0.0,0,0.0
W5424,2025-01-14 17:04:20.064563,23.2,76.9,0.0,0.0,31,3.1,21.8,0.0,0,0.0
W5425,2025-12-27 17:04:20.064563,31.6,54.9,0.0,0.0,15,2.4,81.8,0.0,0,0.0
W5426,2024-08-12 17:04:20.064563,34.6,62.3,0.0,0.0,15,4.1,96.9,0.0,0,0.0
W5427,2025-01-17 17:04:20.064563,24.8,72.6,0.8,0.8,15,4.0,71.7,0.0,0,0.0
W5428,2026-02-09 17:04:20.064563,17.3,82.5,2.1,2.1,46,3.2,78.7,0.0,0,0.0
W5429,2026-01-10 17:04:20.064563,7.3,100.0,0.1,0.1,15,3.9,26.6,0.0,0,0.0
W5430,2025-04-04 17:04:20.064563,18.1,76.2,0.0,0.0,15,3.2,99.2,0.0,0,0.0
W5431,2024-03-29 17:04:20.064563,18.8,87.6,11.4,11.4,15,5.5,17.6,2.85,0,0.0
W5432,2025-10-05 17:04:20.064563,26.1,63.2,0.0,0.0,74,4.1,75.1,0.0,0,0.0
W5433,2025-10-07 17:04:20.064563,21.5,78.8,0.1,0.1,51,7.3,39.5,0.0,0,0.0
W5434,2024-08-09 17:04:20.064563,31.9,50.2,0.0,0.0,15,5.5,35.7,0.0,0,0.0
W5435,2024-07-22 17:04:20.064563,18.9,75.1,0.0,0.0,15,4.6,28.5,0.0,0,0.0
W5436,2024-04-29 17:04:20.064563,24.4,72.5,0.0,0.0,15,3.5,44.1,0.0,0,0.0
W5437,2024-03-23 17:04:20.064563,36.8,72.9,0.0,0.0,15,3.3,79.1,4.585999999999996,0,0.0
W5438,2025-10-25 17:04:20.064563,28.4,68.4,1.9,1.9,39,2.9,94.1,0.0,0,0.0
W5439,2025-11-18 17:04:20.064563,24.4,89.9,1.5,1.5,22,6.0,41.6,0.0,0,0.0
W5440,2025-04-25 17:04:20.064563,19.0,83.7,0.0,0.0,15,3.8,65.2,0.0,0,0.0
W5441,2025-09-19 17:04:20.064563,18.7,78.1,3.3,3.3,15,3.0,78.8,0.0,0,0.0
W5442,2025-09-29 17:04:20.064563,16.5,100.0,0.0,0.0,79,6.9,10.0,0.0,0,0.0
W5443,2024-06-13 17:04:20.064563,19.6,85.0,0.0,0.0,49,2.9,96.1,0.0,0,0.0
W5444,2025-01-24 17:04:20.064563,32.6,54.7,0.0,0.0,17,6.7,21.2,0.0,0,0.0
W5445,2024-10-19 17:04:20.064563,22.8,80.5,3.0,3.0,53,2.9,91.5,0.0,0,0.0
W5446,2025-03-05 17:04:20.064563,11.5,89.8,0.0,0.0,15,3.1,98.7,0.0,0,0.0
W5447,2024-10-20 17:04:20.064563,42.7,26.1,0.0,0.0,33,6.2,10.0,15.400000000000006,1,169.17
W5448,2025-05-14 17:04:20.064563,28.2,77.1,3.4,3.4,24,4.4,89.3,0.0,0,0.0
W5449,2026-01-08 17:04:20.064563,10.9,100.0,0.0,0.0,40,4.8,64.1,0.0,0,0.0
W5450,2025-08-24 17:04:20.064563,20.6,97.5,0.0,0.0,18,3.1,81.8,0.0,0,0.0
W5451,2024-08-10 17:04:20.064563,26.1,75.1,0.0,0.0,40,5.6,10.9,0.0,0,0.0
W5452,2024-08-29 17:04:20.064563,42.0,44.4,0.0,0.0,15,4.0,83.4,14.0,1,117.95
W5453,2024-09-22 17:04:20.064563,13.9,97.5,0.0,0.0,31,3.7,62.6,0.0,0,0.0
W5454,2024-10-30 17:04:20.064563,34.8,66.4,0.0,0.0,66,5.2,51.1,0.0,0,0.0
W5455,2025-12-09 17:04:20.064563,39.0,67.9,0.0,0.0,60,5.7,56.0,8.0,0,0.0
W5456,2024-12-01 17:04:20.064563,18.7,81.5,0.0,0.0,26,3.6,74.4,0.0,0,0.0
W5457,2024-10-02 17:04:20.064563,22.2,75.0,0.0,0.0,15,7.3,29.8,0.0,0,0.0
W5458,2024-07-13 17:04:20.064563,14.6,80.9,0.0,0.0,15,5.4,94.3,0.0,0,0.0
W5459,2024-09-19 17:04:20.064563,23.0,80.9,2.0,2.0,50,7.6,30.8,0.0,0,0.0
W5460,2026-02-03 17:04:20.064563,24.6,57.6,0.0,0.0,47,5.0,87.7,0.0,0,0.0
W5461,2025-10-19 17:04:20.064563,31.6,70.4,8.6,8.6,33,8.1,1.2,0.23199999999999976,0,0.0
W5462,2024-05-12 17:04:20.064563,35.9,62.0,0.0,0.0,77,4.5,91.6,1.7999999999999972,0,0.0
W5463,2025-10-01 17:04:20.064563,17.5,89.6,0.0,0.0,46,4.9,85.2,0.0,0,0.0
W5464,2025-07-03 17:04:20.064563,5.3,100.0,4.0,4.0,40,6.8,12.4,0.0,0,0.0
W5465,2026-01-07 17:04:20.064563,24.8,88.1,4.5,4.5,15,5.0,73.7,0.0,0,0.0
W5466,2025-10-01 17:04:20.064563,27.9,76.8,0.0,0.0,77,6.6,37.4,0.0,0,0.0
W5467,2024-05-31 17:04:20.064563,27.5,62.7,0.2,0.2,42,6.7,48.0,0.0,0,0.0
W5468,2025-01-09 17:04:20.064563,21.7,71.5,0.0,0.0,30,6.1,6.9,0.0,0,0.0
W5469,2026-02-03 17:04:20.064563,26.2,61.8,1.1,1.1,48,7.3,21.3,0.0,0,0.0
W5470,2024-05-25 17:04:20.064563,40.2,55.3,0.0,0.0,87,5.2,95.4,10.400000000000006,1,81.48
W5471,2024-11-29 17:04:20.064563,28.8,56.8,1.0,1.0,88,5.7,41.8,0.0,0,0.0
W5472,2024-06-26 17:04:20.064563,21.3,88.9,0.0,0.0,29,7.8,2.6,0.0,0,0.0
W5473,2024-10-06 17:04:20.064563,20.0,93.2,4.4,4.4,63,4.1,51.5,0.0,0,0.0
W5474,2025-11-02 17:04:20.064563,23.3,66.3,7.0,7.0,42,4.1,99.5,0.0,0,0.0
W5475,2025-07-29 17:04:20.064563,41.4,46.1,0.0,0.0,69,5.2,33.3,12.799999999999997,0,0.0
W5476,2025-02-19 17:04:20.064563,23.2,75.4,0.0,0.0,56,6.9,14.1,0.0,1,40.51
W5477,2025-03-18 17:04:20.064563,24.8,81.6,1.8,1.8,59,5.4,64.4,0.0,0,0.0
W5478,2024-07-27 17:04:20.064563,20.2,95.8,0.0,0.0,77,3.7,92.0,0.0,0,0.0
W5479,2026-02-03 17:04:20.064563,36.0,39.2,1.8,1.8,15,4.4,85.9,2.0,0,0.0
W5480,2026-01-18 17:04:20.064563,44.6,39.9,0.0,0.0,59,5.7,65.7,19.200000000000003,0,0.0
W5481,2024-11-13 17:04:20.064563,29.5,63.1,0.0,0.0,29,7.2,18.4,0.0,0,0.0
W5482,2024-06-28 17:04:20.064563,25.8,57.3,0.0,0.0,44,5.0,78.4,0.0,0,0.0
W5483,2025-01-03 17:04:20.064563,25.4,67.1,2.1,2.1,49,2.8,82.3,0.0,0,0.0
W5484,2025-12-12 17:04:20.064563,1.2,100.0,0.0,3.7,34,4.4,85.0,0.0,0,0.0
W5485,2024-05-28 17:04:20.064563,32.5,58.5,0.0,0.0,43,4.1,40.4,0.0,0,0.0
W5486,2024-10-02 17:04:20.064563,26.3,55.0,0.0,0.0,27,5.9,40.9,0.0,0,0.0
W5487,2025-02-06 17:04:20.064563,29.3,94.8,2.4,2.4,39,9.1,15.5,2.1999999999999993,0,0.0
W5488,2025-07-28 17:04:20.064563,17.9,85.8,1.7,1.7,63,5.7,77.3,0.0,0,0.0
W5489,2025-06-22 17:04:20.064563,21.2,79.4,1.2,1.2,72,3.5,73.7,0.0,0,0.0
W5490,2025-02-17 17:04:20.064563,20.9,67.7,1.4,1.4,39,6.8,10.0,0.0,0,0.0
W5491,2025-12-09 17:04:20.064563,35.2,59.8,14.3,14.3,56,7.4,2.0,3.975000000000006,0,0.0
W5492,2026-01-22 17:04:20.064563,21.2,76.5,0.0,0.0,70,4.5,95.2,0.0,0,0.0
W5493,2025-01-25 17:04:20.064563,45.0,23.6,0.0,0.0,87,8.4,1.7,20.8,1,435.5
W5494,2026-02-26 17:04:20.064563,29.3,55.3,0.0,0.0,24,6.8,62.9,0.0,0,0.0
W5495,2025-11-06 17:04:20.064563,12.2,99.6,1.0,1.0,64,4.9,45.4,0.0,0,0.0
W5496,2024-08-21 17:04:20.064563,23.7,93.9,0.0,0.0,72,4.8,77.7,0.0,0,0.0
W5497,2025-10-18 17:04:20.064563,18.5,85.9,3.4,3.4,19,5.3,8.8,0.0,0,0.0
W5498,2025-10-19 17:04:20.064563,3.1,100.0,0.0,0.0,109,5.3,68.2,0.0,0,0.0
W5499,2025-03-26 17:04:20.064563,41.0,47.0,0.0,0.0,49,5.6,61.5,12.0,1,175.46
W5500,2025-02-04 17:04:20.064563,32.0,61.1,0.0,0.0,73,4.2,85.4,0.0,0,0.0
W5501,2025-05-30 17:04:20.064563,30.3,75.4,2.7,2.7,76,6.0,51.9,0.08100000000000027,0,0.0
W5502,2024-09-06 17:04:20.064563,26.7,86.6,0.0,0.0,65,3.7,72.8,0.0,0,0.0
W5503,2024-03-22 17:04:20.064563,11.2,100.0,5.8,5.8,80,4.2,43.8,0.0,0,0.0
W5504,2025-02-01 17:04:20.064563,20.2,69.1,0.0,0.0,104,2.6,98.4,0.0,0,0.0
W5505,2024-11-25 17:04:20.064563,33.4,59.2,0.0,0.0,42,5.4,55.9,0.0,0,0.0
W5506,2024-10-30 17:04:20.064563,14.5,91.0,0.0,0.0,67,5.6,75.4,0.0,0,0.0
W5507,2026-03-17 17:04:20.064563,-0.3,100.0,0.0,0.4,84,5.6,9.3,0.8999999999999999,0,0.0
W5508,2026-01-03 17:04:20.064563,22.7,79.8,0.0,0.0,33,4.5,46.3,0.0,0,0.0
W5509,2025-06-07 17:04:20.064563,23.6,82.8,0.8,0.8,86,6.6,6.4,0.0,0,0.0
W5510,2024-12-26 17:04:20.064563,26.4,80.5,2.5,2.5,96,9.6,12.2,3.1999999999999993,1,46.57
W5511,2025-03-21 17:04:20.064563,32.3,78.4,0.0,0.0,93,4.4,50.6,0.9659999999999995,0,0.0
W5512,2024-08-02 17:04:20.064563,31.4,59.6,0.0,0.0,76,6.3,35.2,0.0,0,0.0
W5513,2026-02-11 17:04:20.064563,27.6,55.0,0.0,0.0,99,4.7,46.0,0.0,0,0.0
W5514,2025-02-20 17:04:20.064563,37.0,58.1,0.0,0.0,75,4.2,49.6,4.0,0,0.0
W5515,2025-07-22 17:04:20.064563,9.8,100.0,2.9,2.9,36,4.4,16.0,0.0,0,0.0
W5516,2025-07-04 17:04:20.064563,30.0,60.2,0.0,0.0,59,4.7,36.6,0.0,0,0.0
W5517,2025-06-17 17:04:20.064563,31.3,70.0,0.0,0.0,64,4.3,86.1,0.0,0,0.0
W5518,2025-03-20 17:04:20.064563,12.6,98.1,1.6,1.6,65,2.5,85.7,0.0,0,0.0
W5519,2025-01-24 17:04:20.064563,10.0,97.0,1.6,1.6,65,4.5,49.1,0.0,0,0.0
W5520,2025-07-29 17:04:20.064563,17.5,83.8,0.0,0.0,64,2.7,74.9,0.0,0,0.0
W5521,2025-10-03 17:04:20.064563,18.4,73.2,0.0,0.0,75,3.1,75.4,0.0,0,0.0
W5522,2024-07-07 17:04:20.064563,32.5,38.4,0.0,0.0,101,3.9,4.4,0.0,0,0.0
W5523,2024-09-13 17:04:20.064563,18.9,70.6,17.4,17.4,41,6.1,61.1,4.35,0,0.0
W5524,2026-01-08 17:04:20.064563,16.4,81.4,12.3,12.3,60,3.5,80.5,3.075,0,0.0
W5525,2025-11-29 17:04:20.064563,18.9,92.6,0.0,0.0,28,3.3,59.4,0.0,0,0.0
W5526,2024-06-09 17:04:20.064563,36.2,54.7,0.0,0.0,75,5.0,54.2,2.4000000000000057,0,0.0
W5527,2024-12-30 17:04:20.064563,25.1,67.1,0.0,0.0,95,3.6,53.1,0.0,0,0.0
W5528,2024-08-08 17:04:20.064563,23.2,66.3,0.0,0.0,98,4.1,50.8,0.0,0,0.0
W5529,2025-09-20 17:04:20.064563,23.9,80.7,0.0,0.0,96,4.5,77.8,0.0,0,0.0
W5530,2024-10-05 17:04:20.064563,37.9,66.7,0.0,0.0,80,4.6,64.2,5.799999999999997,0,0.0
W5531,2024-12-12 17:04:20.064563,17.5,94.4,0.0,0.0,82,2.9,21.6,0.0,0,0.0
W5532,2025-12-19 17:04:20.064563,38.2,58.8,3.2,3.2,55,3.5,43.3,6.400000000000006,0,0.0
W5533,2024-06-04 17:04:20.064563,27.1,54.6,0.0,0.0,92,4.5,52.9,0.0,0,0.0
W5534,2024-06-03 17:04:20.064563,23.4,71.4,2.3,2.3,57,2.3,41.9,0.0,0,0.0
W5535,2024-04-06 17:04:20.064563,45.0,62.0,0.0,0.0,89,3.4,23.8,20.0,1,243.51
W5536,2025-08-19 17:04:20.064563,14.4,99.6,5.6,5.6,65,3.4,12.5,0.0,0,0.0
W5537,2025-12-24 17:04:20.064563,21.5,62.4,0.0,0.0,76,4.1,11.7,0.0,0,0.0
W5538,2024-04-18 17:04:20.064563,12.7,90.4,0.0,0.0,96,4.0,29.6,0.0,0,0.0
W5539,2025-11-03 17:04:20.064563,34.5,61.8,0.0,0.0,87,4.0,40.3,0.0,0,0.0
W5540,2025-10-31 17:04:20.064563,41.9,39.5,0.0,0.0,82,2.4,68.3,13.799999999999997,0,0.0
W5541,2025-05-06 17:04:20.064563,41.7,24.4,5.6,5.6,56,0.7,98.5,13.400000000000006,1,80.82
W5542,2025-11-12 17:04:20.064563,37.2,55.1,0.0,0.0,109,1.4,89.7,4.400000000000006,0,0.0
W5543,2024-10-21 17:04:20.064563,23.0,67.6,0.0,0.0,84,0.8,81.4,0.0,0,0.0
W5544,2024-04-24 17:04:20.064563,21.3,70.1,10.5,10.5,71,1.1,81.4,2.625,0,0.0
W5545,2025-10-03 17:04:20.064563,8.3,94.0,0.0,0.0,79,2.7,59.6,0.0,0,0.0
W5546,2024-12-09 17:04:20.064563,45.0,41.2,0.0,0.0,64,1.0,25.3,20.0,1,204.38
W5547,2025-09-25 17:04:20.064563,29.7,65.4,0.0,0.0,85,1.4,47.2,0.0,0,0.0
W5548,2025-09-21 17:04:20.064563,20.1,71.0,0.0,0.0,66,3.2,14.3,0.0,0,0.0
W5549,2025-07-14 17:04:20.064563,38.3,50.4,0.0,0.0,87,2.4,56.6,6.599999999999994,0,0.0
W5550,2026-01-16 17:04:20.064563,15.3,69.5,0.0,0.0,15,1.4,2.3,0.0,0,0.0
W5551,2024-08-17 17:04:20.064563,29.1,69.5,0.0,0.0,70,1.0,18.9,0.0,0,0.0
W5552,2025-03-27 17:04:20.064563,23.3,46.5,0.0,0.0,78,2.8,71.2,0.0,0,0.0
W5553,2025-04-23 17:04:20.064563,31.4,60.0,0.0,0.0,60,1.9,27.7,0.0,0,0.0
W5554,2024-11-01 17:04:20.064563,24.4,82.6,0.0,0.0,86,0.5,42.0,0.0,0,0.0
W5555,2025-11-11 17:04:20.064563,10.5,83.7,0.0,0.0,70,0.9,83.2,0.0,0,0.0
W5556,2025-01-09 17:04:20.064563,25.8,78.5,1.5,1.5,76,2.5,4.5,0.0,0,0.0
W5557,2024-08-02 17:04:20.064563,35.5,68.3,0.0,0.0,68,0.4,2.3,1.0,0,0.0
W5558,2025-07-06 17:04:20.064563,24.7,39.9,0.0,0.0,99,0.1,22.9,0.0,0,0.0
W5559,2025-08-13 17:04:20.064563,32.8,59.4,3.5,3.5,83,0.9,68.4,0.0,0,0.0
W5560,2025-08-22 17:04:20.064563,14.5,59.4,0.0,0.0,85,0.0,23.6,0.0,0,0.0
W5561,2024-06-18 17:04:20.064563,24.7,71.7,0.0,0.0,81,0.0,86.4,0.0,0,0.0
W5562,2025-04-28 17:04:20.064563,18.8,81.8,7.6,7.6,115,0.0,35.2,0.0,0,0.0
W5563,2025-03-25 17:04:20.064563,32.5,36.5,0.0,0.0,76,0.0,28.4,0.0,0,0.0
W5564,2025-08-14 17:04:20.064563,25.3,91.3,7.8,7.8,50,0.4,23.3,0.0,0,0.0
W5565,2024-03-28 17:04:20.064563,31.9,65.0,6.9,6.9,42,0.7,57.4,0.0,0,0.0
W5566,2026-01-25 17:04:20.064563,35.9,47.7,0.0,0.0,98,2.0,85.6,1.7999999999999972,0,0.0
W5567,2024-11-17 17:04:20.064563,31.9,76.8,2.0,2.0,108,0.6,40.6,0.6459999999999992,0,0.0
W5568,2025-12-06 17:04:20.064563,27.7,50.4,0.0,0.0,63,0.0,25.3,0.0,0,0.0
W5569,2026-02-16 17:04:20.064563,15.0,75.2,0.0,0.0,74,0.0,42.1,0.0,0,0.0
W5570,2024-09-03 17:04:20.064563,25.0,49.5,0.0,0.0,72,1.9,90.5,0.0,0,0.0
W5571,2025-08-26 17:04:20.064563,19.7,98.5,0.0,0.0,77,0.5,33.5,0.0,0,0.0
W5572,2024-08-08 17:04:20.064563,21.6,81.0,10.6,10.6,23,1.0,65.6,2.65,0,0.0
W5573,2025-06-17 17:04:20.064563,21.3,84.7,0.4,0.4,95,0.0,33.0,0.0,0,0.0
W5574,2024-08-28 17:04:20.064563,15.2,90.2,3.0,3.0,97,0.0,67.5,0.0,0,0.0
W5575,2024-09-17 17:04:20.064563,5.4,100.0,4.7,4.7,32,0.0,88.1,0.0,0,0.0
W5576,2025-10-18 17:04:20.064563,18.3,83.3,0.0,0.0,114,0.9,59.9,0.0,0,0.0
W5577,2025-10-18 17:04:20.064563,26.9,72.3,0.0,0.0,111,0.0,94.7,0.0,0,0.0
W5578,2026-01-22 17:04:20.064563,11.5,93.8,0.0,0.0,17,0.6,60.2,0.0,0,0.0
W5579,2024-08-14 17:04:20.064563,25.2,66.2,4.8,4.8,26,0.0,97.5,0.0,0,0.0
W5580,2025-07-26 17:04:20.064563,44.0,43.5,0.0,0.0,76,0.0,72.4,18.0,1,132.19
W5581,2025-03-20 17:04:20.064563,35.2,59.9,0.0,0.0,105,0.0,65.3,0.4000000000000057,0,0.0
W5582,2024-04-28 17:04:20.064563,41.4,49.0,0.4,0.4,83,1.1,83.0,12.799999999999997,1,129.64
W5583,2024-10-28 17:04:20.064563,28.9,51.9,0.0,0.0,79,0.0,1.1,0.0,0,0.0
W5584,2025-07-30 17:04:20.064563,36.7,41.5,0.0,0.0,90,0.0,25.7,3.4000000000000057,0,0.0
W5585,2024-11-10 17:04:20.064563,17.8,94.2,0.0,0.0,62,1.4,21.6,0.0,0,0.0
W5586,2024-05-21 17:04:20.064563,18.6,79.1,0.0,0.0,103,0.4,11.1,0.0,0,0.0
W5587,2024-12-13 17:04:20.064563,-2.4,100.0,0.0,0.3,76,0.0,93.8,7.199999999999999,0,0.0
W5588,2025-03-31 17:04:20.064563,36.9,43.8,0.0,0.0,45,0.0,13.1,3.799999999999997,0,0.0
W5589,2024-11-12 17:04:20.064563,40.4,34.7,0.5,0.5,60,0.3,26.3,10.799999999999997,1,114.38
W5590,2024-04-30 17:04:20.064563,19.5,72.4,3.9,3.9,77,0.2,33.5,0.0,0,0.0
W5591,2026-01-31 17:04:20.064563,22.5,74.1,0.0,0.0,71,0.5,62.5,0.0,0,0.0
W5592,2024-10-15 17:04:20.064563,17.5,77.2,5.5,5.5,58,0.0,76.7,0.0,0,0.0
W5593,2025-08-30 17:04:20.064563,28.8,79.7,4.0,4.0,72,0.0,60.5,0.0,0,0.0
W5594,2025-03-22 17:04:20.064563,36.2,57.4,13.1,13.1,57,0.0,74.9,5.675000000000006,0,0.0
W5595,2025-04-19 17:04:20.064563,7.6,100.0,0.2,0.2,51,0.8,40.2,0.0,0,0.0
W5596,2025-07-11 17:04:20.064563,29.1,70.4,0.0,0.0,100,0.0,99.6,0.0,0,0.0
W5597,2025-06-26 17:04:20.064563,22.2,52.5,1.1,1.1,71,0.0,17.0,0.0,0,0.0
W5598,2024-05-04 17:04:20.064563,26.1,81.4,0.0,0.0,84,0.2,40.0,0.0,0,0.0
W5599,2024-04-27 17:04:20.064563,29.6,50.5,9.6,9.6,58,0.0,83.2,0.0,0,0.0
W5600,2026-01-11 17:04:20.064563,23.1,77.6,0.0,0.0,66,0.5,24.7,0.0,0,0.0
W5601,2025-02-12 17:04:20.064563,24.0,66.3,0.0,0.0,93,0.3,75.1,0.0,0,0.0
W5602,2024-07-01 17:04:20.064563,22.9,97.1,8.4,8.4,59,0.0,36.4,0.0,0,0.0
W5603,2026-03-08 17:04:20.064563,34.7,72.3,0.0,0.0,75,0.0,17.8,0.5404999999999996,1,35.8
W5604,2025-09-02 17:04:20.064563,29.2,58.8,0.0,0.0,24,1.4,40.3,0.0,0,0.0
W5605,2025-12-26 17:04:20.064563,27.2,67.9,0.0,0.0,89,1.5,78.5,0.0,0,0.0
W5606,2024-12-23 17:04:20.064563,12.3,94.0,0.0,0.0,69,0.7,11.2,0.0,0,0.0
W5607,2024-12-12 17:04:20.064563,21.2,86.8,0.0,0.0,88,1.3,51.6,0.0,0,0.0
W5608,2025-10-31 17:04:20.064563,34.0,59.3,2.2,2.2,101,0.0,74.1,0.0,0,0.0
W5609,2025-09-26 17:04:20.064563,25.4,61.7,2.4,2.4,83,0.6,75.2,0.0,0,0.0
W5610,2025-10-22 17:04:20.064563,31.6,55.4,0.4,0.4,72,0.2,39.0,0.0,0,0.0
W5611,2024-09-12 17:04:20.064563,42.7,46.0,8.4,8.4,49,0.7,46.6,15.400000000000006,0,0.0
W5612,2025-04-07 17:04:20.064563,35.4,69.3,2.6,2.6,116,1.8,85.7,0.7999999999999972,0,0.0
W5613,2026-01-16 17:04:20.064563,25.9,75.4,3.4,3.4,73,1.0,20.8,0.0,0,0.0
W5614,2025-04-09 17:04:20.064563,19.9,72.4,0.0,0.0,74,0.0,99.3,0.0,0,0.0
W5615,2025-03-27 17:04:20.064563,-0.5,100.0,0.0,0.0,66,1.6,41.9,1.5,0,0.0
W5616,2025-11-09 17:04:20.064563,23.3,71.2,7.3,7.3,37,0.2,27.5,0.0,0,0.0
W5617,2026-01-16 17:04:20.064563,21.7,86.3,0.0,0.0,30,0.7,0.3,0.0,0,0.0
W5618,2024-06-05 17:04:20.064563,28.9,91.9,0.0,0.0,99,0.0,12.5,0.0,0,0.0
W5619,2025-08-29 17:04:20.064563,23.5,71.2,0.0,0.0,52,0.7,75.7,0.0,0,0.0
W5620,2024-11-30 17:04:20.064563,21.8,85.3,0.0,0.0,64,0.4,64.9,0.0,0,0.0
W5621,2025-04-07 17:04:20.064563,7.2,91.7,0.0,0.0,65,1.1,24.7,0.0,0,0.0
W5622,2024-11-01 17:04:20.064563,15.6,85.5,0.0,0.0,95,0.0,92.7,0.0,0,0.0
W5623,2025-08-28 17:04:20.064563,29.8,65.6,0.0,0.0,51,1.0,83.6,0.0,0,0.0
W5624,2025-05-07 17:04:20.064563,42.2,44.8,0.0,0.0,71,0.0,26.9,14.400000000000006,1,138.3
W5625,2025-03-14 17:04:20.064563,24.0,98.6,0.0,0.0,76,0.0,33.0,0.0,0,0.0
W5626,2025-03-06 17:04:20.064563,28.3,64.5,0.0,0.0,37,0.0,18.5,0.0,0,0.0
W5627,2025-07-29 17:04:20.064563,34.5,64.1,7.8,7.8,19,0.3,64.3,0.0,0,0.0
W5628,2025-07-24 17:04:20.064563,16.9,65.4,0.0,0.0,50,1.0,70.1,0.0,0,0.0
W5629,2025-11-26 17:04:20.064563,28.7,71.3,0.0,0.0,69,0.0,39.6,0.0,0,0.0
W5630,2024-03-24 17:04:20.064563,17.6,95.0,0.0,0.0,66,1.4,73.7,0.0,0,0.0
W5631,2025-08-13 17:04:20.064563,33.6,54.3,11.8,11.8,37,0.0,99.2,2.95,0,0.0
W5632,2024-08-07 17:04:20.064563,26.5,45.1,0.0,0.0,75,0.0,61.2,0.0,0,0.0
W5633,2025-06-11 17:04:20.064563,28.0,67.6,6.1,6.1,32,0.7,64.9,0.0,0,0.0
W5634,2024-09-03 17:04:20.064563,17.2,84.4,0.0,0.0,58,1.2,37.4,0.0,0,0.0
W5635,2024-11-08 17:04:20.064563,32.1,69.1,5.8,5.8,47,0.1,1.1,0.0,0,0.0
W5636,2024-06-04 17:04:20.064563,45.0,62.6,0.0,0.0,44,1.8,95.4,20.0,1,464.68
W5637,2025-08-26 17:04:20.064563,14.9,83.8,4.0,4.0,98,0.5,77.2,0.0,0,0.0
W5638,2026-01-05 17:04:20.064563,21.6,69.0,3.3,3.3,15,0.4,69.6,0.0,0,0.0
W5639,2024-12-30 17:04:20.064563,27.3,57.4,27.8,27.8,28,0.0,3.0,13.9,1,195.24
W5640,2024-10-20 17:04:20.064563,32.9,62.7,0.0,0.0,74,0.0,75.9,0.0,0,0.0
W5641,2024-08-18 17:04:20.064563,19.4,85.7,0.0,0.0,74,0.0,67.0,0.0,0,0.0
W5642,2024-09-25 17:04:20.064563,-3.3,100.0,7.2,8.3,45,1.6,56.9,9.899999999999999,0,0.0
W5643,2024-08-26 17:04:20.064563,38.6,59.9,0.0,0.0,84,0.2,62.4,7.200000000000003,0,0.0
W5644,2025-03-23 17:04:20.064563,32.6,65.7,3.8,3.8,40,0.0,91.8,0.0,0,0.0
W5645,2025-11-24 17:04:20.064563,7.6,99.1,0.0,0.0,64,0.0,0.7,0.0,0,0.0
W5646,2024-07-17 17:04:20.064563,18.9,72.6,4.8,4.8,47,0.5,15.7,0.0,0,0.0
W5647,2026-01-23 17:04:20.064563,40.7,44.2,0.0,0.0,50,0.0,89.5,11.400000000000006,1,184.94
W5648,2024-11-08 17:04:20.064563,39.5,26.5,0.0,0.0,57,0.4,0.8,9.0,0,0.0
W5649,2025-05-16 17:04:20.064563,34.4,60.8,0.0,0.0,35,0.0,90.4,0.0,0,0.0
W5650,2025-02-19 17:04:20.064563,23.2,75.4,0.0,0.0,40,0.0,3.0,0.0,0,0.0
W5651,2024-07-12 17:04:20.064563,25.8,73.1,0.0,0.0,84,0.6,77.9,0.0,0,0.0
W5652,2025-07-24 17:04:20.064563,23.7,79.5,2.9,2.9,104,0.0,89.1,0.0,0,0.0
W5653,2026-02-07 17:04:20.064563,36.3,59.4,0.0,0.0,62,0.0,61.3,2.5999999999999943,1,30.7
W5654,2025-07-21 17:04:20.064563,16.2,84.5,0.0,0.0,68,0.0,64.1,0.0,0,0.0
W5655,2025-07-21 17:04:20.064563,16.9,85.1,0.0,0.0,56,0.0,5.1,0.0,0,0.0
W5656,2024-10-19 17:04:20.064563,35.1,43.3,0.0,0.0,59,0.5,21.1,0.20000000000000284,0,0.0
W5657,2025-11-12 17:04:20.064563,24.6,67.3,0.0,0.0,61,0.8,89.9,0.0,0,0.0
W5658,2024-08-30 17:04:20.064563,38.8,52.3,0.0,0.0,70,1.1,82.4,7.599999999999994,0,0.0
W5659,2026-01-09 17:04:20.064563,18.3,75.2,0.0,0.0,79,0.7,6.0,0.0,0,0.0
W5660,2025-05-12 17:04:20.064563,24.5,81.9,0.0,0.0,31,0.0,81.3,0.0,0,0.0
W5661,2024-04-09 17:04:20.064563,15.8,79.7,0.0,0.0,104,0.0,42.3,0.0,0,0.0
W5662,2024-11-22 17:04:20.064563,25.1,74.6,0.0,0.0,50,1.0,56.1,0.0,0,0.0
W5663,2024-05-01 17:04:20.064563,10.2,95.8,7.2,7.2,35,0.0,10.8,0.0,0,0.0
W5664,2024-07-26 17:04:20.064563,20.1,87.3,0.0,0.0,38,0.0,39.9,0.0,0,0.0
W5665,2025-10-26 17:04:20.064563,10.6,100.0,0.0,0.0,37,1.9,43.5,0.0,0,0.0
W5666,2025-11-14 17:04:20.064563,31.9,69.0,0.0,0.0,57,0.0,66.9,0.0,0,0.0
W5667,2024-08-29 17:04:20.064563,32.2,40.7,0.0,0.0,57,0.5,65.8,0.0,0,0.0
W5668,2024-08-02 17:04:20.064563,7.7,100.0,0.0,0.0,55,0.2,54.9,0.0,0,0.0
W5669,2025-12-22 17:04:20.064563,38.3,67.8,0.0,0.0,35,0.0,3.1,6.599999999999994,0,0.0
W5670,2025-08-24 17:04:20.064563,45.0,37.7,0.0,0.0,15,0.0,16.2,20.0,1,326.77
W5671,2024-04-27 17:04:20.064563,25.5,74.2,0.0,0.0,15,0.0,16.0,0.0,0,0.0
W5672,2025-10-25 17:04:20.064563,18.6,73.2,0.1,0.1,42,2.2,88.8,0.0,0,0.0
W5673,2024-08-15 17:04:20.064563,45.0,23.0,4.4,4.4,40,0.0,90.2,20.0,1,373.97
W5674,2024-05-14 17:04:20.064563,11.8,84.9,0.0,0.0,33,0.0,80.6,0.0,0,0.0
W5675,2024-09-04 17:04:20.064563,25.2,66.8,0.0,0.0,27,0.0,17.5,0.0,0,0.0
W5676,2024-12-07 17:04:20.064563,26.8,66.3,8.9,8.9,28,0.5,84.0,0.0,0,0.0
W5677,2024-09-18 17:04:20.064563,38.5,42.7,0.0,0.0,37,0.0,18.8,7.0,0,0.0
W5678,2025-08-29 17:04:20.064563,28.6,59.8,0.0,0.0,30,0.0,55.5,0.0,0,0.0
W5679,2025-05-07 17:04:20.064563,20.0,79.9,4.7,4.7,15,0.6,73.4,0.0,0,0.0
W5680,2025-11-21 17:04:20.064563,15.5,79.1,1.3,1.3,19,1.9,5.2,0.0,0,0.0
W5681,2025-10-16 17:04:20.064563,21.6,83.1,0.0,0.0,56,0.0,59.8,0.0,0,0.0
W5682,2025-12-30 17:04:20.064563,14.9,94.4,9.7,9.7,15,0.0,25.1,0.0,0,0.0
W5683,2024-04-06 17:04:20.064563,25.5,95.6,0.0,0.0,50,0.1,49.8,0.0,0,0.0
W5684,2026-01-24 17:04:20.064563,19.4,92.2,12.4,12.4,39,0.8,38.4,3.1,0,0.0
W5685,2025-01-02 17:04:20.064563,10.1,97.3,0.0,0.0,20,0.0,68.7,0.0,0,0.0
W5686,2024-06-13 17:04:20.064563,37.6,47.5,0.0,0.0,26,0.6,48.9,5.200000000000003,1,48.02
W5687,2024-10-25 17:04:20.064563,20.0,82.9,0.0,0.0,55,0.0,30.2,0.0,0,0.0
W5688,2025-06-20 17:04:20.064563,12.3,94.8,14.7,14.7,30,2.4,91.0,3.675,0,0.0
W5689,2025-11-29 17:04:20.064563,23.3,69.9,0.0,0.0,21,0.6,95.9,0.0,0,0.0
W5690,2025-07-13 17:04:20.064563,25.7,79.3,0.0,0.0,15,0.0,80.2,0.0,0,0.0
W5691,2025-07-24 17:04:20.064563,7.5,84.7,0.0,0.0,58,0.0,58.1,0.0,0,0.0
W5692,2024-09-08 17:04:20.064563,28.3,65.1,2.1,2.1,40,0.3,88.4,0.0,0,0.0
W5693,2024-10-28 17:04:20.064563,14.5,93.8,0.0,0.0,40,0.7,60.2,0.0,0,0.0
W5694,2025-05-12 17:04:20.064563,42.1,44.0,0.0,0.0,50,0.0,14.9,14.200000000000003,0,0.0
W5695,2025-11-23 17:04:20.064563,30.2,62.6,0.0,0.0,15,0.0,1.7,0.0,0,0.0
W5696,2024-08-11 17:04:20.064563,21.0,77.1,26.5,26.5,15,0.7,72.6,13.25,1,219.36
W5697,2025-11-04 17:04:20.064563,17.5,75.3,0.0,0.0,25,0.3,75.2,0.0,0,0.0
W5698,2024-09-20 17:04:20.064563,24.0,85.8,3.6,3.6,35,0.6,92.6,0.0,0,0.0
W5699,2025-12-16 17:04:20.064563,31.1,53.1,0.0,0.0,46,1.5,82.4,0.0,0,0.0
W5700,2026-01-22 17:04:20.064563,24.7,76.1,0.0,0.0,49,0.0,64.0,0.0,0,0.0
W5701,2025-08-23 17:04:20.064563,22.8,79.9,2.3,2.3,36,0.2,19.0,0.0,0,0.0
W5702,2024-12-13 17:04:20.064563,25.6,62.1,0.0,0.0,34,0.0,59.4,0.0,0,0.0
W5703,2024-09-05 17:04:20.064563,19.0,82.3,0.0,0.0,34,0.0,43.5,0.0,0,0.0
W5704,2026-02-18 17:04:20.064563,21.6,68.6,0.0,0.0,35,1.3,23.2,0.0,0,0.0
W5705,2025-03-03 17:04:20.064563,4.1,100.0,11.6,11.6,15,0.0,79.9,2.9,0,0.0
W5706,2025-06-25 17:04:20.064563,34.7,46.5,0.0,0.0,20,0.0,15.0,0.0,0,0.0
W5707,2025-11-18 17:04:20.064563,28.0,61.5,0.0,0.0,35,0.8,63.0,0.0,0,0.0
W5708,2025-11-12 17:04:20.064563,17.3,71.9,4.9,4.9,30,0.1,61.1,0.0,0,0.0
W5709,2024-05-27 17:04:20.064563,44.0,30.4,0.0,0.0,15,0.2,30.4,18.0,1,88.21
W5710,2024-11-08 17:04:20.064563,25.9,87.1,0.4,0.4,15,2.2,42.9,0.0,0,0.0
W5711,2025-04-09 17:04:20.064563,14.6,93.5,0.0,0.0,15,0.0,11.7,0.0,0,0.0
W5712,2025-04-16 17:04:20.064563,33.6,61.1,0.0,0.0,15,0.0,2.6,0.0,0,0.0
W5713,2024-07-31 17:04:20.064563,29.0,60.0,0.0,0.0,15,0.4,1.3,0.0,0,0.0
W5714,2024-07-07 17:04:20.064563,28.9,75.7,0.0,0.0,16,1.2,17.4,0.0,0,0.0
W5715,2024-04-03 17:04:20.064563,20.7,70.6,0.0,0.0,19,0.0,86.7,0.0,0,0.0
W5716,2024-10-11 17:04:20.064563,29.5,73.7,4.0,4.0,15,0.0,52.3,0.0,0,0.0
W5717,2025-09-04 17:04:20.064563,22.4,67.7,0.0,0.0,15,0.0,11.7,0.0,0,0.0
W5718,2025-08-16 17:04:20.064563,30.6,57.7,0.0,0.0,26,0.0,90.5,0.0,0,0.0
W5719,2026-02-16 17:04:20.064563,6.0,100.0,2.8,2.8,20,0.7,56.9,0.0,0,0.0
W5720,2025-05-21 17:04:20.064563,20.7,87.6,0.0,0.0,36,0.0,2.8,0.0,0,0.0
W5721,2024-08-18 17:04:20.064563,42.2,52.6,12.8,12.8,15,0.6,76.3,17.600000000000005,1,151.93
W5722,2025-11-28 17:04:20.064563,17.3,73.5,0.0,0.0,30,0.0,47.3,0.0,0,0.0
W5723,2024-06-24 17:04:20.064563,19.0,77.1,3.2,3.2,18,0.1,53.3,0.0,0,0.0
W5724,2024-09-15 17:04:20.064563,20.5,80.8,0.0,0.0,40,0.0,61.3,0.0,0,0.0
W5725,2025-07-18 17:04:20.064563,12.9,82.2,3.8,3.8,43,0.8,9.4,0.0,0,0.0
W5726,2025-12-07 17:04:20.064563,2.9,100.0,10.2,10.2,15,2.5,94.8,2.55,0,0.0
W5727,2025-11-22 17:04:20.064563,22.7,51.9,0.0,0.0,37,1.0,25.5,0.0,0,0.0
W5728,2024-04-26 17:04:20.064563,26.4,62.7,0.0,0.0,15,0.0,62.2,0.0,0,0.0
W5729,2025-09-13 17:04:20.064563,24.5,68.2,0.0,0.0,26,0.6,85.6,0.0,0,0.0
W5730,2025-08-15 17:04:20.064563,23.6,46.2,0.0,0.0,42,0.0,33.2,0.0,0,0.0
W5731,2024-07-16 17:04:20.064563,25.4,57.9,0.0,0.0,15,0.0,62.8,0.0,0,0.0
W5732,2024-06-21 17:04:20.064563,35.2,63.4,0.0,0.0,15,0.0,98.9,0.4000000000000057,0,0.0
W5733,2025-07-24 17:04:20.064563,23.1,75.7,0.0,0.0,15,0.0,85.2,0.0,0,0.0
W5734,2026-01-22 17:04:20.064563,19.3,96.8,0.0,0.0,15,0.0,77.9,0.0,0,0.0
W5735,2024-07-29 17:04:20.064563,22.2,92.2,0.0,0.0,15,0.0,43.9,0.0,0,0.0
W5736,2025-11-25 17:04:20.064563,30.8,68.1,0.5,0.5,43,0.7,45.1,0.0,1,48.65
W5737,2025-09-21 17:04:20.064563,39.1,54.5,0.0,0.0,31,0.0,48.6,8.200000000000003,0,0.0
W5738,2024-03-19 17:04:20.064563,18.7,82.6,0.0,0.0,15,0.2,69.0,0.0,0,0.0
W5739,2026-02-10 17:04:20.064563,26.0,44.5,0.0,0.0,15,0.0,14.4,0.0,0,0.0
W5740,2026-01-11 17:04:20.064563,28.4,53.5,2.0,2.0,15,0.6,86.1,0.0,0,0.0
W5741,2025-06-02 17:04:20.064563,15.1,88.4,0.0,0.0,15,0.0,1.8,0.0,0,0.0
W5742,2025-09-03 17:04:20.064563,25.2,78.4,1.1,1.1,41,0.0,17.0,0.0,0,0.0
W5743,2025-05-22 17:04:20.064563,10.3,97.4,0.0,0.0,17,1.6,48.2,0.0,0,0.0
W5744,2025-04-01 17:04:20.064563,7.3,90.1,0.0,0.0,62,0.2,25.2,0.0,0,0.0
W5745,2024-05-01 17:04:20.064563,28.7,76.4,9.5,9.5,15,0.0,36.6,0.0,0,0.0
W5746,2026-03-02 17:04:20.064563,21.2,93.1,0.0,0.0,15,0.0,33.3,0.0,0,0.0
W5747,2025-09-11 17:04:20.064563,27.0,78.8,0.0,0.0,38,0.0,26.9,0.0,0,0.0
W5748,2025-05-31 17:04:20.064563,24.8,82.7,0.0,0.0,15,0.5,38.0,0.0,0,0.0
W5749,2024-11-07 17:04:20.064563,15.2,81.6,0.7,0.7,22,0.0,50.5,0.0,0,0.0
W5750,2025-07-24 17:04:20.064563,24.5,83.9,0.0,0.0,15,0.0,47.6,0.0,0,0.0
W5751,2025-04-12 17:04:20.064563,12.7,92.5,0.0,0.0,15,0.3,81.2,0.0,0,0.0
W5752,2025-03-11 17:04:20.064563,38.9,56.8,0.0,0.0,17,0.0,30.8,7.799999999999997,1,87.37
W5753,2025-11-11 17:04:20.064563,11.4,96.5,5.8,5.8,25,0.0,28.2,0.0,0,0.0
W5754,2026-03-01 17:04:20.064563,23.0,74.2,0.5,0.5,23,1.4,50.4,0.0,0,0.0
W5755,2025-10-28 17:04:20.064563,14.6,79.5,0.0,0.0,22,1.0,4.8,0.0,0,0.0
W5756,2024-06-26 17:04:20.064563,30.7,63.1,0.0,0.0,15,1.1,11.2,0.0,0,0.0
W5757,2025-05-27 17:04:20.064563,21.7,87.3,0.0,0.0,17,0.0,80.3,0.0,0,0.0
W5758,2024-08-02 17:04:20.064563,19.8,75.9,3.5,3.5,15,2.3,49.4,0.0,0,0.0
W5759,2024-12-03 17:04:20.064563,33.5,68.6,0.0,0.0,32,2.4,6.7,0.0,0,0.0
W5760,2025-07-19 17:04:20.064563,25.3,79.4,0.0,0.0,15,0.0,44.0,0.0,0,0.0
W5761,2024-11-11 17:04:20.064563,30.2,61.8,0.0,0.0,37,1.2,39.8,0.0,0,0.0
W5762,2024-06-11 17:04:20.064563,15.2,100.0,5.3,5.3,15,1.2,24.6,0.0,0,0.0
W5763,2025-01-02 17:04:20.064563,11.0,90.0,0.0,0.0,15,1.5,37.2,0.0,0,0.0
W5764,2025-11-20 17:04:20.064563,26.1,86.0,0.0,0.0,31,3.0,18.8,0.0,0,0.0
W5765,2025-09-25 17:04:20.064563,21.8,81.6,0.0,0.0,15,1.3,44.9,0.0,0,0.0
W5766,2025-05-10 17:04:20.064563,31.3,62.9,1.4,1.4,34,2.8,40.9,0.0,0,0.0
W5767,2024-12-06 17:04:20.064563,24.2,64.8,0.0,0.0,15,0.0,60.8,0.0,0,0.0
W5768,2024-09-27 17:04:20.064563,27.1,68.5,0.0,0.0,34,0.8,94.2,0.0,0,0.0
W5769,2024-03-23 17:04:20.064563,8.8,94.8,4.1,4.1,15,2.1,18.5,0.0,0,0.0
W5770,2026-03-14 17:04:20.064563,43.9,31.6,0.0,0.0,18,1.7,41.7,17.799999999999997,1,118.78
W5771,2024-03-25 17:04:20.064563,23.4,72.8,1.5,1.5,15,2.2,56.2,0.0,0,0.0
W5772,2025-10-30 17:04:20.064563,32.0,54.0,0.0,0.0,15,2.4,54.7,0.0,0,0.0
W5773,2025-09-04 17:04:20.064563,16.6,90.9,0.0,0.0,18,2.4,66.1,0.0,0,0.0
W5774,2024-07-16 17:04:20.064563,28.1,80.9,4.8,4.8,44,3.8,26.8,0.0,0,0.0
W5775,2025-09-01 17:04:20.064563,12.0,79.8,7.8,7.8,15,3.1,63.5,0.0,0,0.0
W5776,2024-03-25 17:04:20.064563,29.5,82.8,0.0,0.0,15,1.8,20.1,0.0,0,0.0
W5777,2025-04-06 17:04:20.064563,21.4,76.6,6.0,6.0,28,3.7,12.5,0.0,0,0.0
W5778,2026-01-17 17:04:20.064563,25.3,62.3,0.0,0.0,15,1.6,83.2,0.0,0,0.0
W5779,2024-10-14 17:04:20.064563,32.0,69.6,13.0,13.0,18,3.9,47.4,3.25,0,0.0
W5780,2026-02-20 17:04:20.064563,12.7,86.5,0.0,0.0,29,4.6,39.7,0.0,0,0.0
W5781,2025-02-04 17:04:20.064563,18.2,82.0,4.0,4.0,15,3.1,92.9,0.0,0,0.0
W5782,2025-05-10 17:04:20.064563,29.6,61.6,3.7,3.7,36,4.7,71.0,0.0,0,0.0
W5783,2025-03-23 17:04:20.064563,45.0,34.3,1.9,1.9,33,3.7,67.7,20.0,1,268.43
W5784,2024-07-05 17:04:20.064563,23.6,81.8,0.0,0.0,43,5.1,19.4,0.0,0,0.0
W5785,2024-08-23 17:04:20.064563,30.9,60.8,0.0,0.0,22,3.4,20.9,0.0,0,0.0
W5786,2025-05-28 17:04:20.064563,23.9,59.7,6.3,6.3,25,3.6,48.3,0.0,0,0.0
W5787,2026-01-14 17:04:20.064563,44.4,48.9,0.0,0.0,64,4.0,65.2,18.799999999999997,1,159.66
W5788,2025-11-07 17:04:20.064563,7.5,86.7,0.0,0.0,30,4.3,39.5,0.0,0,0.0
W5789,2024-12-02 17:04:20.064563,25.9,59.5,12.6,12.6,15,4.0,6.4,3.15,0,0.0
W5790,2024-12-10 17:04:20.064563,8.7,100.0,0.0,0.0,58,2.5,68.3,0.0,0,0.0
W5791,2025-09-17 17:04:20.064563,-0.1,98.1,0.0,6.0,40,1.5,77.4,0.30000000000000004,0,0.0
W5792,2025-05-25 17:04:20.064563,28.0,44.9,8.0,8.0,15,3.2,94.4,0.0,0,0.0
W5793,2025-10-17 17:04:20.064563,26.4,76.6,1.5,1.5,59,3.4,40.9,0.0,0,0.0
W5794,2025-03-27 17:04:20.064563,22.2,73.7,0.0,0.0,15,5.6,25.8,0.0,0,0.0
W5795,2025-12-04 17:04:20.064563,23.9,71.9,0.0,0.0,39,3.8,92.6,0.0,0,0.0
W5796,2024-12-25 17:04:20.064563,45.0,39.4,0.0,0.0,52,4.0,71.5,20.0,1,386.87
W5797,2026-02-12 17:04:20.064563,22.4,78.7,0.0,0.0,51,6.1,6.4,0.0,0,0.0
W5798,2025-04-28 17:04:20.064563,30.1,57.3,0.0,0.0,15,5.3,58.0,0.0,0,0.0
W5799,2024-10-12 17:04:20.064563,18.5,97.0,0.5,0.5,15,7.2,2.9,0.0,0,0.0
W5800,2025-05-15 17:04:20.064563,28.0,53.3,1.6,1.6,32,3.2,22.7,0.0,1,35.1
W5801,2025-10-04 17:04:20.064563,22.6,80.5,29.6,29.6,15,6.7,7.1,14.8,1,220.33
W5802,2025-10-09 17:04:20.064563,20.9,85.1,0.0,0.0,15,6.2,20.5,0.0,0,0.0
W5803,2025-07-25 17:04:20.064563,43.2,37.6,0.0,0.0,38,5.2,49.0,16.400000000000006,0,0.0
W5804,2024-09-17 17:04:20.064563,36.8,44.6,0.0,0.0,15,6.0,29.9,3.5999999999999943,0,0.0
W5805,2025-04-01 17:04:20.064563,26.4,80.6,0.0,0.0,54,6.0,8.8,0.0,0,0.0
W5806,2025-10-11 17:04:20.064563,2.0,97.2,0.9,1.9,20,2.7,48.2,0.0,0,0.0
W5807,2025-10-07 17:04:20.064563,21.4,71.8,0.0,0.0,30,3.7,70.8,0.0,0,0.0
W5808,2025-07-26 17:04:20.064563,45.0,51.4,3.6,3.6,44,4.8,5.3,20.0,0,0.0
W5809,2024-12-02 17:04:20.064563,22.7,76.3,0.0,0.0,50,2.2,88.2,0.0,0,0.0
W5810,2025-01-26 17:04:20.064563,36.0,38.0,0.0,0.0,44,5.8,65.3,2.0,0,0.0
W5811,2025-10-30 17:04:20.064563,39.4,68.3,0.0,0.0,56,4.7,51.9,8.799999999999997,1,74.25
W5812,2025-03-05 17:04:20.064563,27.2,63.9,0.0,0.0,44,6.0,39.6,0.0,0,0.0
W5813,2026-03-10 17:04:20.064563,16.6,81.1,0.0,0.0,65,5.7,39.3,0.0,0,0.0
W5814,2025-04-29 17:04:20.064563,0.6,100.0,0.0,2.4,15,7.3,33.6,0.0,0,0.0
W5815,2024-08-06 17:04:20.064563,31.8,68.5,6.8,6.8,22,6.9,11.6,0.0,0,0.0
W5816,2026-01-22 17:04:20.064563,16.9,100.0,0.7,0.7,34,6.4,7.9,0.0,0,0.0
W5817,2024-07-17 17:04:20.064563,26.8,53.3,0.9,0.9,32,7.7,30.9,0.0,0,0.0
W5818,2024-11-08 17:04:20.064563,12.5,99.5,0.0,0.0,48,4.5,66.7,0.0,0,0.0
W5819,2025-06-18 17:04:20.064563,22.3,83.9,0.0,0.0,43,6.8,28.8,0.0,0,0.0
W5820,2026-03-04 17:04:20.064563,25.3,70.6,0.0,0.0,56,5.0,81.2,0.0,0,0.0
W5821,2024-08-30 17:04:20.064563,27.7,76.3,0.0,0.0,16,4.9,38.0,0.0,0,0.0
W5822,2024-06-28 17:04:20.064563,13.9,98.6,0.0,0.0,86,6.1,63.1,0.0,0,0.0
W5823,2024-10-23 17:04:20.064563,37.0,40.7,0.0,0.0,33,7.4,43.2,4.0,1,22.57
W5824,2025-08-20 17:04:20.064563,19.0,99.0,7.4,7.4,32,4.6,49.8,0.0,0,0.0
W5825,2025-05-02 17:04:20.064563,8.3,82.0,0.0,0.0,38,6.8,25.0,0.0,0,0.0
W5826,2025-02-27 17:04:20.064563,23.9,62.8,0.0,0.0,44,7.1,51.4,0.0,0,0.0
W5827,2025-10-02 17:04:20.064563,25.3,69.4,3.2,3.2,26,5.7,11.1,0.0,0,0.0
W5828,2025-12-06 17:04:20.064563,26.6,89.3,0.0,0.0,47,6.9,38.7,0.0,0,0.0
W5829,2026-03-01 17:04:20.064563,38.6,49.0,0.0,0.0,55,4.8,44.8,7.200000000000003,0,0.0
W5830,2026-02-16 17:04:20.064563,22.6,75.7,0.0,0.0,15,4.8,70.4,0.0,0,0.0
W5831,2026-03-11 17:04:20.064563,23.8,88.6,0.0,0.0,38,6.1,40.0,0.0,1,50.56
W5832,2024-05-10 17:04:20.064563,14.0,86.0,5.5,5.5,27,4.1,66.5,0.0,1,21.99
W5833,2024-08-29 17:04:20.064563,33.2,48.4,0.0,0.0,92,6.3,17.5,0.0,0,0.0
W5834,2025-04-20 17:04:20.064563,26.8,65.6,3.9,3.9,56,7.8,2.5,0.0,0,0.0
W5835,2025-12-29 17:04:20.064563,20.8,92.5,0.0,0.0,77,7.3,50.6,0.0,0,0.0
W5836,2024-03-23 17:04:20.064563,6.0,100.0,19.1,19.1,20,6.6,47.4,4.775,0,0.0
W5837,2024-06-19 17:04:20.064563,39.4,70.1,1.6,1.6,46,3.7,67.0,8.846999999999994,1,76.8
W5838,2024-08-13 17:04:20.064563,12.7,98.3,0.0,0.0,56,7.2,31.4,0.0,1,26.39
W5839,2025-07-13 17:04:20.064563,19.1,74.9,0.8,0.8,70,7.9,3.0,0.0,0,0.0
W5840,2025-11-22 17:04:20.064563,28.6,67.6,2.5,2.5,80,4.5,72.4,0.0,0,0.0
W5841,2025-06-06 17:04:20.064563,13.0,81.9,0.7,0.7,55,3.8,94.2,0.0,0,0.0
W5842,2024-06-16 17:04:20.064563,10.1,88.2,0.0,0.0,38,6.9,39.4,0.0,0,0.0
W5843,2024-05-22 17:04:20.064563,3.8,100.0,1.5,1.5,67,4.0,61.1,0.0,0,0.0
W5844,2024-12-12 17:04:20.064563,32.2,71.9,0.5,0.5,34,5.2,54.5,0.20900000000000088,0,0.0
W5845,2024-10-31 17:04:20.064563,19.5,89.3,21.5,21.5,17,4.6,56.6,10.75,1,145.27
W5846,2025-04-01 17:04:20.064563,45.0,36.3,7.2,7.2,52,3.7,86.7,20.0,1,205.35
W5847,2024-06-07 17:04:20.064563,15.1,100.0,0.0,0.0,51,5.3,73.6,0.0,0,0.0
W5848,2025-12-01 17:04:20.064563,15.8,97.3,0.0,0.0,36,4.9,77.0,0.0,0,0.0
W5849,2024-04-25 17:04:20.064563,19.3,99.8,5.5,5.5,34,8.2,9.0,0.3999999999999986,0,0.0
W5850,2025-04-15 17:04:20.064563,27.4,87.2,0.0,0.0,48,5.1,14.7,0.0,0,0.0
W5851,2025-05-02 17:04:20.064563,20.3,64.8,8.9,8.9,16,5.0,66.3,0.0,0,0.0
W5852,2025-12-06 17:04:20.064563,31.1,52.2,0.0,0.0,48,5.6,54.0,0.0,0,0.0
W5853,2026-01-18 17:04:20.064563,15.2,77.1,5.3,5.3,17,3.1,77.4,0.0,0,0.0
W5854,2025-09-02 17:04:20.064563,11.2,83.8,0.0,0.0,68,6.7,9.3,0.0,0,0.0
W5855,2025-01-05 17:04:20.064563,7.0,100.0,5.1,5.1,54,5.5,56.6,0.0,0,0.0
W5856,2026-03-16 17:04:20.064563,2.8,100.0,0.0,0.0,63,6.1,48.6,0.0,0,0.0
W5857,2025-11-19 17:04:20.064563,19.8,100.0,0.0,0.0,50,4.7,85.5,0.0,0,0.0
W5858,2024-05-15 17:04:20.064563,22.0,96.1,0.3,0.3,53,4.9,18.7,0.0,0,0.0
W5859,2024-09-13 17:04:20.064563,18.7,81.9,0.0,0.0,43,5.6,34.9,0.0,0,0.0
W5860,2026-01-02 17:04:20.064563,37.4,73.4,3.1,3.1,64,5.4,15.0,6.057999999999999,0,0.0
W5861,2025-08-06 17:04:20.064563,37.3,69.0,7.2,7.2,19,5.8,45.2,4.599999999999994,1,28.9
W5862,2025-06-10 17:04:20.064563,21.7,73.0,1.2,1.2,60,3.7,88.1,0.0,0,0.0
W5863,2024-03-28 17:04:20.064563,7.1,79.3,2.9,2.9,43,4.3,67.0,0.0,0,0.0
W5864,2024-10-10 17:04:20.064563,19.3,78.8,1.0,1.0,95,7.8,74.4,0.0,0,0.0
W5865,2026-01-19 17:04:20.064563,19.0,75.1,0.0,0.0,73,5.9,9.3,0.0,0,0.0
W5866,2025-08-30 17:04:20.064563,18.4,84.4,9.4,9.4,44,5.6,45.2,0.0,0,0.0
W5867,2025-01-04 17:04:20.064563,18.0,83.9,0.0,0.0,41,4.6,83.9,0.0,0,0.0
W5868,2024-10-03 17:04:20.064563,18.5,82.9,14.4,14.4,15,4.5,83.7,3.6,0,0.0
W5869,2024-04-21 17:04:20.064563,21.1,83.5,0.0,0.0,74,4.1,98.8,0.0,0,0.0
W5870,2025-11-21 17:04:20.064563,18.6,69.9,7.4,7.4,85,5.5,52.6,0.0,1,51.51
W5871,2025-08-22 17:04:20.064563,27.1,73.5,0.0,0.0,73,6.6,0.2,0.0,0,0.0
W5872,2025-08-28 17:04:20.064563,28.6,62.7,0.0,0.0,69,3.8,89.9,0.0,0,0.0
W5873,2026-03-03 17:04:20.064563,15.9,88.2,3.0,3.0,63,2.9,95.6,0.0,0,0.0
W5874,2024-11-10 17:04:20.064563,37.7,63.0,25.5,25.5,17,2.8,92.8,18.150000000000006,1,118.4
W5875,2025-12-07 17:04:20.064563,15.2,75.0,2.7,2.7,65,2.7,77.2,0.0,0,0.0
W5876,2024-09-07 17:04:20.064563,8.8,94.0,1.1,1.1,51,6.6,21.2,0.0,0,0.0
W5877,2026-02-06 17:04:20.064563,28.8,65.6,14.4,14.4,19,7.1,13.9,3.6,0,0.0
W5878,2024-04-23 17:04:20.064563,16.8,79.6,0.0,0.0,70,3.5,70.1,0.0,0,0.0
W5879,2025-03-21 17:04:20.064563,28.2,76.7,0.0,0.0,98,5.7,14.0,0.0,1,48.38
W5880,2024-11-17 17:04:20.064563,1.0,100.0,0.0,2.4,84,4.8,95.3,0.0,0,0.0
W5881,2026-01-17 17:04:20.064563,38.9,46.1,9.3,9.3,26,5.9,44.6,7.799999999999997,0,0.0
W5882,2024-03-18 17:04:20.064563,31.7,55.3,0.0,0.0,64,6.8,3.1,0.0,0,0.0
W5883,2024-08-26 17:04:20.064563,10.0,100.0,9.0,9.0,66,5.7,15.1,0.0,0,0.0
W5884,2024-06-14 17:04:20.064563,10.2,89.8,5.5,5.5,89,4.3,29.0,0.0,0,0.0
W5885,2024-12-25 17:04:20.064563,41.7,52.0,2.6,2.6,101,3.2,70.4,13.400000000000006,1,78.09
W5886,2025-05-01 17:04:20.064563,17.6,100.0,5.5,5.5,56,3.8,73.7,0.0,0,0.0
W5887,2025-03-14 17:04:20.064563,16.7,84.3,0.0,0.0,88,5.4,21.3,0.0,0,0.0
W5888,2026-02-01 17:04:20.064563,2.3,100.0,0.0,0.0,77,2.7,64.9,0.0,0,0.0
W5889,2025-04-26 17:04:20.064563,21.5,94.5,0.0,0.0,70,6.5,3.2,0.0,0,0.0
W5890,2025-05-07 17:04:20.064563,22.7,86.2,0.0,0.0,73,6.4,10.3,0.0,1,18.23
W5891,2025-11-08 17:04:20.064563,32.2,61.6,0.0,0.0,74,4.5,53.5,0.0,0,0.0
W5892,2024-10-09 17:04:20.064563,11.0,99.9,0.0,0.0,96,4.7,70.4,0.0,0,0.0
W5893,2025-08-30 17:04:20.064563,9.8,82.4,0.0,0.0,45,3.3,91.4,0.0,0,0.0
W5894,2024-04-02 17:04:20.064563,29.5,57.9,0.7,0.7,82,4.0,43.8,0.0,0,0.0
W5895,2026-03-08 17:04:20.064563,35.1,51.4,0.7,0.7,103,4.4,12.0,0.20000000000000284,0,0.0
W5896,2024-05-27 17:04:20.064563,9.3,100.0,0.0,0.0,103,2.1,92.9,0.0,0,0.0
W5897,2024-06-18 17:04:20.064563,35.8,48.2,0.0,0.0,86,3.5,43.7,1.5999999999999943,0,0.0
W5898,2025-10-01 17:04:20.064563,25.4,63.7,0.0,0.0,60,2.2,49.7,0.0,0,0.0
W5899,2025-01-03 17:04:20.064563,35.9,45.7,2.3,2.3,86,2.3,85.4,1.7999999999999972,0,0.0
W5900,2025-10-11 17:04:20.064563,24.3,79.2,0.0,0.0,102,1.7,58.6,0.0,0,0.0
W5901,2025-11-04 17:04:20.064563,-0.2,100.0,0.0,5.3,65,2.6,30.1,0.6000000000000001,0,0.0
W5902,2025-03-09 17:04:20.064563,23.5,85.6,9.6,9.6,64,4.0,54.1,0.0,0,0.0
W5903,2025-03-08 17:04:20.064563,35.6,63.3,0.0,0.0,72,3.8,62.5,1.2000000000000028,0,0.0
W5904,2024-12-26 17:04:20.064563,16.1,72.1,0.0,0.0,64,1.2,89.0,0.0,0,0.0
W5905,2024-11-04 17:04:20.064563,21.1,70.2,0.0,0.0,70,4.0,23.5,0.0,1,44.87
W5906,2025-11-28 17:04:20.064563,23.2,88.8,15.3,15.3,49,1.8,55.9,3.825,0,0.0
W5907,2024-10-03 17:04:20.064563,-4.0,100.0,0.0,2.8,59,1.1,92.0,12.0,1,159.55
W5908,2025-06-26 17:04:20.064563,41.7,59.3,0.1,0.1,55,4.4,4.5,13.400000000000006,1,145.03
W5909,2025-05-05 17:04:20.064563,16.0,84.5,0.0,0.0,60,1.6,19.5,0.0,0,0.0
W5910,2025-10-27 17:04:20.064563,30.1,55.2,0.0,0.0,84,0.6,34.6,0.0,0,0.0
W5911,2024-03-22 17:04:20.064563,24.1,70.8,0.0,0.0,48,1.1,67.8,0.0,0,0.0
W5912,2024-12-10 17:04:20.064563,37.6,44.0,2.8,2.8,28,0.9,84.2,5.200000000000003,1,53.42
W5913,2024-09-13 17:04:20.064563,29.1,60.8,0.0,0.0,105,1.9,19.9,0.0,0,0.0
W5914,2025-05-08 17:04:20.064563,22.7,78.0,0.0,0.0,58,0.3,24.7,0.0,0,0.0
W5915,2025-08-18 17:04:20.064563,16.1,91.0,13.2,13.2,48,1.7,82.3,3.3,1,40.03
W5916,2024-07-05 17:04:20.064563,33.0,44.6,0.0,0.0,97,3.8,14.8,0.0,0,0.0
W5917,2025-10-11 17:04:20.064563,6.3,100.0,0.0,0.0,50,2.0,26.1,0.0,0,0.0
W5918,2024-05-31 17:04:20.064563,31.5,56.9,0.0,0.0,50,0.9,73.3,0.0,0,0.0
W5919,2025-08-15 17:04:20.064563,14.0,82.5,0.0,0.0,66,2.2,16.6,0.0,0,0.0
W5920,2025-01-13 17:04:20.064563,37.5,55.0,10.8,10.8,77,1.0,82.8,7.7,1,85.36
W5921,2025-03-01 17:04:20.064563,26.6,64.6,7.7,7.7,63,1.1,49.1,0.0,0,0.0
W5922,2024-07-15 17:04:20.064563,31.4,76.7,5.8,5.8,67,0.9,44.8,0.4689999999999997,0,0.0
W5923,2025-08-25 17:04:20.064563,25.8,83.2,0.3,0.3,73,1.3,13.5,0.0,1,21.07
W5924,2024-12-06 17:04:20.064563,7.5,100.0,0.2,0.2,90,0.2,68.0,0.0,0,0.0
W5925,2025-09-19 17:04:20.064563,16.4,80.5,0.7,0.7,107,0.0,88.4,0.0,0,0.0
W5926,2025-10-27 17:04:20.064563,31.7,52.8,4.4,4.4,130,2.3,69.2,0.0,0,0.0
W5927,2024-11-29 17:04:20.064563,26.7,70.8,0.0,0.0,76,1.0,31.7,0.0,0,0.0
W5928,2026-02-26 17:04:20.064563,36.8,53.3,0.0,0.0,110,0.0,69.9,3.5999999999999943,0,0.0
W5929,2025-06-14 17:04:20.064563,29.0,60.4,0.0,0.0,99,0.6,51.0,0.0,0,0.0
W5930,2025-04-08 17:04:20.064563,15.3,75.2,1.7,1.7,81,0.0,85.4,0.0,0,0.0
W5931,2025-10-15 17:04:20.064563,17.0,84.0,0.9,0.9,33,0.4,46.0,0.0,0,0.0
W5932,2025-07-26 17:04:20.064563,26.0,66.9,9.5,9.5,53,0.7,23.7,0.0,0,0.0
W5933,2024-11-22 17:04:20.064563,1.9,100.0,3.1,4.1,67,1.0,10.1,0.0,0,0.0
W5934,2025-02-28 17:04:20.064563,41.7,54.0,0.0,0.0,87,0.6,28.1,13.400000000000006,1,125.27
W5935,2025-06-30 17:04:20.064563,29.4,76.9,0.0,0.0,75,0.0,56.4,0.0,0,0.0
W5936,2026-02-13 17:04:20.064563,37.3,41.5,0.0,0.0,68,1.0,17.0,4.599999999999994,0,0.0
W5937,2025-07-02 17:04:20.064563,9.2,100.0,0.0,0.0,120,0.0,4.0,0.0,0,0.0
W5938,2025-11-08 17:04:20.064563,37.4,46.6,0.0,0.0,105,0.3,44.9,4.799999999999997,0,0.0
W5939,2024-04-15 17:04:20.064563,45.0,30.3,0.0,0.0,39,0.0,34.7,20.0,1,226.94
W5940,2025-07-24 17:04:20.064563,11.8,88.0,0.0,0.0,74,0.2,42.0,0.0,0,0.0
W5941,2024-07-15 17:04:20.064563,32.7,71.6,0.0,0.0,92,1.5,45.4,0.21599999999999947,0,0.0
W5942,2024-12-07 17:04:20.064563,25.0,68.8,0.0,0.0,106,0.8,76.6,0.0,0,0.0
W5943,2024-05-26 17:04:20.064563,9.6,100.0,0.0,0.0,70,0.9,96.1,0.0,0,0.0
W5944,2025-04-13 17:04:20.064563,29.9,70.6,3.4,3.4,68,1.1,26.2,0.0,0,0.0
W5945,2025-12-26 17:04:20.064563,33.3,56.1,3.5,3.5,74,0.0,94.2,0.0,0,0.0
W5946,2024-10-29 17:04:20.064563,19.0,93.1,5.6,5.6,81,0.0,22.8,0.0,0,0.0
W5947,2026-02-09 17:04:20.064563,36.7,59.5,0.6,0.6,46,0.0,75.5,3.4000000000000057,0,0.0
W5948,2026-03-06 17:04:20.064563,8.3,88.2,45.6,45.6,15,0.0,68.1,22.8,1,201.83
W5949,2024-11-08 17:04:20.064563,10.1,100.0,3.7,3.7,96,0.1,5.2,0.0,0,0.0
W5950,2025-02-04 17:04:20.064563,26.4,73.0,0.0,0.0,58,0.0,72.5,0.0,0,0.0
W5951,2025-05-14 17:04:20.064563,25.3,72.3,0.0,0.0,120,0.2,90.1,0.0,0,0.0
W5952,2025-03-14 17:04:20.064563,17.8,74.7,4.4,4.4,52,0.5,93.0,0.0,0,0.0
W5953,2025-08-28 17:04:20.064563,33.1,72.2,0.5,0.5,73,0.0,68.5,0.3410000000000006,0,0.0
W5954,2025-09-17 17:04:20.064563,30.3,69.7,0.0,0.0,85,0.9,78.7,0.0,0,0.0
W5955,2024-03-27 17:04:20.064563,33.6,65.9,4.6,4.6,25,0.0,7.2,0.0,0,0.0
W5956,2026-03-05 17:04:20.064563,23.8,69.3,0.0,0.0,134,0.0,16.1,0.0,0,0.0
W5957,2024-12-12 17:04:20.064563,31.0,71.8,0.0,0.0,69,0.0,26.2,0.08999999999999986,0,0.0
W5958,2024-11-27 17:04:20.064563,20.5,88.3,0.0,0.0,60,0.0,53.1,0.0,0,0.0
W5959,2025-01-06 17:04:20.064563,45.0,35.8,12.8,12.8,27,0.1,38.6,23.2,1,208.23
W5960,2024-06-21 17:04:20.064563,16.9,70.5,0.0,0.0,83,0.0,65.7,0.0,0,0.0
W5961,2025-04-30 17:04:20.064563,45.0,48.3,0.0,0.0,81,1.0,44.6,20.0,1,434.21
W5962,2026-02-05 17:04:20.064563,25.3,56.2,10.2,10.2,32,0.1,77.5,2.55,1,31.8
W5963,2025-03-03 17:04:20.064563,11.2,94.7,0.8,0.8,46,0.0,71.4,0.0,0,0.0
W5964,2024-06-03 17:04:20.064563,38.7,47.5,0.0,0.0,96,0.0,74.7,7.400000000000006,1,39.13
W5965,2025-10-06 17:04:20.064563,26.3,82.8,1.6,1.6,58,1.1,82.9,0.0,0,0.0
W5966,2024-09-16 17:04:20.064563,33.5,55.8,0.0,0.0,40,0.0,83.4,0.0,0,0.0
W5967,2025-07-18 17:04:20.064563,37.2,65.2,5.9,5.9,59,0.2,78.0,4.400000000000006,0,0.0
W5968,2025-02-02 17:04:20.064563,28.4,62.3,2.5,2.5,61,0.2,6.6,0.0,0,0.0
W5969,2025-03-15 17:04:20.064563,19.1,91.4,0.0,0.0,112,1.0,62.3,0.0,0,0.0
W5970,2024-10-27 17:04:20.064563,34.8,78.5,1.3,1.3,60,0.1,2.0,2.0399999999999987,0,0.0
W5971,2025-10-26 17:04:20.064563,25.0,61.8,0.0,0.0,67,0.0,74.4,0.0,0,0.0
W5972,2024-12-18 17:04:20.064563,31.9,65.1,11.3,11.3,54,0.2,6.1,2.825,0,0.0
W5973,2024-09-21 17:04:20.064563,3.5,100.0,7.0,7.0,47,0.7,98.3,0.0,0,0.0
W5974,2026-02-15 17:04:20.064563,29.5,66.5,9.0,9.0,63,0.1,61.4,0.0,0,0.0
W5975,2024-09-28 17:04:20.064563,18.6,82.7,0.0,0.0,51,1.1,18.2,0.0,0,0.0
W5976,2025-08-10 17:04:20.064563,41.5,55.6,0.0,0.0,66,0.0,46.8,13.0,1,104.38
W5977,2024-10-08 17:04:20.064563,31.2,63.6,0.0,0.0,79,0.0,82.7,0.0,0,0.0
W5978,2024-11-13 17:04:20.064563,27.4,51.8,0.0,0.0,93,0.0,18.0,0.0,0,0.0
W5979,2024-11-20 17:04:20.064563,29.9,76.5,0.0,0.0,58,0.8,53.7,0.0,0,0.0
W5980,2024-12-14 17:04:20.064563,15.0,67.4,0.0,0.0,58,0.9,0.4,0.0,0,0.0
W5981,2024-10-15 17:04:20.064563,41.2,44.0,0.0,0.0,100,0.0,78.8,12.400000000000006,1,181.18
W5982,2024-11-07 17:04:20.064563,44.9,54.7,0.0,0.0,58,0.0,19.5,19.799999999999997,1,93.7
W5983,2024-10-11 17:04:20.064563,28.9,63.0,1.7,1.7,64,0.2,38.7,0.0,0,0.0
W5984,2024-11-28 17:04:20.064563,40.9,41.7,0.0,0.0,102,0.0,53.0,11.799999999999997,0,0.0
W5985,2025-12-11 17:04:20.064563,19.3,89.8,5.4,5.4,58,0.0,14.5,0.0,0,0.0
W5986,2025-03-17 17:04:20.064563,17.0,75.9,0.0,0.0,62,0.6,92.7,0.0,0,0.0
W5987,2024-08-24 17:04:20.064563,25.4,59.7,0.0,0.0,63,0.4,46.9,0.0,0,0.0
W5988,2024-07-05 17:04:20.064563,29.3,68.7,1.7,1.7,48,0.0,23.2,0.0,0,0.0
W5989,2024-07-18 17:04:20.064563,21.1,76.6,0.0,0.0,75,0.0,73.5,0.0,0,0.0
W5990,2024-06-06 17:04:20.064563,30.4,52.0,0.0,0.0,47,0.0,89.4,0.0,0,0.0
W5991,2026-02-08 17:04:20.064563,28.1,74.3,0.0,0.0,81,0.0,91.3,0.0,0,0.0
W5992,2026-01-26 17:04:20.064563,15.0,92.1,0.0,0.0,65,0.1,43.1,0.0,0,0.0
W5993,2025-08-04 17:04:20.064563,30.2,61.1,0.0,0.0,69,1.2,35.9,0.0,1,44.91
W5994,2025-12-06 17:04:20.064563,33.6,56.6,1.6,1.6,95,1.3,92.9,0.0,0,0.0
W5995,2024-03-24 17:04:20.064563,26.7,74.6,0.2,0.2,34,0.0,5.3,0.0,0,0.0
W5996,2025-09-23 17:04:20.064563,36.5,67.1,0.0,0.0,63,0.3,75.1,3.0,0,0.0
W5997,2024-04-30 17:04:20.064563,12.8,87.9,0.0,0.0,75,0.3,17.8,0.0,0,0.0
W5998,2025-07-24 17:04:20.064563,29.7,72.0,2.9,2.9,44,0.2,46.6,0.0,0,0.0
W5999,2025-04-02 17:04:20.064563,13.3,95.7,1.7,1.7,77,0.0,95.4,0.0,0,0.0
W6000,2025-12-13 17:04:20.064563,13.9,98.0,1.8,1.8,46,0.0,58.1,0.0,0,0.0
W6001,2025-02-03 17:04:20.064563,18.7,82.4,0.0,0.0,66,0.3,52.3,0.0,1,35.67
W6002,2025-08-04 17:04:20.064563,15.6,77.5,0.0,0.0,57,0.0,6.2,0.0,0,0.0
W6003,2025-10-27 17:04:20.064563,19.5,76.1,5.0,5.0,53,0.1,27.7,0.0,0,0.0
W6004,2024-12-24 17:04:20.064563,22.9,79.1,22.8,22.8,15,0.0,0.3,11.4,1,98.27
W6005,2025-08-02 17:04:20.064563,33.4,78.1,0.0,0.0,58,0.0,87.5,1.3769999999999984,0,0.0
W6006,2024-09-21 17:04:20.064563,21.8,72.5,0.0,0.0,48,0.0,64.5,0.0,0,0.0
W6007,2025-08-23 17:04:20.064563,9.1,100.0,0.0,0.0,44,0.3,11.8,0.0,0,0.0
W6008,2024-12-29 17:04:20.064563,36.4,52.1,0.0,0.0,63,0.0,36.3,2.799999999999997,0,0.0
W6009,2025-04-29 17:04:20.064563,16.6,86.2,0.2,0.2,57,0.3,81.1,0.0,1,52.29
W6010,2024-10-31 17:04:20.064563,24.4,88.5,3.2,3.2,36,0.0,14.0,0.0,0,0.0
W6011,2025-10-29 17:04:20.064563,29.5,73.4,0.0,0.0,62,0.2,23.0,0.0,0,0.0
W6012,2024-07-27 17:04:20.064563,27.0,57.1,0.0,0.0,46,1.8,54.1,0.0,0,0.0
W6013,2024-05-12 17:04:20.064563,35.9,50.4,0.0,0.0,85,0.0,14.5,1.7999999999999972,0,0.0
W6014,2025-09-07 17:04:20.064563,29.8,77.9,0.0,0.0,104,0.5,38.3,0.0,0,0.0
W6015,2025-05-25 17:04:20.064563,16.4,86.8,0.0,0.0,81,0.0,98.2,0.0,0,0.0
W6016,2025-07-20 17:04:20.064563,45.0,31.0,0.0,0.0,80,0.0,54.4,20.0,1,553.26
W6017,2025-09-22 17:04:20.064563,26.9,61.4,5.0,5.0,59,0.5,70.2,0.0,0,0.0
W6018,2024-04-20 17:04:20.064563,23.5,81.7,0.0,0.0,48,0.3,66.3,0.0,0,0.0
W6019,2025-08-14 17:04:20.064563,34.6,68.0,0.0,0.0,15,0.7,21.2,0.0,0,0.0
W6020,2025-03-08 17:04:20.064563,27.5,68.9,0.0,0.0,30,1.0,84.6,0.0,0,0.0
W6021,2025-04-25 17:04:20.064563,29.0,91.3,0.0,0.0,37,0.7,12.2,0.0,0,0.0
W6022,2026-02-18 17:04:20.064563,45.0,50.7,0.0,0.0,74,0.9,92.2,20.0,1,267.24
W6023,2024-09-12 17:04:20.064563,22.2,74.2,1.4,1.4,52,0.2,21.6,0.0,1,27.32
W6024,2025-06-29 17:04:20.064563,21.8,69.1,0.5,0.5,35,0.0,95.5,0.0,0,0.0
W6025,2024-07-19 17:04:20.064563,26.2,61.0,0.0,0.0,15,0.8,79.8,0.0,0,0.0
W6026,2026-03-03 17:04:20.064563,35.7,59.8,0.0,0.0,94,0.0,17.1,1.4000000000000057,0,0.0
W6027,2025-08-30 17:04:20.064563,9.9,90.2,6.1,6.1,46,0.7,16.0,0.0,0,0.0
W6028,2025-07-02 17:04:20.064563,5.3,100.0,0.0,0.0,65,0.0,8.5,0.0,0,0.0
W6029,2025-02-04 17:04:20.064563,19.1,96.0,0.0,0.0,35,0.0,24.7,0.0,0,0.0
W6030,2026-02-21 17:04:20.064563,8.7,100.0,0.0,0.0,43,0.0,65.9,0.0,0,0.0
W6031,2024-03-26 17:04:20.064563,20.8,67.1,0.0,0.0,38,0.4,52.0,0.0,0,0.0
W6032,2024-03-30 17:04:20.064563,30.0,58.2,2.5,2.5,41,0.0,61.3,0.0,0,0.0
W6033,2026-02-06 17:04:20.064563,16.1,98.4,0.0,0.0,81,0.0,3.1,0.0,0,0.0
W6034,2024-10-19 17:04:20.064563,10.7,88.3,0.0,0.0,20,0.0,8.0,0.0,0,0.0
W6035,2025-04-10 17:04:20.064563,25.7,82.7,11.4,11.4,19,1.0,69.2,2.85,0,0.0
W6036,2025-11-02 17:04:20.064563,33.6,64.3,0.0,0.0,50,0.5,84.8,0.0,0,0.0
W6037,2024-06-29 17:04:20.064563,8.1,98.4,1.0,1.0,38,0.3,35.9,0.0,0,0.0
W6038,2025-02-14 17:04:20.064563,33.2,53.2,0.0,0.0,61,0.0,16.6,0.0,0,0.0
W6039,2025-03-23 17:04:20.064563,33.2,59.3,0.0,0.0,15,0.0,30.8,0.0,0,0.0
W6040,2025-12-05 17:04:20.064563,34.5,60.1,0.0,0.0,78,0.0,41.2,0.0,0,0.0
W6041,2024-12-08 17:04:20.064563,37.2,64.5,0.0,0.0,15,0.3,63.0,4.400000000000006,0,0.0
W6042,2024-09-25 17:04:20.064563,45.0,33.6,0.0,0.0,17,0.0,40.9,20.0,0,0.0
W6043,2025-09-30 17:04:20.064563,21.4,75.2,0.0,0.0,30,0.0,89.7,0.0,0,0.0
W6044,2024-12-12 17:04:20.064563,26.1,71.3,0.1,0.1,25,0.1,40.1,0.0,0,0.0
W6045,2024-11-15 17:04:20.064563,20.8,85.4,0.3,0.3,46,0.0,18.1,0.0,0,0.0
W6046,2024-12-18 17:04:20.064563,25.0,63.4,4.5,4.5,35,0.0,24.8,0.0,0,0.0
W6047,2025-07-13 17:04:20.064563,40.3,36.3,0.0,0.0,39,0.0,46.5,10.599999999999994,1,139.29
W6048,2025-12-05 17:04:20.064563,11.5,99.4,0.0,0.0,15,2.1,78.2,0.0,0,0.0
W6049,2025-03-04 17:04:20.064563,16.4,70.2,0.0,0.0,33,0.0,86.9,0.0,0,0.0
W6050,2025-03-27 17:04:20.064563,38.8,64.7,0.0,0.0,36,0.9,18.5,7.599999999999994,1,108.06
W6051,2024-09-22 17:04:20.064563,35.2,55.6,5.6,5.6,49,0.4,0.3,0.4000000000000057,0,0.0
W6052,2025-08-10 17:04:20.064563,21.4,62.5,0.0,0.0,39,0.3,86.9,0.0,0,0.0
W6053,2025-05-26 17:04:20.064563,33.5,54.9,0.0,0.0,42,0.8,22.8,0.0,0,0.0
W6054,2024-10-19 17:04:20.064563,28.4,71.2,0.0,0.0,73,0.0,82.2,0.0,0,0.0
W6055,2025-05-21 17:04:20.064563,40.0,44.7,0.0,0.0,15,0.0,55.1,10.0,0,0.0
W6056,2026-03-05 17:04:20.064563,25.7,71.6,3.6,3.6,18,0.3,40.4,0.0,0,0.0
W6057,2025-04-03 17:04:20.064563,35.3,64.5,0.0,0.0,15,0.0,14.7,0.5999999999999943,1,40.42
W6058,2025-03-26 17:04:20.064563,45.0,40.5,4.0,4.0,56,0.0,67.2,20.0,1,427.58
W6059,2025-05-02 17:04:20.064563,31.0,54.2,15.0,15.0,35,0.1,81.8,3.75,0,0.0
W6060,2024-12-29 17:04:20.064563,25.5,68.8,0.0,0.0,62,0.0,46.1,0.0,0,0.0
W6061,2025-06-22 17:04:20.064563,32.2,75.8,7.1,7.1,28,0.0,44.6,0.6380000000000006,0,0.0
W6062,2024-09-18 17:04:20.064563,21.3,94.8,1.3,1.3,36,0.0,75.5,0.0,0,0.0
W6063,2025-10-24 17:04:20.064563,45.0,22.3,0.0,0.0,21,0.0,50.0,20.0,1,261.78
W6064,2024-07-30 17:04:20.064563,26.8,80.7,0.0,0.0,45,0.4,78.6,0.0,0,0.0
W6065,2025-10-28 17:04:20.064563,22.3,79.1,2.9,2.9,15,0.1,5.4,0.0,0,0.0
W6066,2026-02-18 17:04:20.064563,16.6,94.3,8.2,8.2,15,0.2,85.8,0.0,0,0.0
W6067,2024-11-07 17:04:20.064563,36.0,50.5,0.0,0.0,20,0.0,26.2,2.0,0,0.0
W6068,2024-06-28 17:04:20.064563,33.7,41.8,0.0,0.0,66,0.0,16.9,0.0,0,0.0
W6069,2024-12-19 17:04:20.064563,20.0,85.8,0.0,0.0,18,0.0,3.2,0.0,0,0.0
W6070,2024-11-14 17:04:20.064563,30.8,54.4,0.0,0.0,20,0.0,83.4,0.0,0,0.0
W6071,2025-10-07 17:04:20.064563,9.9,81.2,7.2,7.2,19,0.0,6.0,0.0,0,0.0
W6072,2025-06-03 17:04:20.064563,26.8,56.5,0.0,0.0,45,0.0,95.4,0.0,0,0.0
W6073,2025-04-12 17:04:20.064563,29.5,71.7,0.0,0.0,52,0.0,56.5,0.0,0,0.0
W6074,2024-10-04 17:04:20.064563,42.1,48.3,0.0,0.0,15,1.2,69.9,14.200000000000003,1,118.14
W6075,2024-08-14 17:04:20.064563,17.3,91.9,3.5,3.5,17,0.7,72.5,0.0,0,0.0
W6076,2024-08-18 17:04:20.064563,12.2,98.4,1.5,1.5,27,0.5,29.3,0.0,0,0.0
W6077,2025-07-15 17:04:20.064563,16.0,81.7,0.0,0.0,32,0.0,80.6,0.0,0,0.0
W6078,2024-03-27 17:04:20.064563,11.6,91.8,0.0,0.0,42,1.0,94.6,0.0,1,24.88
W6079,2024-09-14 17:04:20.064563,38.4,47.3,0.0,0.0,41,0.1,37.0,6.799999999999997,1,37.57
W6080,2025-05-23 17:04:20.064563,40.5,47.2,0.0,0.0,25,0.0,83.5,11.0,0,0.0
W6081,2025-08-11 17:04:20.064563,28.2,58.0,0.0,0.0,47,0.0,77.2,0.0,1,29.37
W6082,2024-08-02 17:04:20.064563,37.2,58.1,2.2,2.2,39,0.0,59.0,4.400000000000006,0,0.0
W6083,2025-12-23 17:04:20.064563,26.3,81.2,0.0,0.0,41,0.0,36.8,0.0,0,0.0
W6084,2025-08-29 17:04:20.064563,24.0,65.8,0.0,0.0,15,0.0,41.5,0.0,0,0.0
W6085,2025-09-15 17:04:20.064563,21.7,90.3,6.5,6.5,24,0.0,30.8,0.0,0,0.0
W6086,2025-02-04 17:04:20.064563,21.9,78.3,6.1,6.1,35,0.0,42.6,0.0,0,0.0
W6087,2025-07-29 17:04:20.064563,9.5,98.1,1.6,1.6,15,0.7,99.0,0.0,0,0.0
W6088,2025-01-19 17:04:20.064563,27.6,51.5,0.0,0.0,25,0.0,36.3,0.0,0,0.0
W6089,2024-11-29 17:04:20.064563,24.6,55.0,0.0,0.0,53,0.0,66.6,0.0,0,0.0
W6090,2025-10-14 17:04:20.064563,32.5,62.8,0.0,0.0,30,0.0,32.0,0.0,0,0.0
W6091,2025-10-20 17:04:20.064563,25.9,79.0,0.0,0.0,20,0.0,46.7,0.0,0,0.0
W6092,2024-05-05 17:04:20.064563,23.4,68.2,0.0,0.0,51,0.0,8.4,0.0,0,0.0
W6093,2025-04-29 17:04:20.064563,16.3,100.0,0.0,0.0,15,0.0,76.3,0.0,0,0.0
W6094,2024-06-27 17:04:20.064563,25.7,78.8,0.0,0.0,15,2.1,66.1,0.0,0,0.0
W6095,2026-02-23 17:04:20.064563,32.4,52.3,0.0,0.0,15,0.0,34.7,0.0,0,0.0
W6096,2024-09-01 17:04:20.064563,13.6,90.0,0.0,0.0,44,0.7,52.5,0.0,0,0.0
W6097,2024-05-18 17:04:20.064563,25.9,96.0,0.0,0.0,31,0.0,87.2,0.0,0,0.0
W6098,2024-10-24 17:04:20.064563,27.3,56.6,0.0,0.0,22,0.0,4.4,0.0,0,0.0
W6099,2024-12-03 17:04:20.064563,17.8,88.6,0.0,0.0,42,0.0,93.0,0.0,0,0.0
W6100,2025-07-18 17:04:20.064563,19.1,78.1,9.4,9.4,15,0.0,47.1,0.0,0,0.0
W6101,2025-12-22 17:04:20.064563,27.3,76.1,1.9,1.9,15,0.0,86.0,0.0,0,0.0
W6102,2024-06-24 17:04:20.064563,13.7,100.0,0.0,0.0,37,0.4,86.1,0.0,0,0.0
W6103,2025-06-21 17:04:20.064563,28.5,63.4,2.6,2.6,15,0.0,5.9,0.0,0,0.0
W6104,2025-02-23 17:04:20.064563,16.0,97.1,5.9,5.9,18,1.3,78.2,0.0,0,0.0
W6105,2024-12-09 17:04:20.064563,35.6,78.8,0.0,0.0,15,0.0,73.3,3.6640000000000024,0,0.0
W6106,2025-03-22 17:04:20.064563,45.0,43.2,0.0,0.0,15,0.0,4.3,20.0,1,376.45
W6107,2025-03-21 17:04:20.064563,16.4,93.3,0.0,0.0,15,0.0,94.1,0.0,0,0.0
W6108,2025-10-12 17:04:20.064563,30.3,58.6,0.0,0.0,19,0.6,63.5,0.0,0,0.0
W6109,2025-10-09 17:04:20.064563,17.7,83.6,0.0,0.0,15,0.1,16.8,0.0,0,0.0
W6110,2024-12-06 17:04:20.064563,35.4,55.1,0.0,0.0,15,1.3,12.3,0.7999999999999972,0,0.0
W6111,2025-03-05 17:04:20.064563,12.3,99.4,11.6,11.6,15,2.6,56.2,2.9,0,0.0
W6112,2024-04-07 17:04:20.064563,29.8,77.3,0.0,0.0,18,0.8,5.9,0.0,0,0.0
W6113,2025-05-13 17:04:20.064563,16.3,84.5,4.2,4.2,15,0.4,16.4,0.0,1,28.88
W6114,2024-07-20 17:04:20.064563,22.9,90.9,0.0,0.0,15,0.0,94.8,0.0,0,0.0
W6115,2025-03-12 17:04:20.064563,14.7,100.0,2.3,2.3,23,1.5,74.5,0.0,0,0.0
W6116,2026-02-11 17:04:20.064563,33.2,68.6,0.8,0.8,21,1.4,61.3,0.0,0,0.0
W6117,2025-11-28 17:04:20.064563,16.6,79.9,0.0,0.0,15,1.9,20.9,0.0,0,0.0
W6118,2024-10-07 17:04:20.064563,30.5,58.1,0.0,0.0,28,1.3,21.9,0.0,0,0.0
W6119,2025-10-29 17:04:20.064563,21.6,69.5,6.2,6.2,16,0.0,44.6,0.0,0,0.0
W6120,2025-10-28 17:04:20.064563,23.9,83.7,10.5,10.5,15,0.0,75.4,2.625,0,0.0
W6121,2026-01-12 17:04:20.064563,26.5,58.2,0.0,0.0,59,0.0,0.4,0.0,0,0.0
W6122,2026-01-11 17:04:20.064563,17.4,90.7,0.0,0.0,45,1.2,4.4,0.0,0,0.0
W6123,2025-09-20 17:04:20.064563,27.1,58.5,2.0,2.0,15,0.0,87.0,0.0,0,0.0
W6124,2024-09-12 17:04:20.064563,40.3,57.8,0.0,0.0,15,1.7,81.4,10.599999999999994,1,126.6
W6125,2025-01-03 17:04:20.064563,17.2,84.3,0.8,0.8,15,0.4,69.5,0.0,1,33.93
W6126,2025-03-16 17:04:20.064563,36.7,68.3,4.9,4.9,35,0.9,50.0,3.4000000000000057,1,34.47
W6127,2025-02-13 17:04:20.064563,40.0,61.4,0.0,0.0,25,1.9,14.5,10.0,1,218.51
W6128,2026-02-05 17:04:20.064563,16.8,99.1,1.4,1.4,34,1.4,10.2,0.0,0,0.0
W6129,2025-08-22 17:04:20.064563,10.4,100.0,4.5,4.5,15,0.2,90.5,0.0,0,0.0
W6130,2025-07-30 17:04:20.064563,28.0,69.4,0.0,0.0,36,0.0,38.3,0.0,0,0.0
W6131,2025-06-18 17:04:20.064563,19.5,69.1,0.0,0.0,15,2.5,69.6,0.0,0,0.0
W6132,2024-06-06 17:04:20.064563,43.7,33.9,0.0,0.0,33,1.0,45.6,17.400000000000006,1,175.59
W6133,2025-04-12 17:04:20.064563,25.3,51.1,0.0,0.0,32,1.3,73.1,0.0,0,0.0
W6134,2025-12-06 17:04:20.064563,17.0,73.7,0.0,0.0,21,2.1,19.3,0.0,0,0.0
W6135,2025-01-05 17:04:20.064563,13.5,90.4,5.8,5.8,15,0.1,48.5,0.0,0,0.0
W6136,2025-07-05 17:04:20.064563,35.9,50.6,0.0,0.0,30,2.7,37.7,1.7999999999999972,0,0.0
W6137,2025-12-24 17:04:20.064563,19.3,79.3,0.0,0.0,15,4.1,24.5,0.0,0,0.0
W6138,2024-08-13 17:04:20.064563,25.4,76.8,0.0,0.0,43,3.2,59.8,0.0,1,40.83
W6139,2024-09-05 17:04:20.064563,34.6,55.1,0.0,0.0,15,2.1,53.7,0.0,0,0.0
W6140,2026-01-02 17:04:20.064563,20.2,68.5,0.0,0.0,23,3.7,49.6,0.0,0,0.0
W6141,2025-02-26 17:04:20.064563,24.5,72.7,6.9,6.9,15,0.8,59.1,0.0,0,0.0
W6142,2025-05-23 17:04:20.064563,24.8,63.8,0.0,0.0,26,4.3,14.3,0.0,0,0.0
W6143,2025-12-24 17:04:20.064563,31.8,59.5,1.1,1.1,15,2.4,37.1,0.0,1,22.93
W6144,2025-12-05 17:04:20.064563,30.9,77.1,0.0,0.0,15,4.3,32.5,0.31949999999999923,1,49.62
W6145,2025-10-24 17:04:20.064563,22.8,73.1,0.0,0.0,70,2.6,76.9,0.0,0,0.0
W6146,2025-05-06 17:04:20.064563,25.6,89.3,0.0,0.0,41,2.9,3.6,0.0,0,0.0
W6147,2024-05-30 17:04:20.064563,21.3,92.4,6.8,6.8,18,4.0,28.2,0.0,0,0.0
W6148,2024-06-07 17:04:20.064563,10.2,88.9,0.0,0.0,35,2.4,91.8,0.0,0,0.0
W6149,2024-08-30 17:04:20.064563,27.6,57.5,0.6,0.6,30,4.1,30.0,0.0,0,0.0
W6150,2025-03-04 17:04:20.064563,43.9,43.6,0.0,0.0,23,3.5,15.2,17.799999999999997,1,211.62
W6151,2024-11-06 17:04:20.064563,16.2,97.3,0.0,0.0,41,1.8,75.7,0.0,0,0.0
W6152,2025-02-02 17:04:20.064563,17.3,79.2,0.0,0.0,15,5.4,4.8,0.0,0,0.0
W6153,2025-02-05 17:04:20.064563,16.3,94.6,0.0,0.0,58,3.9,42.6,0.0,0,0.0
W6154,2026-01-15 17:04:20.064563,32.2,73.7,6.2,6.2,16,3.5,85.5,0.4070000000000008,0,0.0
W6155,2025-01-10 17:04:20.064563,29.5,58.0,6.4,6.4,30,3.3,95.4,0.0,0,0.0
W6156,2026-03-15 17:04:20.064563,23.4,68.1,0.0,0.0,59,5.4,24.9,0.0,1,34.91
W6157,2024-12-16 17:04:20.064563,15.8,93.4,0.0,0.0,37,6.2,29.6,0.0,0,0.0
W6158,2025-11-27 17:04:20.064563,25.9,72.6,1.6,1.6,15,4.2,56.7,0.0,0,0.0
W6159,2026-01-07 17:04:20.064563,9.4,89.1,0.0,0.0,53,4.0,22.7,0.0,0,0.0
W6160,2025-04-26 17:04:20.064563,26.4,66.8,0.0,0.0,62,4.5,15.1,0.0,0,0.0
W6161,2024-12-20 17:04:20.064563,33.7,58.7,3.7,3.7,15,4.3,42.6,0.0,0,0.0
W6162,2025-06-16 17:04:20.064563,12.5,75.6,0.0,0.0,27,5.9,7.2,0.0,0,0.0
W6163,2025-03-24 17:04:20.064563,9.7,100.0,0.0,0.0,35,4.7,89.4,0.0,0,0.0
W6164,2025-11-09 17:04:20.064563,40.8,44.0,0.0,0.0,25,4.9,33.4,11.599999999999994,0,0.0
W6165,2025-09-02 17:04:20.064563,18.9,53.8,0.0,0.0,15,6.8,33.6,0.0,0,0.0
W6166,2025-06-22 17:04:20.064563,36.4,55.2,0.0,0.0,15,5.6,79.1,2.799999999999997,1,32.14
W6167,2025-05-15 17:04:20.064563,23.5,67.4,8.0,8.0,15,5.7,34.2,0.0,1,41.62
W6168,2024-09-05 17:04:20.064563,23.4,91.8,0.0,0.0,51,4.6,76.1,0.0,0,0.0
W6169,2024-09-22 17:04:20.064563,29.4,60.1,0.0,0.0,60,5.5,18.1,0.0,0,0.0
W6170,2024-04-10 17:04:20.064563,16.2,74.8,1.1,1.1,57,6.5,52.9,0.0,0,0.0
W6171,2024-07-24 17:04:20.064563,26.3,75.6,0.0,0.0,32,3.5,76.9,0.0,0,0.0
W6172,2024-11-13 17:04:20.064563,21.2,71.6,4.1,4.1,31,6.4,45.0,0.0,0,0.0
W6173,2026-01-24 17:04:20.064563,11.8,84.5,0.0,0.0,55,5.5,7.2,0.0,0,0.0
W6174,2024-11-30 17:04:20.064563,28.4,72.5,0.0,0.0,30,5.0,73.7,0.0,0,0.0
W6175,2026-03-05 17:04:20.064563,22.4,66.0,2.1,2.1,15,6.4,49.4,0.0,0,0.0
W6176,2024-06-07 17:04:20.064563,23.4,60.3,0.0,0.0,24,6.8,31.6,0.0,0,0.0
W6177,2024-10-19 17:04:20.064563,12.9,100.0,5.2,5.2,29,3.1,99.3,0.0,0,0.0
W6178,2024-09-04 17:04:20.064563,40.9,54.4,5.4,5.4,15,3.7,87.6,11.799999999999997,1,93.78
W6179,2025-04-28 17:04:20.064563,33.8,56.7,0.0,0.0,46,8.6,3.8,1.1999999999999993,0,0.0
W6180,2024-07-01 17:04:20.064563,34.6,58.0,0.0,0.0,15,4.6,59.4,0.0,0,0.0
W6181,2024-06-23 17:04:20.064563,21.9,82.1,0.0,0.0,33,5.6,35.5,0.0,0,0.0
W6182,2024-05-22 17:04:20.064563,7.7,100.0,0.0,0.0,46,8.7,3.7,1.3999999999999986,1,50.26
W6183,2025-07-15 17:04:20.064563,44.5,35.6,9.8,9.8,21,7.3,1.1,19.0,1,184.93
W6184,2025-09-30 17:04:20.064563,24.4,77.1,3.3,3.3,18,5.2,58.4,0.0,0,0.0
W6185,2024-05-12 17:04:20.064563,17.5,78.7,0.0,0.0,54,8.2,32.0,0.3999999999999986,0,0.0
W6186,2024-04-13 17:04:20.064563,29.2,64.4,0.3,0.3,45,4.3,70.3,0.0,0,0.0
W6187,2025-04-28 17:04:20.064563,36.7,56.6,11.2,11.2,15,5.2,45.4,6.2000000000000055,0,0.0
W6188,2025-09-05 17:04:20.064563,24.8,72.8,2.0,2.0,46,4.9,76.6,0.0,0,0.0
W6189,2024-06-11 17:04:20.064563,37.8,60.7,0.0,0.0,33,4.6,81.3,5.599999999999994,0,0.0
W6190,2024-07-02 17:04:20.064563,35.8,61.1,0.0,0.0,31,4.4,65.7,1.5999999999999943,0,0.0
W6191,2024-12-11 17:04:20.064563,14.2,73.6,8.3,8.3,15,7.0,41.8,0.0,0,0.0
W6192,2025-12-10 17:04:20.064563,18.3,69.0,5.1,5.1,15,4.0,98.8,0.0,0,0.0
W6193,2024-08-24 17:04:20.064563,34.6,54.4,0.0,0.0,47,6.7,30.7,0.0,0,0.0
W6194,2024-06-12 17:04:20.064563,-2.1,100.0,0.0,2.1,55,5.8,51.5,6.300000000000001,1,80.22
W6195,2026-01-17 17:04:20.064563,23.5,66.2,8.4,8.4,31,4.8,52.0,0.0,0,0.0
W6196,2025-04-21 17:04:20.064563,10.7,91.9,0.0,0.0,64,5.4,42.8,0.0,0,0.0
W6197,2025-01-28 17:04:20.064563,20.2,74.3,0.0,0.0,57,5.9,12.1,0.0,0,0.0
W6198,2024-11-07 17:04:20.064563,22.0,71.4,0.0,0.0,15,7.7,35.4,0.0,0,0.0
W6199,2024-11-26 17:04:20.064563,21.4,79.7,3.2,3.2,22,7.1,21.5,0.0,0,0.0
W6200,2025-01-02 17:04:20.064563,19.5,94.8,0.0,0.0,71,5.4,90.0,0.0,0,0.0
W6201,2025-06-14 17:04:20.064563,14.0,93.5,2.8,2.8,16,4.9,65.5,0.0,0,0.0
W6202,2025-12-19 17:04:20.064563,45.0,34.5,0.0,0.0,15,8.0,28.8,20.0,1,334.87
W6203,2024-07-25 17:04:20.064563,43.7,72.0,0.0,0.0,85,4.1,56.6,18.770000000000007,1,94.71
W6204,2024-07-30 17:04:20.064563,13.4,90.7,0.0,0.0,55,5.6,85.3,0.0,0,0.0
W6205,2025-09-08 17:04:20.064563,40.8,43.0,0.0,0.0,36,4.2,93.4,11.599999999999994,1,100.75
W6206,2024-09-08 17:04:20.064563,21.0,92.6,0.0,0.0,33,6.3,7.5,0.0,0,0.0
W6207,2024-04-16 17:04:20.064563,26.3,65.9,0.0,0.0,63,2.0,78.7,0.0,0,0.0
W6208,2024-04-22 17:04:20.064563,24.4,90.1,13.4,13.4,34,4.6,96.6,3.35,0,0.0
W6209,2026-01-26 17:04:20.064563,18.4,73.7,0.0,0.0,58,7.1,46.7,0.0,0,0.0
W6210,2025-03-18 17:04:20.064563,34.8,72.0,0.0,0.0,48,4.1,99.6,0.4799999999999997,0,0.0
W6211,2025-02-14 17:04:20.064563,26.3,72.6,1.0,1.0,25,4.8,95.7,0.0,0,0.0
W6212,2025-07-18 17:04:20.064563,20.2,92.6,0.0,0.0,52,5.8,65.7,0.0,0,0.0
W6213,2025-07-09 17:04:20.064563,12.0,100.0,0.0,0.0,75,4.6,84.8,0.0,1,30.26
W6214,2025-09-22 17:04:20.064563,16.1,74.6,0.0,0.0,43,7.7,29.7,0.0,0,0.0
W6215,2024-12-21 17:04:20.064563,8.6,100.0,0.0,0.0,67,2.8,91.7,0.0,0,0.0
W6216,2025-09-30 17:04:20.064563,25.1,58.2,0.0,0.0,47,5.6,59.2,0.0,0,0.0
W6217,2025-06-16 17:04:20.064563,13.0,80.0,0.0,0.0,72,6.5,51.0,0.0,0,0.0
W6218,2024-08-03 17:04:20.064563,22.3,68.4,0.0,0.0,37,4.1,83.6,0.0,0,0.0
W6219,2026-03-02 17:04:20.064563,38.7,57.0,0.0,0.0,57,4.6,88.9,7.400000000000006,0,0.0
W6220,2025-09-21 17:04:20.064563,37.0,54.8,0.0,0.0,66,3.8,70.1,4.0,0,0.0
W6221,2024-09-15 17:04:20.064563,24.7,71.3,0.0,0.0,44,7.7,2.5,0.0,0,0.0
W6222,2025-11-13 17:04:20.064563,24.1,75.3,8.0,8.0,49,4.7,59.7,0.0,0,0.0
W6223,2025-11-19 17:04:20.064563,43.8,50.2,25.1,25.1,15,4.0,82.2,30.149999999999995,1,305.08
W6224,2025-06-28 17:04:20.064563,30.2,71.4,0.0,0.0,58,6.1,54.5,0.014000000000000007,0,0.0
W6225,2025-12-24 17:04:20.064563,21.7,88.4,0.0,0.0,46,2.2,93.5,0.0,0,0.0
W6226,2025-12-29 17:04:20.064563,10.7,100.0,12.0,12.0,56,3.0,89.7,3.0,0,0.0
W6227,2025-10-16 17:04:20.064563,28.9,66.4,2.1,2.1,37,6.2,53.0,0.0,0,0.0
W6228,2025-06-06 17:04:20.064563,33.3,54.8,0.0,0.0,67,5.7,40.4,0.0,0,0.0
W6229,2025-09-05 17:04:20.064563,18.7,88.1,0.0,0.0,45,6.4,5.5,0.0,1,23.59
W6230,2026-01-02 17:04:20.064563,27.9,56.7,0.0,0.0,61,5.4,63.3,0.0,0,0.0
W6231,2026-01-01 17:04:20.064563,21.4,71.2,0.0,0.0,75,5.1,26.6,0.0,0,0.0
W6232,2025-09-15 17:04:20.064563,23.2,85.3,8.4,8.4,40,3.6,66.8,0.0,0,0.0
W6233,2025-01-29 17:04:20.064563,0.1,100.0,2.5,2.7,15,4.0,79.9,0.0,0,0.0
W6234,2025-03-08 17:04:20.064563,22.8,63.7,0.0,0.0,37,5.4,40.9,0.0,0,0.0
W6235,2025-07-24 17:04:20.064563,34.7,43.1,0.0,0.0,21,6.2,1.6,0.0,0,0.0
W6236,2025-09-21 17:04:20.064563,18.7,82.5,0.0,0.0,66,3.6,86.5,0.0,0,0.0
W6237,2024-11-05 17:04:20.064563,25.5,83.1,0.6,0.6,64,6.3,54.9,0.0,0,0.0
W6238,2024-06-17 17:04:20.064563,17.4,95.1,3.9,3.9,51,5.6,31.5,0.0,0,0.0
W6239,2025-06-13 17:04:20.064563,28.6,68.2,0.0,0.0,54,3.4,63.4,0.0,0,0.0
W6240,2025-01-27 17:04:20.064563,22.8,95.8,2.1,2.1,67,4.4,67.4,0.0,0,0.0
W6241,2025-03-27 17:04:20.064563,15.6,85.5,1.0,1.0,36,3.9,14.7,0.0,0,0.0
W6242,2025-05-14 17:04:20.064563,38.3,51.1,0.0,0.0,86,6.0,64.6,6.599999999999994,1,58.6
W6243,2024-12-09 17:04:20.064563,34.3,32.9,0.0,0.0,69,4.3,28.7,0.0,0,0.0
W6244,2024-08-24 17:04:20.064563,19.0,77.1,0.0,0.0,49,4.0,80.4,0.0,0,0.0
W6245,2025-01-22 17:04:20.064563,30.0,73.6,2.6,2.6,55,3.4,94.2,0.0,0,0.0
W6246,2024-03-28 17:04:20.064563,30.4,80.1,0.0,0.0,66,5.0,10.3,0.20199999999999915,0,0.0
W6247,2024-03-18 17:04:20.064563,31.4,54.6,0.0,0.0,42,4.5,91.7,0.0,0,0.0
W6248,2025-09-04 17:04:20.064563,8.1,100.0,0.0,0.0,83,5.3,90.3,0.0,0,0.0
W6249,2024-08-04 17:04:20.064563,35.1,67.9,0.0,0.0,89,4.1,34.3,0.20000000000000284,0,0.0
W6250,2025-03-05 17:04:20.064563,19.3,81.2,0.0,0.0,73,6.3,2.9,0.0,0,0.0
W6251,2025-01-05 17:04:20.064563,21.4,55.0,0.0,0.0,90,2.8,66.3,0.0,0,0.0
W6252,2025-07-11 17:04:20.064563,45.0,45.0,1.5,1.5,121,5.9,34.5,20.0,1,384.09
W6253,2025-09-16 17:04:20.064563,28.0,75.6,1.5,1.5,31,6.2,19.2,0.0,0,0.0
W6254,2024-03-26 17:04:20.064563,21.1,68.8,0.0,0.0,73,6.0,10.9,0.0,0,0.0
W6255,2026-02-20 17:04:20.064563,2.9,100.0,0.0,0.0,45,3.0,19.6,0.0,0,0.0
W6256,2025-08-03 17:04:20.064563,38.9,40.1,5.1,5.1,94,4.0,23.7,7.799999999999997,1,79.52
W6257,2025-07-19 17:04:20.064563,11.5,67.0,0.0,0.0,78,2.5,79.6,0.0,0,0.0
W6258,2025-01-18 17:04:20.064563,15.0,97.8,1.0,1.0,57,2.4,78.4,0.0,0,0.0
W6259,2024-03-27 17:04:20.064563,21.7,77.4,0.0,0.0,68,4.9,49.4,0.0,0,0.0
W6260,2025-06-01 17:04:20.064563,39.2,67.2,0.0,0.0,101,1.6,55.3,8.400000000000006,0,0.0
W6261,2025-01-11 17:04:20.064563,32.7,69.5,0.0,0.0,83,2.9,91.8,0.0,0,0.0
W6262,2025-11-19 17:04:20.064563,23.4,71.3,0.0,0.0,86,3.2,90.8,0.0,0,0.0
W6263,2024-11-09 17:04:20.064563,28.1,67.0,8.0,8.0,88,1.8,82.9,0.0,0,0.0
W6264,2024-03-25 17:04:20.064563,19.0,87.2,0.0,0.0,94,3.9,37.4,0.0,0,0.0
W6265,2025-09-30 17:04:20.064563,26.4,80.1,3.5,3.5,91,3.8,36.7,0.0,0,0.0
W6266,2025-04-04 17:04:20.064563,25.7,74.6,0.0,0.0,73,1.9,88.8,0.0,0,0.0
W6267,2024-09-27 17:04:20.064563,34.7,69.0,3.1,3.1,24,3.2,92.7,0.0,0,0.0
W6268,2025-05-13 17:04:20.064563,34.7,55.0,0.0,0.0,78,1.7,79.8,0.0,0,0.0
W6269,2025-10-13 17:04:20.064563,29.9,55.1,0.0,0.0,63,3.3,75.7,0.0,0,0.0
W6270,2025-06-08 17:04:20.064563,21.4,77.3,4.1,4.1,84,2.7,55.8,0.0,0,0.0
W6271,2025-04-26 17:04:20.064563,32.4,63.4,1.6,1.6,38,2.5,33.8,0.0,0,0.0
W6272,2024-11-28 17:04:20.064563,24.1,61.9,0.0,0.0,93,2.6,24.1,0.0,0,0.0
W6273,2024-09-01 17:04:20.064563,14.2,75.4,0.0,0.0,81,1.5,14.0,0.0,0,0.0
W6274,2026-01-08 17:04:20.064563,21.0,83.0,0.0,0.0,84,1.5,72.8,0.0,0,0.0
W6275,2025-04-21 17:04:20.064563,25.8,67.2,0.0,0.0,90,0.6,77.7,0.0,0,0.0
W6276,2025-04-09 17:04:20.064563,34.1,57.2,0.0,0.0,77,2.5,35.9,0.0,0,0.0
W6277,2024-10-29 17:04:20.064563,23.2,71.7,6.0,6.0,59,3.5,0.6,0.0,0,0.0
W6278,2024-12-12 17:04:20.064563,12.9,100.0,0.0,0.0,101,1.8,93.9,0.0,0,0.0
W6279,2024-06-07 17:04:20.064563,25.6,84.3,0.0,0.0,90,1.1,43.7,0.0,0,0.0
W6280,2025-05-24 17:04:20.064563,26.1,58.4,0.0,0.0,92,0.9,97.5,0.0,0,0.0
W6281,2025-12-18 17:04:20.064563,26.9,64.4,0.0,0.0,77,1.6,67.7,0.0,0,0.0
W6282,2024-11-18 17:04:20.064563,34.2,67.2,11.4,11.4,58,2.2,12.4,2.85,0,0.0
W6283,2025-08-29 17:04:20.064563,35.2,63.2,5.9,5.9,67,3.2,32.7,0.4000000000000057,0,0.0
W6284,2025-12-05 17:04:20.064563,19.1,81.0,2.2,2.2,40,1.7,65.7,0.0,0,0.0
W6285,2026-02-26 17:04:20.064563,18.8,70.4,8.2,8.2,35,1.2,64.9,0.0,0,0.0
W6286,2026-02-17 17:04:20.064563,14.6,81.3,6.7,6.7,63,1.3,23.2,0.0,1,22.88
W6287,2024-12-21 17:04:20.064563,32.0,56.9,0.0,0.0,42,0.8,17.7,0.0,0,0.0
W6288,2025-01-03 17:04:20.064563,39.5,53.5,5.1,5.1,67,1.0,27.7,9.0,1,44.74
W6289,2026-01-11 17:04:20.064563,21.8,94.3,0.0,0.0,61,1.3,78.7,0.0,0,0.0
W6290,2025-09-13 17:04:20.064563,22.6,69.3,0.0,0.0,78,0.0,24.2,0.0,0,0.0
W6291,2024-12-18 17:04:20.064563,39.7,40.2,0.0,0.0,83,0.9,70.2,9.400000000000006,0,0.0
W6292,2025-05-14 17:04:20.064563,30.1,63.8,0.0,0.0,42,0.2,87.0,0.0,0,0.0
W6293,2024-09-26 17:04:20.064563,29.4,76.3,0.0,0.0,86,2.1,39.2,0.0,0,0.0
W6294,2024-05-27 17:04:20.064563,13.1,75.9,0.0,0.0,70,0.6,0.7,0.0,0,0.0
W6295,2024-09-20 17:04:20.064563,31.8,76.9,0.0,0.0,33,0.5,14.2,0.6210000000000008,1,32.9
W6296,2024-08-04 17:04:20.064563,15.7,84.7,3.5,3.5,63,0.0,31.2,0.0,0,0.0
W6297,2025-01-08 17:04:20.064563,13.7,82.2,0.0,0.0,87,1.5,19.0,0.0,0,0.0
W6298,2024-07-09 17:04:20.064563,21.5,61.7,0.0,0.0,71,0.5,29.0,0.0,0,0.0
W6299,2025-12-30 17:04:20.064563,19.1,88.4,4.9,4.9,60,1.4,54.4,0.0,0,0.0
W6300,2025-06-27 17:04:20.064563,22.8,74.1,0.0,0.0,83,0.0,2.1,0.0,0,0.0
W6301,2025-12-10 17:04:20.064563,10.6,95.8,0.0,0.0,70,0.0,6.4,0.0,0,0.0
W6302,2025-06-24 17:04:20.064563,34.6,49.1,0.0,0.0,74,0.0,85.6,0.0,0,0.0
W6303,2024-12-21 17:04:20.064563,36.3,52.4,0.0,0.0,53,1.8,52.2,2.5999999999999943,0,0.0
W6304,2026-03-05 17:04:20.064563,5.5,96.8,0.9,0.9,67,0.4,93.6,0.0,0,0.0
W6305,2025-12-15 17:04:20.064563,34.8,56.8,0.0,0.0,117,1.9,0.3,0.0,0,0.0
W6306,2025-08-03 17:04:20.064563,16.9,78.0,1.7,1.7,79,0.0,0.0,0.0,0,0.0
W6307,2024-09-26 17:04:20.064563,33.6,44.3,0.0,0.0,84,0.5,74.0,0.0,0,0.0
W6308,2025-02-09 17:04:20.064563,24.3,100.0,0.0,0.0,66,1.0,47.6,0.0,0,0.0
W6309,2024-04-06 17:04:20.064563,25.3,58.4,0.0,0.0,71,0.3,91.4,0.0,0,0.0
W6310,2024-08-20 17:04:20.064563,23.1,77.1,1.0,1.0,72,0.0,78.7,0.0,0,0.0
W6311,2024-05-07 17:04:20.064563,37.1,36.6,0.0,0.0,96,0.0,50.4,4.200000000000003,0,0.0
W6312,2025-09-16 17:04:20.064563,12.6,71.1,10.9,10.9,81,0.0,47.9,2.725,0,0.0
W6313,2024-04-09 17:04:20.064563,31.1,64.4,0.0,0.0,69,2.7,81.1,0.0,0,0.0
W6314,2024-09-24 17:04:20.064563,36.0,57.7,0.7,0.7,76,0.0,80.4,2.0,0,0.0
W6315,2024-06-30 17:04:20.064563,32.2,74.4,0.0,0.0,73,0.0,27.7,0.4840000000000012,1,20.16
W6316,2024-12-31 17:04:20.064563,45.0,46.5,0.0,0.0,93,0.0,67.5,20.0,1,471.72
W6317,2024-12-18 17:04:20.064563,19.7,78.9,0.3,0.3,86,0.0,64.3,0.0,0,0.0
W6318,2024-07-24 17:04:20.064563,34.6,48.6,0.0,0.0,76,0.0,85.6,0.0,0,0.0
W6319,2025-06-09 17:04:20.064563,23.9,89.1,0.0,0.0,97,0.0,86.9,0.0,0,0.0
W6320,2024-03-26 17:04:20.064563,37.3,63.3,18.6,18.6,50,0.0,26.8,9.249999999999995,0,0.0
W6321,2024-11-11 17:04:20.064563,24.9,60.2,0.0,0.0,61,0.0,88.0,0.0,0,0.0
W6322,2024-06-18 17:04:20.064563,21.1,78.7,1.7,1.7,73,1.8,92.5,0.0,0,0.0
W6323,2024-08-19 17:04:20.064563,38.1,54.3,0.0,0.0,73,0.2,11.0,6.200000000000003,0,0.0
W6324,2024-04-02 17:04:20.064563,20.1,76.4,1.0,1.0,54,0.1,57.4,0.0,0,0.0
W6325,2025-08-05 17:04:20.064563,10.9,100.0,0.0,0.0,71,1.1,43.6,0.0,0,0.0
W6326,2024-10-26 17:04:20.064563,19.8,88.6,1.5,1.5,95,2.7,40.2,0.0,0,0.0
W6327,2025-03-03 17:04:20.064563,31.2,61.3,15.1,15.1,67,0.0,70.5,3.775,0,0.0
W6328,2025-05-22 17:04:20.064563,38.9,48.8,6.5,6.5,80,0.3,13.0,7.799999999999997,1,81.09
W6329,2025-01-31 17:04:20.064563,26.1,85.8,0.7,0.7,89,0.8,82.0,0.0,0,0.0
W6330,2025-08-10 17:04:20.064563,38.2,62.1,0.0,0.0,79,0.7,2.7,6.400000000000006,0,0.0
W6331,2025-04-02 17:04:20.064563,11.4,93.6,0.0,0.0,62,0.9,57.8,0.0,0,0.0
W6332,2025-07-05 17:04:20.064563,20.6,62.9,8.1,8.1,69,0.9,22.5,0.0,0,0.0
W6333,2026-03-01 17:04:20.064563,22.1,80.3,0.0,0.0,41,0.0,66.7,0.0,0,0.0
W6334,2024-04-19 17:04:20.064563,23.9,81.2,1.1,1.1,58,1.2,52.5,0.0,0,0.0
W6335,2025-02-19 17:04:20.064563,25.8,43.7,0.0,0.0,95,0.0,100.0,0.0,0,0.0
W6336,2024-06-08 17:04:20.064563,31.9,64.7,0.0,0.0,63,0.3,86.2,0.0,0,0.0
W6337,2024-08-14 17:04:20.064563,20.6,75.0,0.0,0.0,85,0.6,33.7,0.0,0,0.0
W6338,2024-05-14 17:04:20.064563,26.4,68.2,0.9,0.9,63,0.0,52.8,0.0,0,0.0
W6339,2024-12-15 17:04:20.064563,24.5,64.1,0.0,0.0,83,0.4,31.8,0.0,0,0.0
W6340,2025-04-23 17:04:20.064563,15.7,84.9,0.9,0.9,39,0.6,72.9,0.0,0,0.0
W6341,2024-05-30 17:04:20.064563,23.9,88.1,2.9,2.9,91,0.0,42.2,0.0,0,0.0
W6342,2025-09-25 17:04:20.064563,23.6,70.2,0.0,0.0,48,1.4,11.5,0.0,0,0.0
W6343,2025-07-12 17:04:20.064563,23.3,84.6,9.0,9.0,25,0.0,66.1,0.0,0,0.0
W6344,2024-09-19 17:04:20.064563,25.3,64.0,1.5,1.5,91,0.3,1.1,0.0,0,0.0
W6345,2024-09-30 17:04:20.064563,25.8,79.0,2.7,2.7,64,1.5,29.7,0.0,0,0.0
W6346,2024-11-29 17:04:20.064563,20.7,79.0,2.6,2.6,58,0.7,90.7,0.0,0,0.0
W6347,2025-04-12 17:04:20.064563,37.7,56.9,0.0,0.0,100,1.0,9.4,5.400000000000006,1,62.03
W6348,2024-03-30 17:04:20.064563,13.3,90.1,7.1,7.1,69,1.1,50.4,0.0,0,0.0
W6349,2024-07-20 17:04:20.064563,17.8,89.7,0.0,0.0,59,0.0,79.5,0.0,0,0.0
W6350,2024-11-27 17:04:20.064563,45.0,20.0,0.0,0.0,65,0.0,90.5,20.0,1,213.55
W6351,2025-04-16 17:04:20.064563,14.6,73.9,0.0,0.0,89,0.4,56.0,0.0,0,0.0
W6352,2025-06-14 17:04:20.064563,11.5,97.0,2.8,2.8,42,0.7,15.3,0.0,0,0.0
W6353,2024-11-26 17:04:20.064563,32.3,41.0,1.6,1.6,92,1.1,94.1,0.0,0,0.0
W6354,2024-04-21 17:04:20.064563,4.2,98.4,0.0,0.0,57,0.8,74.9,0.0,0,0.0
W6355,2024-10-07 17:04:20.064563,22.6,75.5,0.7,0.7,47,0.0,39.6,0.0,0,0.0
W6356,2025-07-02 17:04:20.064563,45.0,34.2,0.0,0.0,87,0.9,27.7,20.0,0,0.0
W6357,2024-06-22 17:04:20.064563,9.6,88.8,0.0,0.0,79,0.0,4.8,0.0,0,0.0
W6358,2025-09-02 17:04:20.064563,5.2,100.0,0.6,0.6,27,1.3,19.1,0.0,0,0.0
W6359,2026-01-28 17:04:20.064563,10.0,100.0,0.0,0.0,61,0.0,77.8,0.0,0,0.0
W6360,2024-10-17 17:04:20.064563,34.0,49.4,0.0,0.0,41,0.0,10.9,0.0,0,0.0
W6361,2025-07-15 17:04:20.064563,36.2,49.9,0.0,0.0,79,2.5,12.9,2.4000000000000057,0,0.0
W6362,2025-04-20 17:04:20.064563,19.9,72.9,0.0,0.0,97,0.1,19.6,0.0,0,0.0
W6363,2026-02-13 17:04:20.064563,31.8,38.0,0.0,0.0,73,0.0,39.5,0.0,0,0.0
W6364,2025-01-31 17:04:20.064563,38.9,53.1,0.2,0.2,46,0.0,18.9,7.799999999999997,0,0.0
W6365,2025-02-11 17:04:20.064563,42.9,55.0,0.0,0.0,79,0.4,90.4,15.799999999999997,1,184.62
W6366,2024-08-27 17:04:20.064563,22.5,86.4,14.4,14.4,31,0.8,25.8,3.6,0,0.0
W6367,2025-12-22 17:04:20.064563,2.0,98.3,4.8,9.6,49,0.0,91.9,0.0,0,0.0
W6368,2024-04-30 17:04:20.064563,16.8,72.3,0.0,0.0,50,0.0,98.5,0.0,0,0.0
W6369,2025-10-01 17:04:20.064563,20.7,79.1,0.0,0.0,61,1.6,75.5,0.0,0,0.0
W6370,2025-09-02 17:04:20.064563,22.4,84.7,1.6,1.6,54,0.0,0.7,0.0,0,0.0
W6371,2024-07-21 17:04:20.064563,23.1,76.9,0.0,0.0,15,0.0,24.0,0.0,0,0.0
W6372,2024-12-02 17:04:20.064563,36.2,58.6,0.0,0.0,58,0.0,26.7,2.4000000000000057,0,0.0
W6373,2025-07-23 17:04:20.064563,37.7,64.8,3.6,3.6,47,0.0,54.3,5.400000000000006,0,0.0
W6374,2025-12-31 17:04:20.064563,23.3,67.7,0.0,0.0,63,1.3,15.8,0.0,0,0.0
W6375,2025-01-17 17:04:20.064563,36.0,53.8,0.0,0.0,16,0.7,7.7,2.0,0,0.0
W6376,2024-10-07 17:04:20.064563,28.6,83.5,0.0,0.0,66,0.5,17.6,0.0,0,0.0
W6377,2025-03-22 17:04:20.064563,25.6,69.6,1.4,1.4,53,2.3,32.7,0.0,0,0.0
W6378,2024-05-10 17:04:20.064563,34.1,46.2,0.0,0.0,64,0.0,4.9,0.0,0,0.0
W6379,2026-01-29 17:04:20.064563,25.7,64.7,0.0,0.0,21,1.3,19.5,0.0,0,0.0
W6380,2024-10-27 17:04:20.064563,45.0,33.1,0.2,0.2,28,0.0,16.8,20.0,0,0.0
W6381,2024-07-11 17:04:20.064563,10.6,97.6,0.6,0.6,15,0.6,77.2,0.0,0,0.0
W6382,2024-11-14 17:04:20.064563,19.8,71.3,0.0,0.0,55,2.3,17.0,0.0,0,0.0
W6383,2025-12-26 17:04:20.064563,23.7,77.1,0.0,0.0,45,0.0,79.2,0.0,0,0.0
W6384,2025-06-05 17:04:20.064563,29.4,58.5,0.0,0.0,48,1.6,50.8,0.0,0,0.0
W6385,2025-02-13 17:04:20.064563,37.7,32.2,0.0,0.0,23,0.0,75.8,5.400000000000006,1,49.43
W6386,2024-04-02 17:04:20.064563,24.8,75.9,0.0,0.0,26,2.1,45.0,0.0,0,0.0
W6387,2024-09-05 17:04:20.064563,10.8,95.3,0.0,0.0,15,0.0,90.1,0.0,0,0.0
W6388,2024-12-25 17:04:20.064563,33.4,65.0,9.1,9.1,15,0.0,27.7,0.0,0,0.0
W6389,2025-11-06 17:04:20.064563,32.5,54.4,0.0,0.0,36,0.0,76.7,0.0,0,0.0
W6390,2024-07-18 17:04:20.064563,5.6,93.8,0.0,0.0,36,0.0,16.3,0.0,0,0.0
W6391,2025-04-27 17:04:20.064563,25.0,76.6,14.7,14.7,17,0.0,88.3,3.675,0,0.0
W6392,2024-11-21 17:04:20.064563,9.1,100.0,0.0,0.0,62,0.0,2.8,0.0,0,0.0
W6393,2024-03-27 17:04:20.064563,18.4,82.6,0.0,0.0,33,0.3,45.7,0.0,0,0.0
W6394,2024-04-30 17:04:20.064563,16.0,90.3,0.0,0.0,56,0.2,42.1,0.0,1,31.02
W6395,2025-11-03 17:04:20.064563,33.1,57.1,0.0,0.0,61,0.0,62.4,0.0,0,0.0
W6396,2026-02-23 17:04:20.064563,26.2,55.3,0.0,0.0,68,0.0,44.1,0.0,0,0.0
W6397,2025-07-17 17:04:20.064563,12.1,100.0,1.9,1.9,51,0.4,58.9,0.0,0,0.0
W6398,2026-02-20 17:04:20.064563,33.8,68.4,0.0,0.0,46,0.4,86.2,0.0,1,42.22
W6399,2025-11-18 17:04:20.064563,10.7,100.0,4.0,4.0,15,0.3,14.2,0.0,0,0.0
W6400,2024-08-23 17:04:20.064563,28.3,65.7,0.0,0.0,49,0.0,24.4,0.0,0,0.0
W6401,2025-04-02 17:04:20.064563,16.9,90.7,0.0,0.0,35,0.0,80.3,0.0,0,0.0
W6402,2024-06-17 17:04:20.064563,21.3,86.9,13.3,13.3,43,0.1,22.8,3.325,0,0.0
W6403,2024-11-27 17:04:20.064563,30.0,81.1,0.5,0.5,42,0.0,90.6,0.0,0,0.0
W6404,2024-08-26 17:04:20.064563,30.2,74.6,0.0,0.0,38,0.0,54.1,0.04599999999999978,0,0.0
W6405,2025-08-11 17:04:20.064563,38.4,53.1,0.0,0.0,69,1.0,8.2,6.799999999999997,0,0.0
W6406,2024-06-19 17:04:20.064563,24.2,60.7,0.0,0.0,30,0.3,2.1,0.0,0,0.0
W6407,2026-02-18 17:04:20.064563,28.1,69.5,15.6,15.6,15,0.0,76.3,3.9,1,20.57
W6408,2025-12-11 17:04:20.064563,20.6,81.6,0.0,0.0,79,0.5,85.6,0.0,0,0.0
W6409,2025-02-27 17:04:20.064563,26.8,76.9,0.8,0.8,42,0.0,24.0,0.0,0,0.0
W6410,2025-12-18 17:04:20.064563,29.4,79.4,0.0,0.0,61,1.4,24.1,0.0,0,0.0
W6411,2024-05-18 17:04:20.064563,24.0,73.0,0.0,0.0,68,1.2,95.4,0.0,0,0.0
W6412,2024-05-18 17:04:20.064563,7.0,100.0,0.0,0.0,26,0.0,65.6,0.0,0,0.0
W6413,2025-03-17 17:04:20.064563,28.3,49.9,4.9,4.9,45,0.0,16.8,0.0,0,0.0
W6414,2026-01-07 17:04:20.064563,28.6,71.2,0.0,0.0,30,0.7,44.9,0.0,0,0.0
W6415,2024-08-22 17:04:20.064563,18.2,74.7,0.0,0.0,77,0.2,91.0,0.0,0,0.0
W6416,2026-03-06 17:04:20.064563,12.2,72.7,0.0,0.0,64,0.0,62.1,0.0,0,0.0
W6417,2025-09-18 17:04:20.064563,39.8,48.3,0.0,0.0,50,0.4,40.7,9.599999999999994,0,0.0
W6418,2024-07-05 17:04:20.064563,29.9,50.6,0.0,0.0,55,0.0,15.1,0.0,0,0.0
W6419,2024-07-24 17:04:20.064563,22.7,74.3,14.6,14.6,15,0.0,72.6,3.65,0,0.0
W6420,2025-07-30 17:04:20.064563,13.6,89.9,13.8,13.8,40,0.0,27.6,3.45,0,0.0
W6421,2024-11-11 17:04:20.064563,16.8,96.0,0.0,0.0,15,0.8,56.6,0.0,0,0.0
W6422,2025-02-05 17:04:20.064563,38.0,37.9,0.0,0.0,41,0.0,60.0,6.0,0,0.0
W6423,2025-10-10 17:04:20.064563,26.4,79.5,0.0,0.0,18,0.2,55.5,0.0,0,0.0
W6424,2026-01-07 17:04:20.064563,19.5,81.7,0.3,0.3,48,0.0,24.6,0.0,0,0.0
W6425,2025-03-08 17:04:20.064563,30.1,75.1,0.0,0.0,66,0.7,70.8,0.025500000000000335,0,0.0
W6426,2025-06-10 17:04:20.064563,16.9,80.4,0.0,0.0,40,0.8,56.6,0.0,0,0.0
W6427,2024-10-01 17:04:20.064563,40.0,36.7,0.0,0.0,37,1.7,40.4,10.0,0,0.0
W6428,2024-04-08 17:04:20.064563,38.5,40.0,0.0,0.0,28,0.0,5.2,7.0,0,0.0
W6429,2026-02-21 17:04:20.064563,20.3,66.6,0.0,0.0,32,0.0,33.1,0.0,0,0.0
W6430,2025-04-08 17:04:20.064563,18.7,86.7,0.0,0.0,23,0.0,35.2,0.0,0,0.0
W6431,2025-03-19 17:04:20.064563,-1.2,100.0,0.0,5.1,62,1.4,79.1,3.5999999999999996,0,0.0
W6432,2024-08-02 17:04:20.064563,10.2,89.1,0.0,0.0,45,0.4,51.3,0.0,0,0.0
W6433,2024-11-29 17:04:20.064563,11.6,98.9,0.0,0.0,21,0.1,93.2,0.0,0,0.0
W6434,2024-04-27 17:04:20.064563,26.4,55.2,0.0,0.0,29,1.2,75.1,0.0,0,0.0
W6435,2025-07-27 17:04:20.064563,21.7,79.2,0.0,0.0,86,0.0,53.8,0.0,0,0.0
W6436,2026-03-11 17:04:20.064563,11.5,99.4,7.9,7.9,17,1.2,16.9,0.0,0,0.0
W6437,2025-06-09 17:04:20.064563,22.2,62.2,0.0,0.0,56,1.7,22.1,0.0,0,0.0
W6438,2025-10-11 17:04:20.064563,30.1,62.9,2.1,2.1,15,0.0,16.0,0.0,0,0.0
W6439,2025-01-13 17:04:20.064563,30.3,71.7,2.7,2.7,30,0.0,44.3,0.0255000000000001,0,0.0
W6440,2025-09-24 17:04:20.064563,6.0,71.7,0.0,0.0,15,0.1,72.3,0.0,0,0.0
W6441,2026-03-01 17:04:20.064563,23.7,87.8,10.1,10.1,15,1.6,75.9,2.525,0,0.0
W6442,2025-08-01 17:04:20.064563,11.2,96.8,0.0,0.0,41,0.5,9.6,0.0,1,33.88
W6443,2024-09-28 17:04:20.064563,34.0,66.1,0.0,0.0,15,0.0,49.6,0.0,0,0.0
W6444,2025-10-19 17:04:20.064563,32.8,56.6,0.0,0.0,15,1.3,48.1,0.0,0,0.0
W6445,2024-09-25 17:04:20.064563,16.0,68.7,5.5,5.5,27,0.8,43.9,0.0,0,0.0
W6446,2025-09-25 17:04:20.064563,17.3,89.3,3.0,3.0,15,1.0,30.1,0.0,0,0.0
W6447,2025-03-09 17:04:20.064563,20.4,78.6,0.0,0.0,18,1.1,47.6,0.0,0,0.0
W6448,2025-02-12 17:04:20.064563,2.5,100.0,0.2,0.2,15,0.0,51.7,0.0,0,0.0
W6449,2025-07-10 17:04:20.064563,28.4,78.3,0.0,0.0,15,1.1,60.0,0.0,0,0.0
W6450,2024-12-24 17:04:20.064563,22.3,84.2,0.0,0.0,28,0.0,37.7,0.0,0,0.0
W6451,2025-11-21 17:04:20.064563,34.7,77.2,0.0,0.0,18,0.0,94.5,1.6920000000000015,0,0.0
W6452,2025-10-06 17:04:20.064563,14.0,90.5,0.0,0.0,41,0.0,33.9,0.0,0,0.0
W6453,2024-08-29 17:04:20.064563,18.8,74.9,7.0,7.0,15,0.7,89.5,0.0,0,0.0
W6454,2024-05-27 17:04:20.064563,9.9,93.2,0.0,0.0,19,0.0,80.1,0.0,0,0.0
W6455,2025-09-12 17:04:20.064563,15.0,91.7,0.0,0.0,23,1.5,46.5,0.0,0,0.0
W6456,2024-08-23 17:04:20.064563,13.2,100.0,9.2,9.2,15,1.1,49.6,0.0,0,0.0
W6457,2025-06-21 17:04:20.064563,35.0,42.9,0.0,0.0,34,0.7,87.0,0.0,0,0.0
W6458,2025-01-14 17:04:20.064563,18.0,83.1,0.0,0.0,15,1.4,49.3,0.0,0,0.0
W6459,2024-12-12 17:04:20.064563,26.2,86.7,0.0,0.0,31,0.0,67.9,0.0,0,0.0
W6460,2025-09-23 17:04:20.064563,21.2,75.8,0.0,0.0,44,1.0,80.9,0.0,0,0.0
W6461,2025-03-28 17:04:20.064563,12.3,100.0,0.0,0.0,15,0.6,90.8,0.0,0,0.0
W6462,2025-06-25 17:04:20.064563,23.3,80.0,0.0,0.0,29,0.0,21.8,0.0,0,0.0
W6463,2024-03-18 17:04:20.064563,31.0,73.1,0.0,0.0,28,0.0,97.5,0.15499999999999972,0,0.0
W6464,2025-12-31 17:04:20.064563,12.9,82.5,0.0,0.0,32,0.0,96.5,0.0,0,0.0
W6465,2025-08-18 17:04:20.064563,33.1,52.3,0.0,0.0,20,0.0,29.7,0.0,0,0.0
W6466,2025-04-10 17:04:20.064563,16.5,85.4,12.6,12.6,23,0.0,61.4,3.15,0,0.0
W6467,2024-09-23 17:04:20.064563,20.2,64.4,0.0,0.0,62,0.0,4.7,0.0,0,0.0
W6468,2024-04-06 17:04:20.064563,30.3,61.8,0.0,0.0,33,1.5,16.8,0.0,0,0.0
W6469,2025-12-12 17:04:20.064563,18.4,85.0,1.6,1.6,23,0.0,58.4,0.0,0,0.0
W6470,2025-03-25 17:04:20.064563,25.4,89.8,0.0,0.0,20,0.0,65.0,0.0,0,0.0
W6471,2025-12-13 17:04:20.064563,21.9,81.2,5.8,5.8,15,0.0,53.5,0.0,0,0.0
W6472,2024-11-17 17:04:20.064563,26.3,76.8,4.2,4.2,15,0.0,70.5,0.0,0,0.0
W6473,2025-02-09 17:04:20.064563,1.2,100.0,0.0,0.6,15,0.0,79.3,0.0,0,0.0
W6474,2024-05-21 17:04:20.064563,6.7,90.3,8.4,8.4,15,1.7,16.8,0.0,0,0.0
W6475,2026-01-21 17:04:20.064563,31.2,61.6,0.0,0.0,16,0.0,66.0,0.0,0,0.0
W6476,2025-09-20 17:04:20.064563,35.4,81.2,0.0,0.0,50,0.0,56.3,3.823999999999997,0,0.0
W6477,2025-04-18 17:04:20.064563,15.9,85.4,0.0,0.0,15,0.0,11.8,0.0,0,0.0
W6478,2024-09-28 17:04:20.064563,22.6,87.3,0.7,0.7,19,0.0,22.9,0.0,0,0.0
W6479,2025-09-05 17:04:20.064563,27.9,77.7,0.0,0.0,28,0.6,42.0,0.0,0,0.0
W6480,2026-02-15 17:04:20.064563,31.9,47.3,0.0,0.0,37,0.8,86.4,0.0,0,0.0
W6481,2025-08-09 17:04:20.064563,4.7,100.0,1.8,1.8,19,1.3,21.7,0.0,0,0.0
W6482,2025-10-03 17:04:20.064563,16.1,87.3,0.0,0.0,27,0.0,18.3,0.0,0,0.0
W6483,2024-08-22 17:04:20.064563,21.7,80.8,0.0,0.0,23,0.0,72.1,0.0,0,0.0
W6484,2025-12-05 17:04:20.064563,32.0,54.4,2.4,2.4,24,1.2,97.6,0.0,0,0.0
W6485,2025-01-01 17:04:20.064563,45.0,31.3,0.0,0.0,19,0.6,44.7,20.0,1,248.71
W6486,2025-02-11 17:04:20.064563,22.7,71.2,0.0,0.0,62,0.8,35.0,0.0,0,0.0
W6487,2025-05-11 17:04:20.064563,10.9,92.6,1.2,1.2,29,1.6,25.4,0.0,0,0.0
W6488,2026-01-03 17:04:20.064563,29.0,78.3,0.0,0.0,24,2.2,5.0,0.0,0,0.0
W6489,2025-02-10 17:04:20.064563,38.2,70.9,0.8,0.8,15,0.6,17.8,6.769000000000008,0,0.0
W6490,2024-07-09 17:04:20.064563,26.1,84.8,7.1,7.1,15,1.4,9.3,0.0,0,0.0
W6491,2024-06-24 17:04:20.064563,15.9,94.7,0.0,0.0,50,1.1,49.4,0.0,0,0.0
W6492,2025-09-04 17:04:20.064563,34.6,48.1,0.0,0.0,15,0.0,97.8,0.0,0,0.0
W6493,2026-01-21 17:04:20.064563,31.6,58.5,0.0,0.0,22,1.5,78.7,0.0,0,0.0
W6494,2024-05-25 17:04:20.064563,14.7,90.0,1.7,1.7,17,0.9,60.2,0.0,0,0.0
W6495,2024-05-01 17:04:20.064563,28.8,60.5,0.0,0.0,31,1.7,48.7,0.0,0,0.0
W6496,2024-07-28 17:04:20.064563,35.0,63.3,0.0,0.0,26,2.3,61.7,0.0,0,0.0
W6497,2024-09-16 17:04:20.064563,36.8,62.0,0.0,0.0,51,2.3,37.6,3.5999999999999943,0,0.0
W6498,2024-04-19 17:04:20.064563,24.3,78.9,0.0,0.0,23,1.5,17.8,0.0,0,0.0
W6499,2024-10-10 17:04:20.064563,21.4,88.1,8.1,8.1,15,2.1,59.0,0.0,0,0.0
W6500,2024-07-05 17:04:20.064563,37.3,45.0,0.3,0.3,40,2.2,52.8,4.599999999999994,0,0.0
W6501,2025-07-28 17:04:20.064563,12.9,100.0,0.0,0.0,52,1.0,94.5,0.0,0,0.0
W6502,2024-09-30 17:04:20.064563,29.4,59.0,0.0,0.0,36,1.2,65.0,0.0,1,49.18
W6503,2024-06-27 17:04:20.064563,11.3,83.6,3.3,3.3,36,2.1,77.3,0.0,0,0.0
W6504,2024-04-19 17:04:20.064563,35.7,61.8,0.0,0.0,18,1.8,9.3,1.4000000000000057,0,0.0
W6505,2025-10-23 17:04:20.064563,22.4,88.5,4.1,4.1,17,1.1,76.1,0.0,0,0.0
W6506,2026-01-04 17:04:20.064563,37.7,58.4,3.4,3.4,46,0.6,98.3,5.400000000000006,0,0.0
W6507,2025-04-19 17:04:20.064563,29.9,65.3,0.0,0.0,34,1.3,65.7,0.0,0,0.0
W6508,2026-01-20 17:04:20.064563,12.8,93.9,0.2,0.2,18,1.9,74.2,0.0,0,0.0
W6509,2025-08-01 17:04:20.064563,39.2,52.5,0.0,0.0,24,3.1,98.0,8.400000000000006,0,0.0
W6510,2025-09-07 17:04:20.064563,40.5,38.0,0.0,0.0,44,3.9,39.1,11.0,1,137.7
W6511,2025-12-16 17:04:20.064563,33.8,46.8,0.0,0.0,47,3.6,82.4,0.0,0,0.0
W6512,2026-03-06 17:04:20.064563,17.4,83.1,4.2,4.2,15,2.9,40.0,0.0,0,0.0
W6513,2025-11-12 17:04:20.064563,21.9,77.9,5.9,5.9,20,1.5,42.6,0.0,0,0.0
W6514,2024-12-05 17:04:20.064563,26.5,70.4,0.0,0.0,25,2.5,65.8,0.0,0,0.0
W6515,2024-05-07 17:04:20.064563,18.0,89.8,0.0,0.0,24,5.2,25.6,0.0,0,0.0
W6516,2025-03-28 17:04:20.064563,41.9,45.0,1.7,1.7,49,2.0,99.3,13.799999999999997,1,102.05
W6517,2024-10-30 17:04:20.064563,26.4,76.0,0.0,0.0,21,4.1,32.9,0.0,0,0.0
W6518,2025-11-28 17:04:20.064563,-2.0,100.0,4.7,5.5,15,4.5,12.3,6.0,0,0.0
W6519,2024-05-29 17:04:20.064563,28.4,85.6,0.0,0.0,15,5.0,32.3,0.0,0,0.0
W6520,2024-03-31 17:04:20.064563,21.5,78.5,0.0,0.0,23,3.8,85.6,0.0,0,0.0
W6521,2024-10-17 17:04:20.064563,24.3,97.0,0.0,0.0,15,2.9,31.4,0.0,0,0.0
W6522,2026-01-18 17:04:20.064563,21.3,81.5,0.0,0.0,15,1.3,61.1,0.0,0,0.0
W6523,2025-08-03 17:04:20.064563,33.1,58.3,4.6,4.6,15,3.6,93.5,0.0,0,0.0
W6524,2024-06-07 17:04:20.064563,36.2,46.7,0.4,0.4,15,4.7,26.0,2.4000000000000057,0,0.0
W6525,2025-07-10 17:04:20.064563,27.8,53.8,0.0,0.0,15,6.0,13.1,0.0,0,0.0
W6526,2026-01-01 17:04:20.064563,21.6,67.7,0.0,0.0,37,5.3,9.7,0.0,0,0.0
W6527,2024-05-19 17:04:20.064563,24.6,64.3,1.9,1.9,15,5.1,44.0,0.0,0,0.0
W6528,2025-03-22 17:04:20.064563,25.2,76.2,0.0,0.0,16,5.6,10.4,0.0,0,0.0
W6529,2025-10-10 17:04:20.064563,17.0,79.3,0.0,0.0,28,4.0,45.4,0.0,0,0.0
W6530,2025-05-17 17:04:20.064563,30.8,65.7,0.0,0.0,53,3.1,86.3,0.0,0,0.0
W6531,2025-03-30 17:04:20.064563,29.6,78.4,10.8,10.8,15,3.7,77.7,2.7,0,0.0
W6532,2026-03-13 17:04:20.064563,40.4,48.5,0.0,0.0,28,5.1,58.2,10.799999999999997,1,83.44
W6533,2024-05-16 17:04:20.064563,37.6,74.5,0.0,0.0,30,3.5,85.0,6.910000000000003,0,0.0
W6534,2025-12-09 17:04:20.064563,18.1,71.0,0.0,0.0,15,5.1,10.0,0.0,0,0.0
W6535,2024-12-15 17:04:20.064563,33.2,58.7,1.8,1.8,42,6.2,60.9,0.0,0,0.0
W6536,2025-09-10 17:04:20.064563,15.5,81.4,0.0,0.0,45,6.6,11.6,0.0,0,0.0
W6537,2024-04-28 17:04:20.064563,32.0,71.4,0.0,0.0,50,6.5,48.2,0.14000000000000057,0,0.0
W6538,2024-05-29 17:04:20.064563,19.8,57.9,0.0,0.0,84,4.1,46.3,0.0,0,0.0
W6539,2025-01-23 17:04:20.064563,14.8,73.4,6.6,6.6,15,5.7,26.5,0.0,0,0.0
W6540,2024-06-05 17:04:20.064563,27.8,67.2,0.0,0.0,15,4.3,83.0,0.0,0,0.0
W6541,2024-10-25 17:04:20.064563,-1.7,100.0,6.4,9.8,36,6.9,22.8,5.1,0,0.0
W6542,2025-08-31 17:04:20.064563,7.5,100.0,8.9,8.9,15,3.2,55.2,0.0,0,0.0
W6543,2024-06-25 17:04:20.064563,23.2,61.6,0.0,0.0,16,3.6,48.2,0.0,0,0.0
W6544,2024-06-29 17:04:20.064563,25.8,59.3,1.1,1.1,29,5.0,43.2,0.0,0,0.0
W6545,2024-11-09 17:04:20.064563,21.3,94.8,0.0,0.0,25,7.7,3.4,0.0,0,0.0
W6546,2025-09-13 17:04:20.064563,9.2,90.0,1.1,1.1,70,4.1,69.7,0.0,0,0.0
W6547,2025-04-16 17:04:20.064563,16.8,75.3,0.0,0.0,83,7.2,1.3,0.0,0,0.0
W6548,2024-09-28 17:04:20.064563,28.9,81.4,10.2,10.2,15,4.4,82.1,2.55,0,0.0
W6549,2024-10-01 17:04:20.064563,30.8,73.9,0.0,0.0,15,5.7,26.6,0.15600000000000036,0,0.0
W6550,2025-09-07 17:04:20.064563,24.8,85.5,0.0,0.0,24,8.5,12.0,1.0,0,0.0
W6551,2026-01-19 17:04:20.064563,36.6,45.6,0.0,0.0,26,5.2,41.7,3.200000000000003,0,0.0
W6552,2024-11-27 17:04:20.064563,29.0,51.3,0.0,0.0,25,3.4,55.9,0.0,0,0.0
W6553,2025-10-22 17:04:20.064563,17.5,85.0,0.0,0.0,37,5.5,31.0,0.0,0,0.0
W6554,2025-12-18 17:04:20.064563,22.2,80.1,0.0,0.0,32,6.4,12.2,0.0,0,0.0
W6555,2024-09-17 17:04:20.064563,11.0,97.2,0.3,0.3,15,7.8,1.8,0.0,0,0.0
W6556,2025-10-10 17:04:20.064563,23.9,88.9,7.1,7.1,15,5.3,70.4,0.0,0,0.0
W6557,2025-10-10 17:04:20.064563,36.1,38.5,0.0,0.0,74,4.9,88.6,2.200000000000003,0,0.0
W6558,2025-05-17 17:04:20.064563,31.9,70.8,4.6,4.6,27,9.3,10.1,2.676000000000001,0,0.0
W6559,2024-07-04 17:04:20.064563,39.0,40.5,0.0,0.0,36,7.0,23.1,8.0,0,0.0
W6560,2025-12-31 17:04:20.064563,22.0,85.6,0.0,0.0,15,8.6,2.0,1.1999999999999993,0,0.0
W6561,2025-10-29 17:04:20.064563,38.5,47.6,0.0,0.0,36,4.0,88.5,7.0,0,0.0
W6562,2025-03-19 17:04:20.064563,23.1,67.3,0.0,0.0,65,6.5,44.5,0.0,0,0.0
W6563,2026-02-06 17:04:20.064563,39.7,44.3,0.0,0.0,58,3.9,92.5,9.400000000000006,0,0.0
W6564,2025-06-30 17:04:20.064563,24.8,58.4,0.0,0.0,63,5.9,46.8,0.0,0,0.0
W6565,2026-03-07 17:04:20.064563,32.1,62.3,0.0,0.0,23,4.7,86.2,0.0,0,0.0
W6566,2026-01-28 17:04:20.064563,39.8,42.6,0.0,0.0,23,5.2,95.2,9.599999999999994,0,0.0
W6567,2025-05-29 17:04:20.064563,23.1,83.3,0.0,0.0,71,6.6,33.5,0.0,0,0.0
W6568,2024-07-02 17:04:20.064563,27.2,75.6,5.9,5.9,53,5.4,64.1,0.0,0,0.0
W6569,2024-09-04 17:04:20.064563,37.9,70.0,0.0,0.0,44,5.6,66.6,5.799999999999997,0,0.0
W6570,2024-09-18 17:04:20.064563,23.7,78.2,2.5,2.5,62,8.8,2.1,1.6000000000000014,0,0.0
W6571,2025-10-02 17:04:20.064563,11.8,97.5,4.1,4.1,18,4.8,43.8,0.0,0,0.0
W6572,2025-05-03 17:04:20.064563,45.0,56.5,0.0,0.0,26,4.8,85.5,20.0,1,263.29
W6573,2025-08-16 17:04:20.064563,20.3,73.3,4.5,4.5,15,2.9,94.6,0.0,0,0.0
W6574,2025-02-26 17:04:20.064563,26.6,55.2,0.0,0.0,59,5.7,89.9,0.0,0,0.0
W6575,2026-01-20 17:04:20.064563,36.6,57.2,0.0,0.0,56,4.4,97.3,3.200000000000003,1,39.11
W6576,2024-08-26 17:04:20.064563,18.9,67.4,0.0,0.0,42,6.6,65.3,0.0,0,0.0
W6577,2025-09-15 17:04:20.064563,14.9,100.0,4.4,4.4,29,5.4,23.3,0.0,0,0.0
W6578,2025-11-22 17:04:20.064563,27.5,83.2,0.0,0.0,102,5.5,57.5,0.0,0,0.0
W6579,2025-06-14 17:04:20.064563,7.1,100.0,0.0,0.0,49,7.1,42.1,0.0,0,0.0
W6580,2025-03-13 17:04:20.064563,22.1,77.4,10.8,10.8,61,8.3,25.9,3.3000000000000016,0,0.0
W6581,2025-02-03 17:04:20.064563,27.5,74.3,0.0,0.0,52,5.2,77.3,0.0,0,0.0
W6582,2025-10-02 17:04:20.064563,22.3,72.0,0.0,0.0,46,4.9,62.9,0.0,0,0.0
W6583,2025-02-13 17:04:20.064563,9.6,100.0,0.0,0.0,84,4.4,79.0,0.0,0,0.0
W6584,2025-04-02 17:04:20.064563,40.9,36.4,0.0,0.0,72,5.7,26.9,11.799999999999997,0,0.0
W6585,2025-05-14 17:04:20.064563,26.0,45.5,3.1,3.1,50,5.7,90.4,0.0,0,0.0
W6586,2025-12-26 17:04:20.064563,39.3,43.1,0.0,0.0,80,7.4,23.9,8.599999999999994,1,82.92
W6587,2025-06-01 17:04:20.064563,22.4,61.8,0.0,0.0,109,5.2,60.2,0.0,0,0.0
W6588,2025-02-12 17:04:20.064563,16.2,100.0,0.0,0.0,44,7.9,5.7,0.0,0,0.0
W6589,2025-12-01 17:04:20.064563,27.7,86.6,0.0,0.0,69,5.4,54.1,0.0,0,0.0
W6590,2024-11-19 17:04:20.064563,22.8,61.7,0.0,0.0,51,6.9,9.9,0.0,0,0.0
W6591,2025-10-15 17:04:20.064563,13.2,100.0,11.2,11.2,19,5.5,33.2,2.8,0,0.0
W6592,2025-09-27 17:04:20.064563,39.7,60.0,0.0,0.0,41,3.5,86.1,9.400000000000006,1,87.89
W6593,2024-10-23 17:04:20.064563,18.8,66.1,0.0,0.0,93,4.5,89.4,0.0,0,0.0
W6594,2025-04-06 17:04:20.064563,6.6,96.2,0.0,0.0,25,5.6,76.7,0.0,0,0.0
W6595,2025-10-02 17:04:20.064563,38.3,46.8,0.0,0.0,72,5.6,36.8,6.599999999999994,0,0.0
W6596,2024-12-03 17:04:20.064563,20.0,87.5,0.0,0.0,46,4.3,57.9,0.0,0,0.0
W6597,2025-03-21 17:04:20.064563,18.9,69.3,0.7,0.7,97,7.3,22.4,0.0,0,0.0
W6598,2025-06-24 17:04:20.064563,7.3,98.0,1.0,1.0,56,4.8,67.8,0.0,0,0.0
W6599,2025-06-19 17:04:20.064563,42.4,39.5,0.0,0.0,57,3.6,34.7,14.799999999999997,0,0.0
W6600,2025-04-28 17:04:20.064563,12.1,96.6,0.0,0.0,96,5.5,22.1,0.0,1,34.6
W6601,2024-03-18 17:04:20.064563,25.6,69.5,6.4,6.4,69,5.3,58.5,0.0,0,0.0
W6602,2024-04-22 17:04:20.064563,34.1,53.5,0.0,0.0,76,5.6,11.2,0.0,0,0.0
W6603,2025-01-03 17:04:20.064563,29.2,64.0,18.5,18.5,45,4.5,68.7,4.625,0,0.0
W6604,2025-11-18 17:04:20.064563,24.4,93.8,0.0,0.0,44,4.8,18.7,0.0,0,0.0
W6605,2024-04-03 17:04:20.064563,8.0,93.9,0.0,0.0,81,4.4,55.3,0.0,0,0.0
W6606,2025-08-30 17:04:20.064563,16.9,74.2,0.0,0.0,63,4.1,39.3,0.0,0,0.0
W6607,2024-08-03 17:04:20.064563,26.9,75.5,0.0,0.0,75,3.4,56.6,0.0,0,0.0
W6608,2025-01-21 17:04:20.064563,17.1,82.9,0.0,0.0,77,4.8,24.6,0.0,0,0.0
W6609,2024-03-24 17:04:20.064563,27.0,55.3,0.0,0.0,46,6.2,31.0,0.0,0,0.0
W6610,2025-01-19 17:04:20.064563,31.8,84.6,0.0,0.0,80,6.2,14.0,1.314,0,0.0
W6611,2024-10-31 17:04:20.064563,34.6,54.5,0.0,0.0,65,5.8,77.7,0.0,0,0.0
W6612,2024-10-23 17:04:20.064563,12.7,87.1,0.0,0.0,45,5.2,7.0,0.0,0,0.0
W6613,2025-02-03 17:04:20.064563,45.0,44.1,0.0,0.0,67,5.8,37.6,20.0,1,176.24
W6614,2024-04-09 17:04:20.064563,32.7,78.3,0.0,0.0,71,6.4,44.9,1.1205000000000007,0,0.0
W6615,2026-02-22 17:04:20.064563,25.0,55.7,0.0,0.0,82,6.3,19.5,0.0,0,0.0
W6616,2024-12-25 17:04:20.064563,35.9,58.9,0.0,0.0,23,5.7,38.5,1.7999999999999972,0,0.0
W6617,2025-10-05 17:04:20.064563,45.0,63.4,0.0,0.0,79,4.5,41.8,20.0,1,260.11
W6618,2025-08-23 17:04:20.064563,10.6,95.4,0.0,0.0,61,5.0,22.4,0.0,1,45.73
W6619,2025-10-08 17:04:20.064563,22.7,63.5,0.0,0.0,88,2.7,63.9,0.0,0,0.0
W6620,2025-10-23 17:04:20.064563,1.2,100.0,1.9,2.0,68,2.5,3.1,0.0,0,0.0
W6621,2025-10-24 17:04:20.064563,26.9,71.7,0.0,0.0,66,4.8,19.8,0.0,0,0.0
W6622,2024-08-23 17:04:20.064563,28.7,80.3,0.0,0.0,69,2.5,62.4,0.0,0,0.0
W6623,2024-06-22 17:04:20.064563,24.6,69.7,0.0,0.0,80,2.9,62.8,0.0,0,0.0
W6624,2024-04-25 17:04:20.064563,18.5,90.6,4.6,4.6,82,3.3,26.5,0.0,0,0.0
W6625,2025-07-02 17:04:20.064563,4.5,88.9,4.2,4.2,48,3.4,68.3,0.0,0,0.0
W6626,2025-03-17 17:04:20.064563,28.7,52.5,14.7,14.7,38,3.3,47.0,3.675,0,0.0
W6627,2024-08-24 17:04:20.064563,39.6,45.8,11.3,11.3,81,4.5,52.7,12.025000000000002,0,0.0
W6628,2024-08-06 17:04:20.064563,19.1,95.7,1.3,1.3,65,2.9,33.3,0.0,0,0.0
W6629,2024-12-14 17:04:20.064563,29.4,66.6,0.0,0.0,82,2.3,98.4,0.0,1,32.5
W6630,2025-03-28 17:04:20.064563,9.3,98.9,0.0,0.0,51,2.4,73.7,0.0,0,0.0
W6631,2025-11-04 17:04:20.064563,29.6,68.4,0.0,0.0,41,3.2,24.8,0.0,0,0.0
W6632,2024-11-28 17:04:20.064563,21.1,89.5,0.0,0.0,55,3.3,23.7,0.0,0,0.0
W6633,2024-11-11 17:04:20.064563,17.4,77.8,0.0,0.0,62,3.8,77.4,0.0,0,0.0
W6634,2024-12-05 17:04:20.064563,17.4,90.8,0.0,0.0,97,3.8,38.8,0.0,0,0.0
W6635,2025-01-19 17:04:20.064563,21.1,70.1,0.0,0.0,99,2.9,9.2,0.0,0,0.0
W6636,2024-06-20 17:04:20.064563,28.8,86.6,3.2,3.2,32,2.7,3.6,0.0,0,0.0
W6637,2025-10-23 17:04:20.064563,11.9,84.2,9.0,9.0,48,1.8,41.4,0.0,0,0.0
W6638,2025-05-01 17:04:20.064563,21.0,69.6,2.0,2.0,87,2.6,41.5,0.0,0,0.0
W6639,2025-10-21 17:04:20.064563,24.6,78.6,0.0,0.0,75,0.4,70.7,0.0,0,0.0
W6640,2024-10-26 17:04:20.064563,14.0,89.8,0.0,0.0,108,1.8,57.5,0.0,0,0.0
W6641,2024-06-05 17:04:20.064563,43.0,48.8,0.0,0.0,91,2.1,77.0,16.0,1,138.31
W6642,2025-02-13 17:04:20.064563,16.5,87.6,0.0,0.0,73,1.5,31.8,0.0,0,0.0
W6643,2025-07-25 17:04:20.064563,18.3,71.6,0.0,0.0,74,1.7,62.4,0.0,0,0.0
W6644,2024-09-11 17:04:20.064563,15.2,100.0,0.0,0.0,77,1.6,88.6,0.0,0,0.0
W6645,2025-07-30 17:04:20.064563,43.0,54.5,0.5,0.5,60,0.4,6.9,16.0,1,122.87
W6646,2026-02-22 17:04:20.064563,30.5,77.8,2.4,2.4,92,1.5,70.8,0.19499999999999992,0,0.0
W6647,2026-03-07 17:04:20.064563,15.6,81.3,0.7,0.7,92,0.8,71.6,0.0,0,0.0
W6648,2025-10-29 17:04:20.064563,36.1,60.1,3.3,3.3,81,2.9,79.4,2.200000000000003,0,0.0
W6649,2024-06-23 17:04:20.064563,27.0,71.5,0.0,0.0,84,1.6,26.9,0.0,0,0.0
W6650,2025-11-17 17:04:20.064563,27.6,79.9,5.9,5.9,47,0.3,41.7,0.0,0,0.0
W6651,2026-01-04 17:04:20.064563,21.6,89.3,0.0,0.0,89,0.0,24.0,0.0,0,0.0
W6652,2025-01-19 17:04:20.064563,17.5,85.7,2.4,2.4,77,1.0,30.9,0.0,0,0.0
W6653,2024-04-25 17:04:20.064563,28.4,52.3,0.7,0.7,118,1.9,96.9,0.0,0,0.0
W6654,2025-10-29 17:04:20.064563,19.5,98.5,0.0,0.0,53,0.2,44.6,0.0,0,0.0
W6655,2025-04-12 17:04:20.064563,43.2,50.8,0.0,0.0,65,0.8,84.9,16.400000000000006,1,88.58
W6656,2024-06-06 17:04:20.064563,12.3,85.5,12.9,12.9,22,1.2,79.5,3.225,0,0.0
W6657,2024-05-14 17:04:20.064563,40.4,53.5,0.0,0.0,75,1.1,44.5,10.799999999999997,0,0.0
W6658,2025-02-23 17:04:20.064563,23.9,59.1,0.0,0.0,45,0.2,99.2,0.0,0,0.0
W6659,2025-03-09 17:04:20.064563,28.0,78.6,0.0,0.0,103,0.0,84.1,0.0,0,0.0
W6660,2025-06-05 17:04:20.064563,33.3,45.3,0.0,0.0,101,0.0,48.3,0.0,0,0.0
W6661,2025-05-18 17:04:20.064563,18.7,79.7,16.8,16.8,43,0.0,31.0,4.2,0,0.0
W6662,2024-07-19 17:04:20.064563,33.6,62.0,1.1,1.1,57,0.0,7.5,0.0,0,0.0
W6663,2024-11-05 17:04:20.064563,-2.1,100.0,0.0,0.2,49,1.0,46.5,6.300000000000001,0,0.0
W6664,2026-01-15 17:04:20.064563,17.8,84.4,1.9,1.9,62,0.3,36.0,0.0,0,0.0
W6665,2025-11-24 17:04:20.064563,15.8,92.7,0.8,0.8,90,0.3,71.1,0.0,0,0.0
W6666,2024-03-29 17:04:20.064563,12.5,91.0,4.0,4.0,56,0.0,2.0,0.0,0,0.0
W6667,2025-12-27 17:04:20.064563,22.9,75.4,0.0,0.0,118,1.2,83.1,0.0,0,0.0
W6668,2025-12-25 17:04:20.064563,28.9,67.6,0.0,0.0,109,0.0,41.7,0.0,0,0.0
W6669,2025-04-13 17:04:20.064563,32.0,60.1,0.0,0.0,79,0.1,47.0,0.0,1,27.68
W6670,2024-05-12 17:04:20.064563,27.4,52.0,0.0,0.0,70,1.2,18.3,0.0,0,0.0
W6671,2025-01-24 17:04:20.064563,18.3,74.8,0.0,0.0,68,0.0,93.7,0.0,0,0.0
W6672,2025-09-05 17:04:20.064563,28.7,69.4,0.0,0.0,111,0.0,39.8,0.0,0,0.0
W6673,2024-04-29 17:04:20.064563,26.2,68.1,0.0,0.0,66,1.0,84.3,0.0,0,0.0
W6674,2025-02-07 17:04:20.064563,34.4,56.9,0.0,0.0,97,0.8,23.7,0.0,0,0.0
W6675,2025-09-21 17:04:20.064563,32.8,57.6,0.0,0.0,79,0.3,9.7,0.0,0,0.0
W6676,2025-10-17 17:04:20.064563,25.3,63.4,0.0,0.0,93,0.0,63.6,0.0,0,0.0
W6677,2024-08-18 17:04:20.064563,16.0,81.0,0.0,0.0,62,1.3,98.4,0.0,0,0.0
W6678,2025-02-15 17:04:20.064563,18.5,79.2,0.0,0.0,72,0.0,64.7,0.0,0,0.0
W6679,2025-08-14 17:04:20.064563,19.5,80.8,3.2,3.2,71,0.0,60.9,0.0,0,0.0
W6680,2026-03-02 17:04:20.064563,21.8,81.2,0.0,0.0,65,0.0,44.2,0.0,0,0.0
W6681,2024-10-30 17:04:20.064563,27.7,66.7,1.4,1.4,100,0.0,28.4,0.0,0,0.0
W6682,2024-08-21 17:04:20.064563,32.2,51.5,2.5,2.5,57,1.2,43.1,0.0,1,38.18
W6683,2024-05-08 17:04:20.064563,24.5,59.3,0.0,0.0,66,0.2,14.9,0.0,0,0.0
W6684,2026-02-05 17:04:20.064563,25.2,98.2,0.0,0.0,104,0.7,26.2,0.0,0,0.0
W6685,2025-04-24 17:04:20.064563,26.4,59.1,3.5,3.5,93,0.0,48.7,0.0,0,0.0
W6686,2025-06-17 17:04:20.064563,19.8,75.1,15.4,15.4,78,1.0,14.5,3.85,0,0.0
W6687,2025-11-17 17:04:20.064563,15.7,91.6,0.0,0.0,38,1.4,79.2,0.0,0,0.0
W6688,2025-10-28 17:04:20.064563,7.4,100.0,0.0,0.0,80,0.0,1.2,0.0,0,0.0
W6689,2025-08-16 17:04:20.064563,18.0,88.1,1.4,1.4,75,0.0,32.2,0.0,0,0.0
W6690,2024-06-18 17:04:20.064563,29.7,61.0,1.1,1.1,62,0.0,51.7,0.0,0,0.0
W6691,2024-10-31 17:04:20.064563,18.0,85.4,0.0,0.0,82,0.9,92.9,0.0,0,0.0
W6692,2025-06-03 17:04:20.064563,22.6,76.7,0.0,0.0,69,0.2,57.3,0.0,0,0.0
W6693,2025-01-08 17:04:20.064563,29.7,62.4,2.5,2.5,73,0.0,29.5,0.0,0,0.0
W6694,2025-04-25 17:04:20.064563,30.2,67.1,0.0,0.0,143,0.4,35.2,0.0,0,0.0
W6695,2024-08-16 17:04:20.064563,14.2,99.2,0.0,0.0,81,1.9,33.9,0.0,0,0.0
W6696,2024-07-31 17:04:20.064563,35.0,57.3,0.3,0.3,81,0.0,18.0,0.0,0,0.0
W6697,2025-02-25 17:04:20.064563,36.3,55.4,2.2,2.2,86,0.0,14.5,2.5999999999999943,0,0.0
W6698,2024-06-10 17:04:20.064563,13.7,100.0,0.0,0.0,77,0.0,48.1,0.0,0,0.0
W6699,2025-07-18 17:04:20.064563,16.8,94.5,0.0,0.0,51,0.5,27.0,0.0,0,0.0
W6700,2025-10-24 17:04:20.064563,36.9,70.5,0.3,0.3,40,1.1,9.2,3.972499999999997,0,0.0
W6701,2024-05-07 17:04:20.064563,23.5,57.1,0.0,0.0,72,0.0,21.6,0.0,0,0.0
W6702,2025-09-30 17:04:20.064563,2.8,100.0,5.7,5.7,56,0.7,52.1,0.0,0,0.0
W6703,2025-04-30 17:04:20.064563,11.0,99.5,0.0,0.0,33,0.0,25.7,0.0,0,0.0
W6704,2024-12-11 17:04:20.064563,22.5,67.4,8.4,8.4,88,0.5,23.8,0.0,0,0.0
W6705,2024-06-13 17:04:20.064563,13.4,92.5,0.0,0.0,74,2.5,62.1,0.0,0,0.0
W6706,2025-04-30 17:04:20.064563,20.9,89.2,0.0,0.0,100,0.0,68.9,0.0,0,0.0
W6707,2025-08-13 17:04:20.064563,25.3,63.7,0.0,0.0,26,0.4,24.1,0.0,0,0.0
W6708,2025-06-05 17:04:20.064563,39.6,55.0,0.0,0.0,99,0.0,47.2,9.200000000000003,0,0.0
W6709,2026-03-02 17:04:20.064563,22.1,85.6,8.0,8.0,44,0.2,76.5,0.0,0,0.0
W6710,2024-07-29 17:04:20.064563,35.7,45.7,0.0,0.0,95,1.1,69.0,1.4000000000000057,0,0.0
W6711,2024-08-03 17:04:20.064563,39.3,49.6,0.0,0.0,73,0.6,6.9,8.599999999999994,1,53.14
W6712,2025-07-23 17:04:20.064563,39.3,54.0,0.0,0.0,78,0.0,36.0,8.599999999999994,1,75.63
W6713,2025-10-11 17:04:20.064563,27.8,60.3,0.0,0.0,77,0.0,72.3,0.0,0,0.0
W6714,2024-10-06 17:04:20.064563,5.4,93.2,0.0,0.0,59,0.0,17.9,0.0,0,0.0
W6715,2025-07-30 17:04:20.064563,29.6,64.2,0.0,0.0,55,1.0,19.6,0.0,1,37.07
W6716,2025-04-26 17:04:20.064563,35.5,64.8,0.0,0.0,60,0.7,63.0,1.0,0,0.0
W6717,2026-01-14 17:04:20.064563,24.2,80.2,0.0,0.0,37,0.0,28.4,0.0,0,0.0
W6718,2025-10-24 17:04:20.064563,42.4,37.7,0.0,0.0,57,0.2,32.4,14.799999999999997,1,105.37
W6719,2024-10-04 17:04:20.064563,33.6,66.1,0.0,0.0,52,0.0,52.3,0.0,0,0.0
W6720,2025-10-13 17:04:20.064563,30.7,55.6,0.0,0.0,36,0.0,75.1,0.0,0,0.0
W6721,2025-12-08 17:04:20.064563,35.9,40.1,0.0,0.0,74,0.8,49.8,1.7999999999999972,0,0.0
W6722,2025-09-05 17:04:20.064563,28.3,63.8,7.6,7.6,49,1.0,89.3,0.0,0,0.0
W6723,2024-11-25 17:04:20.064563,0.1,100.0,1.2,5.2,67,0.7,10.7,0.0,0,0.0
W6724,2024-11-21 17:04:20.064563,20.0,86.5,0.0,0.0,78,0.0,75.4,0.0,0,0.0
W6725,2024-05-30 17:04:20.064563,37.0,54.5,7.7,7.7,43,0.5,54.4,4.0,0,0.0
W6726,2024-12-15 17:04:20.064563,16.9,80.4,0.0,0.0,44,0.0,81.7,0.0,0,0.0
W6727,2025-06-01 17:04:20.064563,22.8,72.0,0.0,0.0,68,0.8,31.6,0.0,0,0.0
W6728,2025-02-12 17:04:20.064563,14.6,89.3,0.0,0.0,15,0.0,48.2,0.0,0,0.0
W6729,2026-02-17 17:04:20.064563,42.8,35.1,3.9,3.9,51,0.0,82.4,15.599999999999994,1,128.34
W6730,2025-10-28 17:04:20.064563,41.8,43.8,0.1,0.1,76,0.0,83.2,13.599999999999994,1,123.53
W6731,2024-06-17 17:04:20.064563,16.2,83.6,0.8,0.8,80,0.7,37.6,0.0,0,0.0
W6732,2024-07-11 17:04:20.064563,26.5,56.8,5.2,5.2,39,0.0,82.2,0.0,0,0.0
W6733,2026-02-03 17:04:20.064563,18.2,74.3,0.0,0.0,15,0.0,68.2,0.0,0,0.0
W6734,2025-05-15 17:04:20.064563,31.1,67.4,0.0,0.0,15,0.0,40.9,0.0,0,0.0
W6735,2025-05-25 17:04:20.064563,30.1,64.9,1.4,1.4,68,0.0,97.0,0.0,1,20.14
W6736,2025-03-27 17:04:20.064563,33.1,57.2,2.1,2.1,47,0.2,3.1,0.0,0,0.0
W6737,2025-03-09 17:04:20.064563,28.3,58.4,0.0,0.0,98,0.3,38.3,0.0,0,0.0
W6738,2024-09-29 17:04:20.064563,45.0,58.3,0.0,0.0,29,0.0,30.7,20.0,1,447.97
W6739,2025-02-09 17:04:20.064563,14.7,79.5,0.4,0.4,62,0.0,93.6,0.0,0,0.0
W6740,2025-03-05 17:04:20.064563,7.9,100.0,0.0,0.0,89,0.0,9.9,0.0,0,0.0
W6741,2025-11-16 17:04:20.064563,21.1,73.5,0.0,0.0,60,1.2,62.8,0.0,0,0.0
W6742,2026-01-18 17:04:20.064563,9.3,96.4,5.6,5.6,15,0.6,71.7,0.0,0,0.0
W6743,2024-04-11 17:04:20.064563,10.1,99.5,0.7,0.7,108,1.1,18.4,0.0,0,0.0
W6744,2025-01-24 17:04:20.064563,15.0,73.8,0.0,0.0,85,1.6,15.0,0.0,0,0.0
W6745,2024-09-07 17:04:20.064563,15.8,86.3,0.4,0.4,48,0.4,4.8,0.0,0,0.0
W6746,2025-03-11 17:04:20.064563,15.5,98.7,0.0,0.0,69,0.0,15.9,0.0,0,0.0
W6747,2025-12-09 17:04:20.064563,30.2,82.3,3.9,3.9,61,0.2,80.8,0.12299999999999953,0,0.0
W6748,2025-06-13 17:04:20.064563,19.9,78.8,0.0,0.0,65,0.0,94.4,0.0,0,0.0
W6749,2025-12-16 17:04:20.064563,23.2,75.6,0.0,0.0,24,0.0,90.1,0.0,0,0.0
W6750,2024-08-14 17:04:20.064563,33.9,81.2,0.0,0.0,57,0.0,36.5,2.1839999999999997,0,0.0
W6751,2025-06-12 17:04:20.064563,17.3,95.3,0.0,0.0,79,0.0,72.6,0.0,0,0.0
W6752,2024-05-02 17:04:20.064563,22.4,70.3,0.2,0.2,59,0.0,82.7,0.0,0,0.0
W6753,2024-11-12 17:04:20.064563,28.7,60.8,6.1,6.1,45,0.0,81.2,0.0,0,0.0
W6754,2024-10-08 17:04:20.064563,5.6,100.0,0.0,0.0,38,0.0,6.3,0.0,0,0.0
W6755,2026-02-17 17:04:20.064563,1.2,98.2,1.5,3.0,27,0.0,21.5,0.0,0,0.0
W6756,2025-04-04 17:04:20.064563,28.5,78.2,0.4,0.4,15,0.6,93.9,0.0,0,0.0
W6757,2024-08-24 17:04:20.064563,29.9,68.5,0.0,0.0,62,0.0,74.0,0.0,0,0.0
W6758,2024-06-13 17:04:20.064563,45.0,47.7,1.8,1.8,39,0.0,83.4,20.0,1,346.42
W6759,2024-07-11 17:04:20.064563,26.6,67.6,0.0,0.0,19,0.4,51.4,0.0,0,0.0
W6760,2024-05-12 17:04:20.064563,33.2,53.9,5.7,5.7,54,0.8,39.3,0.0,0,0.0
W6761,2024-11-21 17:04:20.064563,23.0,90.1,1.2,1.2,31,0.5,65.1,0.0,0,0.0
W6762,2025-12-13 17:04:20.064563,28.0,65.6,0.0,0.0,27,1.6,47.3,0.0,0,0.0
W6763,2024-08-16 17:04:20.064563,41.7,43.4,0.3,0.3,34,0.0,37.4,13.400000000000006,1,93.39
W6764,2025-01-06 17:04:20.064563,3.8,100.0,0.0,0.0,40,0.2,34.8,0.0,0,0.0
W6765,2024-04-01 17:04:20.064563,29.1,68.2,0.0,0.0,52,0.0,15.8,0.0,0,0.0
W6766,2025-03-04 17:04:20.064563,45.0,32.2,0.0,0.0,25,0.0,52.9,20.0,1,176.18
W6767,2026-02-26 17:04:20.064563,27.8,62.6,0.0,0.0,62,0.1,52.0,0.0,0,0.0
W6768,2024-07-09 17:04:20.064563,41.5,41.6,0.0,0.0,51,0.9,59.1,13.0,1,131.58
W6769,2025-01-24 17:04:20.064563,18.7,90.4,0.0,0.0,31,0.0,11.6,0.0,0,0.0
W6770,2025-06-21 17:04:20.064563,24.7,64.1,0.0,0.0,37,0.0,91.5,0.0,0,0.0
W6771,2025-07-13 17:04:20.064563,25.3,54.4,2.8,2.8,26,1.0,74.2,0.0,0,0.0
W6772,2024-04-10 17:04:20.064563,2.8,86.1,0.0,0.0,41,0.0,13.1,0.0,0,0.0
W6773,2025-02-20 17:04:20.064563,13.3,75.3,15.6,15.6,38,0.0,7.9,3.9,0,0.0
W6774,2024-10-18 17:04:20.064563,14.0,100.0,0.4,0.4,29,0.0,64.3,0.0,0,0.0
W6775,2025-09-19 17:04:20.064563,33.2,60.3,0.0,0.0,42,0.7,34.2,0.0,0,0.0
W6776,2024-10-20 17:04:20.064563,33.7,64.4,3.9,3.9,16,0.0,31.9,0.0,0,0.0
W6777,2024-10-12 17:04:20.064563,28.2,73.0,0.0,0.0,48,0.0,84.0,0.0,0,0.0
W6778,2025-09-28 17:04:20.064563,33.2,60.7,0.0,0.0,42,0.0,34.5,0.0,1,46.78
W6779,2025-09-04 17:04:20.064563,23.4,74.2,0.0,0.0,63,0.5,63.2,0.0,0,0.0
W6780,2024-12-07 17:04:20.064563,37.0,64.9,0.0,0.0,19,1.0,53.7,4.0,1,28.2
W6781,2025-09-30 17:04:20.064563,25.1,73.8,0.0,0.0,49,0.0,26.3,0.0,0,0.0
W6782,2025-07-25 17:04:20.064563,25.6,85.6,2.9,2.9,54,0.4,33.2,0.0,0,0.0
W6783,2025-12-15 17:04:20.064563,22.3,82.7,1.4,1.4,23,0.0,94.3,0.0,0,0.0
W6784,2024-08-09 17:04:20.064563,31.8,56.1,0.0,0.0,31,0.6,33.1,0.0,0,0.0
W6785,2026-02-27 17:04:20.064563,20.8,73.8,0.0,0.0,37,0.5,78.4,0.0,0,0.0
W6786,2026-03-03 17:04:20.064563,34.8,50.6,0.0,0.0,28,0.0,86.1,0.0,0,0.0
W6787,2026-01-31 17:04:20.064563,13.7,100.0,0.0,0.0,36,0.0,7.1,0.0,0,0.0
W6788,2024-04-05 17:04:20.064563,14.0,84.9,21.7,21.7,15,0.0,66.3,10.85,1,191.2
W6789,2025-04-07 17:04:20.064563,31.9,54.2,0.0,0.0,30,0.3,74.9,0.0,0,0.0
W6790,2025-11-04 17:04:20.064563,24.1,77.0,0.0,0.0,29,0.9,43.4,0.0,0,0.0
W6791,2026-01-26 17:04:20.064563,20.5,78.3,0.0,0.0,36,0.0,56.9,0.0,0,0.0
W6792,2025-09-08 17:04:20.064563,33.9,62.1,5.2,5.2,15,1.3,16.2,0.0,0,0.0
W6793,2024-05-01 17:04:20.064563,18.9,100.0,0.0,0.0,23,1.5,31.8,0.0,0,0.0
W6794,2024-12-04 17:04:20.064563,23.0,84.6,7.2,7.2,15,0.7,70.8,0.0,0,0.0
W6795,2024-09-08 17:04:20.064563,39.0,51.8,0.0,0.0,29,0.0,60.3,8.0,0,0.0
W6796,2024-05-18 17:04:20.064563,40.4,35.3,0.1,0.1,38,0.7,13.6,10.799999999999997,1,128.36
W6797,2025-01-02 17:04:20.064563,40.7,43.9,0.0,0.0,23,0.0,98.8,11.400000000000006,1,151.28
W6798,2024-10-09 17:04:20.064563,22.2,83.8,1.4,1.4,15,0.0,93.8,0.0,0,0.0
W6799,2026-03-01 17:04:20.064563,37.3,42.3,0.6,0.6,25,0.5,22.4,4.599999999999994,0,0.0
W6800,2025-12-10 17:04:20.064563,15.5,100.0,0.0,0.0,36,0.4,87.5,0.0,0,0.0
W6801,2024-12-20 17:04:20.064563,15.9,86.2,3.2,3.2,23,0.5,26.7,0.0,0,0.0
W6802,2024-05-11 17:04:20.064563,1.5,100.0,0.0,0.9,72,0.7,56.4,0.0,1,39.71
W6803,2025-07-07 17:04:20.064563,41.7,40.7,0.0,0.0,15,0.0,78.2,13.400000000000006,0,0.0
W6804,2026-01-17 17:04:20.064563,16.4,90.4,4.1,4.1,15,0.0,34.4,0.0,0,0.0
W6805,2024-03-26 17:04:20.064563,23.7,62.8,0.0,0.0,42,2.1,55.5,0.0,0,0.0
W6806,2024-05-25 17:04:20.064563,15.9,100.0,0.0,0.0,15,0.0,45.0,0.0,0,0.0
W6807,2025-04-19 17:04:20.064563,32.0,75.2,0.0,0.0,64,0.0,76.0,0.5200000000000002,0,0.0
W6808,2026-01-23 17:04:20.064563,21.2,88.0,0.0,0.0,25,0.0,47.9,0.0,0,0.0
W6809,2024-12-20 17:04:20.064563,12.0,78.2,1.1,1.1,34,0.2,56.7,0.0,0,0.0
W6810,2026-01-25 17:04:20.064563,29.4,67.9,0.0,0.0,25,0.0,84.6,0.0,0,0.0
W6811,2026-01-22 17:04:20.064563,10.7,100.0,9.8,9.8,25,0.0,69.9,0.0,0,0.0
W6812,2025-03-21 17:04:20.064563,16.6,91.0,0.0,0.0,15,1.5,52.8,0.0,0,0.0
W6813,2024-07-06 17:04:20.064563,3.9,94.1,0.0,0.0,55,0.7,46.1,0.0,0,0.0
W6814,2024-04-06 17:04:20.064563,10.8,87.4,5.1,5.1,18,0.0,12.7,0.0,0,0.0
W6815,2025-01-11 17:04:20.064563,26.8,65.3,0.0,0.0,36,2.1,5.6,0.0,1,22.7
W6816,2026-01-11 17:04:20.064563,5.4,95.9,23.5,23.5,15,0.0,95.3,11.75,0,0.0
W6817,2025-04-17 17:04:20.064563,10.2,100.0,10.2,10.2,15,0.0,18.7,2.55,0,0.0
W6818,2024-11-09 17:04:20.064563,25.0,53.3,0.0,0.0,15,0.0,27.7,0.0,0,0.0
W6819,2025-04-11 17:04:20.064563,19.6,87.2,0.0,0.0,46,0.4,61.1,0.0,0,0.0
W6820,2025-08-20 17:04:20.064563,44.9,29.7,0.0,0.0,15,0.6,82.8,19.799999999999997,1,80.66
W6821,2026-03-14 17:04:20.064563,43.3,35.4,0.0,0.0,25,0.0,83.3,16.599999999999994,1,191.19
W6822,2024-06-27 17:04:20.064563,16.3,65.4,0.0,0.0,15,1.1,83.0,0.0,0,0.0
W6823,2025-02-04 17:04:20.064563,30.6,58.7,0.1,0.1,15,0.2,97.8,0.0,0,0.0
W6824,2025-07-27 17:04:20.064563,32.5,76.4,14.9,14.9,15,1.5,5.6,4.525,0,0.0
W6825,2025-11-19 17:04:20.064563,19.0,84.1,0.0,0.0,30,0.9,40.0,0.0,0,0.0
W6826,2025-09-13 17:04:20.064563,10.0,82.9,0.0,0.0,15,0.0,91.4,0.0,0,0.0
W6827,2024-06-16 17:04:20.064563,24.9,82.9,6.6,6.6,15,1.1,46.7,0.0,0,0.0
W6828,2024-09-24 17:04:20.064563,23.3,87.4,0.0,0.0,28,0.0,87.1,0.0,0,0.0
W6829,2024-10-07 17:04:20.064563,20.6,80.1,1.2,1.2,36,0.6,1.8,0.0,0,0.0
W6830,2025-08-12 17:04:20.064563,29.4,86.2,1.0,1.0,32,0.5,50.4,0.0,0,0.0
W6831,2025-06-29 17:04:20.064563,17.5,92.0,0.0,0.0,19,0.0,92.2,0.0,0,0.0
W6832,2025-10-13 17:04:20.064563,13.5,96.6,0.0,0.0,24,0.0,26.1,0.0,0,0.0
W6833,2026-03-17 17:04:20.064563,26.1,62.8,4.0,4.0,15,1.5,93.0,0.0,0,0.0
W6834,2024-04-09 17:04:20.064563,28.9,73.0,5.8,5.8,15,0.4,0.8,0.0,0,0.0
W6835,2024-04-27 17:04:20.064563,13.2,92.3,1.9,1.9,22,0.0,7.9,0.0,0,0.0
W6836,2024-11-26 17:04:20.064563,34.3,63.8,4.0,4.0,15,0.0,47.7,0.0,0,0.0
W6837,2025-09-11 17:04:20.064563,7.3,92.2,0.0,0.0,32,1.0,10.6,0.0,0,0.0
W6838,2025-01-24 17:04:20.064563,19.2,82.5,0.0,0.0,22,2.2,22.6,0.0,0,0.0
W6839,2025-02-22 17:04:20.064563,22.4,68.2,0.0,0.0,15,0.9,29.8,0.0,0,0.0
W6840,2025-08-01 17:04:20.064563,18.6,60.6,0.0,0.0,39,0.4,48.1,0.0,0,0.0
W6841,2025-04-24 17:04:20.064563,19.3,91.0,0.0,0.0,15,0.3,39.1,0.0,0,0.0
W6842,2024-08-25 17:04:20.064563,43.7,29.4,3.2,3.2,15,0.4,92.2,17.400000000000006,1,206.22
W6843,2024-04-05 17:04:20.064563,16.5,86.3,0.0,0.0,39,0.0,88.6,0.0,0,0.0
W6844,2025-03-08 17:04:20.064563,45.0,45.8,0.0,0.0,16,0.6,74.8,20.0,1,210.62
W6845,2026-02-16 17:04:20.064563,29.4,69.2,15.1,15.1,15,0.0,65.9,3.775,0,0.0
W6846,2025-03-13 17:04:20.064563,25.9,68.3,0.0,0.0,15,0.7,20.4,0.0,0,0.0
W6847,2025-03-16 17:04:20.064563,29.8,68.1,0.0,0.0,36,0.0,60.2,0.0,0,0.0
W6848,2025-12-18 17:04:20.064563,45.0,47.2,1.2,1.2,21,1.4,14.7,20.0,1,311.76
W6849,2025-01-21 17:04:20.064563,15.1,94.8,7.3,7.3,15,0.9,45.3,0.0,0,0.0
W6850,2024-11-14 17:04:20.064563,13.8,100.0,0.0,0.0,16,0.3,46.2,0.0,0,0.0
W6851,2025-08-13 17:04:20.064563,17.5,86.2,0.0,0.0,52,0.0,69.0,0.0,0,0.0
W6852,2024-12-25 17:04:20.064563,25.3,72.7,0.0,0.0,57,2.1,83.5,0.0,0,0.0
W6853,2024-05-20 17:04:20.064563,7.7,89.3,3.7,3.7,15,1.0,32.1,0.0,0,0.0
W6854,2025-12-18 17:04:20.064563,25.2,76.5,0.0,0.0,38,3.1,4.1,0.0,0,0.0
W6855,2024-12-06 17:04:20.064563,41.9,53.8,2.3,2.3,15,0.3,4.7,13.799999999999997,1,96.37
W6856,2025-04-18 17:04:20.064563,26.5,68.3,0.0,0.0,30,0.7,87.5,0.0,0,0.0
W6857,2024-04-17 17:04:20.064563,22.1,82.3,3.4,3.4,15,0.0,48.6,0.0,0,0.0
W6858,2025-10-07 17:04:20.064563,18.8,78.8,0.0,0.0,28,2.5,24.8,0.0,0,0.0
W6859,2024-12-29 17:04:20.064563,34.0,65.7,4.2,4.2,15,2.9,3.2,0.0,0,0.0
W6860,2024-11-03 17:04:20.064563,16.7,94.0,3.1,3.1,15,1.0,52.9,0.0,0,0.0
W6861,2024-08-20 17:04:20.064563,43.5,53.8,5.8,5.8,15,1.5,13.7,17.0,1,135.2
W6862,2025-03-02 17:04:20.064563,44.3,44.7,12.3,12.3,15,1.6,41.7,21.674999999999994,1,574.29
W6863,2025-04-24 17:04:20.064563,27.6,58.2,1.1,1.1,15,1.7,51.6,0.0,1,44.93
W6864,2026-01-19 17:04:20.064563,24.9,66.6,0.0,0.0,15,1.9,22.9,0.0,0,0.0
W6865,2024-08-05 17:04:20.064563,35.3,63.0,0.0,0.0,18,3.7,19.9,0.5999999999999943,0,0.0
W6866,2024-06-15 17:04:20.064563,35.9,80.6,0.0,0.0,28,2.5,2.0,4.926999999999994,0,0.0
W6867,2025-04-13 17:04:20.064563,16.9,81.2,0.0,0.0,59,0.3,58.6,0.0,0,0.0
W6868,2025-09-02 17:04:20.064563,19.7,85.0,8.6,8.6,15,2.7,20.0,0.0,0,0.0
W6869,2026-02-10 17:04:20.064563,11.8,86.8,0.0,0.0,25,1.4,87.8,0.0,0,0.0
W6870,2025-12-05 17:04:20.064563,29.1,56.6,1.2,1.2,36,1.1,60.4,0.0,0,0.0
W6871,2025-12-18 17:04:20.064563,31.7,55.7,0.0,0.0,15,2.8,55.6,0.0,0,0.0
W6872,2026-02-18 17:04:20.064563,11.5,71.9,0.0,0.0,15,0.9,50.5,0.0,0,0.0
W6873,2024-11-05 17:04:20.064563,20.4,92.9,0.0,0.0,15,3.8,21.5,0.0,0,0.0
W6874,2025-05-19 17:04:20.064563,11.5,70.4,6.3,6.3,15,2.0,96.9,0.0,0,0.0
W6875,2024-11-19 17:04:20.064563,16.0,83.3,5.9,5.9,43,1.6,96.7,0.0,0,0.0
W6876,2025-10-25 17:04:20.064563,30.5,52.5,10.9,10.9,15,2.4,32.1,2.725,0,0.0
W6877,2024-08-21 17:04:20.064563,17.7,74.7,0.0,0.0,39,1.2,77.6,0.0,0,0.0
W6878,2025-05-28 17:04:20.064563,22.0,90.8,0.0,0.0,44,5.1,11.9,0.0,0,0.0
W6879,2025-01-31 17:04:20.064563,8.7,98.9,0.0,0.0,15,2.5,78.1,0.0,0,0.0
W6880,2025-11-27 17:04:20.064563,26.9,60.0,1.6,1.6,68,2.3,28.6,0.0,0,0.0
W6881,2025-02-18 17:04:20.064563,24.6,67.3,0.0,0.0,32,4.1,28.9,0.0,0,0.0
W6882,2025-06-20 17:04:20.064563,17.7,75.8,0.0,0.0,24,3.4,50.7,0.0,0,0.0
W6883,2025-09-24 17:04:20.064563,23.1,74.9,9.1,9.1,30,5.4,39.2,0.0,0,0.0
W6884,2024-07-30 17:04:20.064563,26.8,71.5,7.3,7.3,25,4.4,11.8,0.0,0,0.0
W6885,2024-10-15 17:04:20.064563,16.9,100.0,0.0,0.0,53,4.6,59.3,0.0,0,0.0
W6886,2026-01-15 17:04:20.064563,10.2,75.5,0.0,0.0,55,4.5,21.4,0.0,0,0.0
W6887,2024-08-06 17:04:20.064563,43.1,45.1,12.6,12.6,15,3.0,44.4,19.35,1,155.34
W6888,2025-11-02 17:04:20.064563,18.7,78.8,2.3,2.3,27,5.4,23.1,0.0,0,0.0
W6889,2025-09-23 17:04:20.064563,24.0,83.4,0.0,0.0,15,4.4,85.8,0.0,0,0.0
W6890,2026-02-16 17:04:20.064563,35.1,60.9,2.6,2.6,15,5.7,33.8,0.20000000000000284,0,0.0
W6891,2024-10-11 17:04:20.064563,45.0,48.4,0.8,0.8,44,3.5,88.7,20.0,1,535.27
W6892,2024-08-06 17:04:20.064563,12.6,94.6,0.0,0.0,48,5.9,32.6,0.0,0,0.0
W6893,2025-01-28 17:04:20.064563,29.5,56.4,0.0,0.0,15,5.6,17.9,0.0,0,0.0
W6894,2026-02-21 17:04:20.064563,17.9,95.2,0.0,0.0,16,4.4,57.7,0.0,0,0.0
W6895,2026-03-10 17:04:20.064563,19.6,88.6,0.0,0.0,32,3.0,55.5,0.0,0,0.0
W6896,2025-09-05 17:04:20.064563,17.8,92.5,0.0,0.0,34,4.5,61.9,0.0,0,0.0
W6897,2024-08-03 17:04:20.064563,13.7,100.0,0.0,0.0,72,6.9,30.2,0.0,0,0.0
W6898,2025-06-01 17:04:20.064563,24.6,77.3,0.0,0.0,19,3.8,32.0,0.0,0,0.0
W6899,2024-08-13 17:04:20.064563,10.3,100.0,12.2,12.2,15,4.4,23.7,3.05,0,0.0
W6900,2026-01-18 17:04:20.064563,34.5,62.1,5.5,5.5,34,3.2,92.8,0.0,0,0.0
W6901,2025-10-17 17:04:20.064563,25.6,69.5,0.7,0.7,25,3.0,68.3,0.0,0,0.0
W6902,2024-08-26 17:04:20.064563,29.2,66.1,0.0,0.0,23,4.9,75.6,0.0,0,0.0
W6903,2025-02-06 17:04:20.064563,20.3,79.3,0.0,0.0,22,4.4,19.4,0.0,0,0.0
W6904,2024-05-26 17:04:20.064563,21.3,72.8,11.4,11.4,16,5.3,66.2,2.85,0,0.0
W6905,2025-10-09 17:04:20.064563,27.9,84.5,1.6,1.6,28,5.3,76.3,0.0,0,0.0
W6906,2025-09-14 17:04:20.064563,13.4,92.9,7.9,7.9,33,6.5,34.2,0.0,0,0.0
W6907,2024-07-17 17:04:20.064563,21.4,78.8,8.0,8.0,27,6.6,15.8,0.0,0,0.0
W6908,2024-09-22 17:04:20.064563,16.4,89.3,0.0,0.0,15,5.2,69.7,0.0,0,0.0
W6909,2025-02-06 17:04:20.064563,16.1,100.0,0.0,0.0,15,3.9,61.1,0.0,0,0.0
W6910,2024-08-14 17:04:20.064563,3.9,92.8,4.4,4.4,18,5.4,57.6,0.0,0,0.0
W6911,2024-04-17 17:04:20.064563,38.4,44.0,0.0,0.0,57,6.0,18.3,6.799999999999997,0,0.0
W6912,2025-02-07 17:04:20.064563,18.1,69.0,4.0,4.0,17,7.3,26.2,0.0,0,0.0
W6913,2025-05-15 17:04:20.064563,36.6,52.7,0.0,0.0,46,5.8,62.5,3.200000000000003,0,0.0
W6914,2025-05-13 17:04:20.064563,35.7,58.9,0.0,0.0,51,4.4,61.4,1.4000000000000057,0,0.0
W6915,2025-01-22 17:04:20.064563,12.1,87.1,0.0,0.0,50,5.8,55.5,0.0,0,0.0
W6916,2025-06-14 17:04:20.064563,14.1,83.4,0.0,0.0,29,5.1,76.8,0.0,0,0.0
W6917,2025-12-30 17:04:20.064563,45.0,43.9,0.0,0.0,17,4.0,81.5,20.0,1,378.59
W6918,2024-12-23 17:04:20.064563,42.5,41.2,0.0,0.0,15,6.6,27.7,15.0,1,144.0
W6919,2024-08-20 17:04:20.064563,24.7,76.1,0.0,0.0,101,7.6,15.8,0.0,0,0.0
W6920,2024-09-26 17:04:20.064563,27.6,79.8,3.9,3.9,43,6.5,20.1,0.0,0,0.0
W6921,2024-07-05 17:04:20.064563,18.7,88.7,0.0,0.0,79,5.8,28.1,0.0,0,0.0
W6922,2024-07-30 17:04:20.064563,29.3,74.8,0.0,0.0,26,4.3,94.8,0.0,0,0.0
W6923,2024-09-23 17:04:20.064563,17.8,94.1,0.6,0.6,67,8.8,13.7,1.6000000000000014,0,0.0
W6924,2024-04-13 17:04:20.064563,4.7,100.0,5.5,5.5,23,4.3,87.9,0.0,0,0.0
W6925,2025-12-04 17:04:20.064563,11.8,90.7,3.3,3.3,37,6.7,20.3,0.0,0,0.0
W6926,2025-12-09 17:04:20.064563,25.2,64.5,4.6,4.6,30,5.7,34.8,0.0,0,0.0
W6927,2024-12-16 17:04:20.064563,13.7,85.6,4.1,4.1,20,8.6,12.6,1.1999999999999993,0,0.0
W6928,2025-11-28 17:04:20.064563,24.3,68.3,0.0,0.0,29,8.4,10.3,0.8000000000000007,0,0.0
W6929,2025-10-19 17:04:20.064563,14.3,95.9,0.0,0.0,46,7.4,9.5,0.0,0,0.0
W6930,2025-12-05 17:04:20.064563,17.2,87.7,0.0,0.0,35,5.8,34.3,0.0,0,0.0
W6931,2024-11-09 17:04:20.064563,33.5,66.7,0.0,0.0,50,5.1,52.4,0.0,0,0.0
W6932,2025-11-18 17:04:20.064563,27.5,57.2,0.0,0.0,31,6.3,20.1,0.0,0,0.0
W6933,2024-11-10 17:04:20.064563,24.9,87.0,0.0,0.0,63,3.8,93.3,0.0,0,0.0
W6934,2024-11-09 17:04:20.064563,33.8,55.0,0.0,0.0,40,5.1,58.6,0.0,0,0.0
W6935,2026-02-19 17:04:20.064563,29.8,54.3,0.0,0.0,82,3.7,88.5,0.0,0,0.0
W6936,2024-04-13 17:04:20.064563,39.5,46.4,0.0,0.0,49,8.5,14.9,10.0,0,0.0
W6937,2025-03-20 17:04:20.064563,20.4,100.0,0.0,0.0,48,9.0,14.3,2.0,0,0.0
W6938,2024-06-07 17:04:20.064563,20.7,75.1,0.0,0.0,83,3.5,84.7,0.0,0,0.0
W6939,2026-02-20 17:04:20.064563,12.0,88.8,0.0,0.0,42,5.1,56.8,0.0,0,0.0
W6940,2025-07-19 17:04:20.064563,20.7,77.0,3.5,3.5,37,3.3,93.9,0.0,1,25.44
W6941,2024-08-02 17:04:20.064563,34.6,56.5,0.0,0.0,39,7.7,14.7,0.0,0,0.0
W6942,2025-08-14 17:04:20.064563,38.0,45.2,0.9,0.9,55,7.5,2.6,6.0,1,62.48
W6943,2025-11-27 17:04:20.064563,34.6,59.5,0.0,0.0,39,3.3,91.7,0.0,0,0.0
W6944,2025-07-11 17:04:20.064563,7.1,100.0,0.9,0.9,68,6.8,69.9,0.0,0,0.0
W6945,2026-03-17 17:04:20.064563,35.8,59.4,2.4,2.4,49,5.2,80.7,1.5999999999999943,0,0.0
W6946,2026-01-12 17:04:20.064563,6.6,89.0,0.0,0.0,72,5.7,29.6,0.0,0,0.0
W6947,2025-04-04 17:04:20.064563,34.0,55.6,2.9,2.9,64,9.3,0.3,2.6000000000000014,0,0.0
W6948,2024-09-22 17:04:20.064563,21.3,72.5,0.0,0.0,46,4.8,48.3,0.0,0,0.0
W6949,2025-04-18 17:04:20.064563,32.0,62.5,3.5,3.5,35,4.5,99.0,0.0,0,0.0
W6950,2025-08-03 17:04:20.064563,11.7,100.0,1.9,1.9,47,6.6,90.8,0.0,0,0.0
W6951,2025-07-16 17:04:20.064563,36.7,53.4,0.0,0.0,58,7.3,7.2,3.4000000000000057,1,19.29
W6952,2024-08-05 17:04:20.064563,10.4,93.6,0.0,0.0,65,6.7,18.8,0.0,0,0.0
W6953,2024-09-01 17:04:20.064563,18.3,100.0,1.1,1.1,65,6.6,31.1,0.0,0,0.0
W6954,2024-10-01 17:04:20.064563,15.0,96.2,0.0,0.0,58,6.7,83.0,0.0,0,0.0
W6955,2024-11-04 17:04:20.064563,7.5,100.0,0.0,0.0,46,5.9,82.5,0.0,0,0.0
W6956,2024-04-20 17:04:20.064563,25.9,90.7,0.0,0.0,48,6.3,18.5,0.0,0,0.0
W6957,2025-05-10 17:04:20.064563,43.1,50.3,0.0,0.0,71,5.8,53.3,16.200000000000003,1,123.58
W6958,2024-04-02 17:04:20.064563,45.0,22.6,0.0,0.0,48,6.5,50.2,20.0,1,211.9
W6959,2024-12-19 17:04:20.064563,26.0,79.4,0.0,0.0,73,5.4,41.4,0.0,0,0.0
W6960,2025-05-14 17:04:20.064563,36.2,39.8,0.0,0.0,74,4.2,53.6,2.4000000000000057,0,0.0
W6961,2024-10-31 17:04:20.064563,27.3,73.5,0.0,0.0,93,7.2,29.3,0.0,0,0.0
W6962,2026-02-03 17:04:20.064563,30.0,47.9,0.0,0.0,53,5.8,53.2,0.0,0,0.0
W6963,2024-10-11 17:04:20.064563,21.6,73.0,0.0,0.0,57,5.0,68.6,0.0,0,0.0
W6964,2024-10-13 17:04:20.064563,27.0,65.9,0.0,0.0,18,7.9,6.3,0.0,0,0.0
W6965,2024-05-24 17:04:20.064563,30.4,56.7,3.6,3.6,38,2.4,96.7,0.0,0,0.0
W6966,2024-09-15 17:04:20.064563,19.2,77.7,0.0,0.0,46,6.1,16.5,0.0,0,0.0
W6967,2025-06-10 17:04:20.064563,24.2,84.0,0.0,0.0,75,8.2,36.0,0.3999999999999986,0,0.0
W6968,2025-12-09 17:04:20.064563,24.4,66.2,14.0,14.0,74,5.7,47.1,3.5,1,34.57
W6969,2025-08-01 17:04:20.064563,33.3,65.6,0.0,0.0,78,7.2,4.1,0.0,0,0.0
W6970,2026-02-20 17:04:20.064563,14.3,78.8,0.0,0.0,86,4.9,54.8,0.0,0,0.0
W6971,2025-02-13 17:04:20.064563,24.5,71.4,0.0,0.0,53,1.8,87.0,0.0,0,0.0
W6972,2025-06-29 17:04:20.064563,44.1,47.1,3.3,3.3,37,2.7,90.1,18.200000000000003,1,145.27
W6973,2024-11-25 17:04:20.064563,36.6,45.1,11.4,11.4,40,6.2,32.6,6.0500000000000025,0,0.0
W6974,2025-05-29 17:04:20.064563,38.5,39.1,0.0,0.0,56,4.0,55.9,7.0,0,0.0
W6975,2025-05-06 17:04:20.064563,25.2,77.1,0.4,0.4,51,3.6,77.7,0.0,0,0.0
W6976,2024-04-29 17:04:20.064563,28.2,78.9,0.0,0.0,73,5.6,25.3,0.0,0,0.0
W6977,2025-11-30 17:04:20.064563,35.0,56.7,0.0,0.0,46,3.4,52.8,0.0,0,0.0
W6978,2025-04-11 17:04:20.064563,40.6,44.5,0.0,0.0,86,3.5,36.7,11.200000000000003,1,204.61
W6979,2025-02-01 17:04:20.064563,5.5,100.0,2.5,2.5,57,4.7,37.8,0.0,0,0.0
W6980,2025-04-25 17:04:20.064563,11.8,92.8,2.0,2.0,66,5.1,9.4,0.0,0,0.0
W6981,2025-12-04 17:04:20.064563,38.1,55.3,0.0,0.0,73,4.7,40.7,6.200000000000003,0,0.0
W6982,2025-10-24 17:04:20.064563,22.2,51.4,0.0,0.0,62,3.6,16.1,0.0,0,0.0
W6983,2025-11-16 17:04:20.064563,18.3,71.9,10.7,10.7,75,4.1,30.1,2.675,0,0.0
W6984,2025-09-18 17:04:20.064563,12.5,82.9,5.9,5.9,28,5.1,33.0,0.0,0,0.0
W6985,2025-09-06 17:04:20.064563,19.4,82.3,0.0,0.0,98,7.0,43.1,0.0,0,0.0
W6986,2026-01-03 17:04:20.064563,11.0,95.4,0.0,0.0,66,2.9,91.7,0.0,0,0.0
W6987,2026-03-09 17:04:20.064563,45.0,48.9,0.0,0.0,91,4.1,63.1,20.0,1,394.06
W6988,2024-04-26 17:04:20.064563,24.8,75.4,8.7,8.7,60,3.0,97.4,0.0,0,0.0
W6989,2025-09-02 17:04:20.064563,24.4,60.4,13.3,13.3,64,3.7,59.1,3.325,1,38.16
W6990,2024-07-07 17:04:20.064563,30.9,78.1,0.0,0.0,71,3.5,80.5,0.36449999999999916,0,0.0
W6991,2025-06-23 17:04:20.064563,34.6,70.8,0.4,0.4,78,1.7,83.4,0.18399999999999941,0,0.0
W6992,2025-06-28 17:04:20.064563,34.5,45.7,0.0,0.0,96,2.4,73.9,0.0,0,0.0
W6993,2024-04-30 17:04:20.064563,35.7,59.7,0.0,0.0,77,3.1,67.0,1.4000000000000057,0,0.0
W6994,2024-11-24 17:04:20.064563,18.7,76.0,12.1,12.1,77,2.4,41.8,3.025,0,0.0
W6995,2025-08-31 17:04:20.064563,22.0,78.4,0.0,0.0,82,3.4,56.7,0.0,0,0.0
W6996,2025-09-19 17:04:20.064563,32.7,71.5,0.0,0.0,61,1.7,19.4,0.2025000000000002,0,0.0
W6997,2025-04-27 17:04:20.064563,19.7,100.0,0.0,0.0,69,3.5,61.8,0.0,0,0.0
W6998,2024-04-27 17:04:20.064563,24.9,80.1,0.0,0.0,94,2.6,51.4,0.0,0,0.0
W6999,2025-10-10 17:04:20.064563,29.0,69.5,0.0,0.0,51,2.9,80.4,0.0,0,0.0
W7000,2025-04-18 17:04:20.064563,32.9,57.3,0.0,0.0,92,2.9,90.3,0.0,0,0.0
W7001,2025-08-28 17:04:20.064563,7.2,100.0,0.0,0.0,69,4.6,13.3,0.0,0,0.0
W7002,2025-12-23 17:04:20.064563,32.1,75.4,19.3,19.3,15,2.4,69.1,5.392000000000001,0,0.0
W7003,2024-05-07 17:04:20.064563,22.7,75.6,0.0,0.0,81,0.0,95.0,0.0,0,0.0
W7004,2024-09-28 17:04:20.064563,32.1,53.0,0.0,0.0,63,0.0,91.8,0.0,0,0.0
W7005,2025-01-10 17:04:20.064563,32.8,44.6,0.0,0.0,66,0.4,83.4,0.0,0,0.0
W7006,2025-06-11 17:04:20.064563,41.1,53.5,0.0,0.0,65,3.4,4.8,12.200000000000003,1,79.18
W7007,2025-04-29 17:04:20.064563,38.5,54.7,5.0,5.0,70,0.9,25.2,7.0,0,0.0
W7008,2025-01-23 17:04:20.064563,38.5,45.8,0.0,0.0,70,2.1,14.8,7.0,0,0.0
W7009,2025-01-04 17:04:20.064563,39.4,61.1,0.0,0.0,86,0.8,92.7,8.799999999999997,1,104.95
W7010,2025-07-03 17:04:20.064563,27.9,63.9,0.0,0.0,99,1.7,74.9,0.0,0,0.0
W7011,2024-09-04 17:04:20.064563,25.3,70.7,0.0,0.0,89,2.2,53.2,0.0,0,0.0
W7012,2025-05-24 17:04:20.064563,33.7,59.2,0.0,0.0,115,1.1,97.9,0.0,0,0.0
W7013,2025-01-13 17:04:20.064563,32.3,58.0,0.0,0.0,120,2.4,19.5,0.0,0,0.0
W7014,2025-12-05 17:04:20.064563,21.9,79.5,0.0,0.0,73,0.0,64.2,0.0,0,0.0
W7015,2024-05-12 17:04:20.064563,29.0,77.9,0.4,0.4,55,2.1,60.9,0.0,0,0.0
W7016,2026-02-22 17:04:20.064563,24.6,61.6,0.0,0.0,73,1.3,34.0,0.0,0,0.0
W7017,2025-08-29 17:04:20.064563,16.5,90.2,0.0,0.0,81,1.7,48.5,0.0,0,0.0
W7018,2024-08-10 17:04:20.064563,37.9,54.9,0.0,0.0,124,0.5,23.5,5.799999999999997,0,0.0
W7019,2025-07-05 17:04:20.064563,25.6,73.2,0.0,0.0,72,0.0,67.7,0.0,0,0.0
W7020,2026-01-08 17:04:20.064563,45.0,51.2,0.0,0.0,85,1.3,41.8,20.0,1,245.3
W7021,2025-06-23 17:04:20.064563,8.7,97.4,8.2,8.2,49,0.6,2.4,0.0,0,0.0
W7022,2024-06-18 17:04:20.064563,19.4,85.7,0.0,0.0,72,1.5,95.1,0.0,0,0.0
W7023,2025-08-12 17:04:20.064563,25.3,79.2,0.9,0.9,53,0.8,50.1,0.0,0,0.0
W7024,2024-07-11 17:04:20.064563,36.4,50.4,1.8,1.8,47,3.2,70.6,2.799999999999997,0,0.0
W7025,2024-09-18 17:04:20.064563,29.0,69.5,1.3,1.3,104,1.4,19.7,0.0,0,0.0
W7026,2025-11-07 17:04:20.064563,28.1,65.3,0.0,0.0,101,0.0,12.7,0.0,0,0.0
W7027,2026-02-28 17:04:20.064563,13.7,88.1,0.0,0.0,72,0.0,90.2,0.0,0,0.0
W7028,2025-09-28 17:04:20.064563,13.4,86.6,4.6,4.6,92,0.0,59.1,0.0,0,0.0
W7029,2024-08-03 17:04:20.064563,28.2,72.4,1.0,1.0,51,0.0,49.3,0.0,0,0.0
W7030,2025-04-24 17:04:20.064563,11.4,93.8,0.0,0.0,76,0.0,52.1,0.0,0,0.0
W7031,2025-05-15 17:04:20.064563,19.7,84.4,0.0,0.0,83,0.0,23.6,0.0,0,0.0
W7032,2025-02-12 17:04:20.064563,30.0,64.8,0.0,0.0,105,0.3,91.3,0.0,0,0.0
W7033,2025-06-22 17:04:20.064563,15.2,71.2,0.0,0.0,83,1.4,21.4,0.0,0,0.0
W7034,2024-04-12 17:04:20.064563,41.1,48.7,0.0,0.0,90,0.0,15.8,12.200000000000003,1,122.05
W7035,2024-09-17 17:04:20.064563,37.2,54.8,0.0,0.0,70,0.0,93.0,4.400000000000006,0,0.0
W7036,2025-06-25 17:04:20.064563,9.3,98.5,0.0,0.0,84,0.8,25.8,0.0,0,0.0
W7037,2025-11-12 17:04:20.064563,15.7,80.5,0.0,0.0,104,1.3,86.2,0.0,0,0.0
W7038,2026-03-17 17:04:20.064563,2.1,94.8,0.7,0.7,45,0.0,77.3,0.0,0,0.0
W7039,2024-10-10 17:04:20.064563,17.2,90.5,0.0,0.0,102,1.0,38.2,0.0,0,0.0
W7040,2025-06-26 17:04:20.064563,32.7,58.3,0.0,0.0,74,0.8,25.4,0.0,0,0.0
W7041,2024-06-18 17:04:20.064563,20.9,80.4,2.7,2.7,45,0.0,75.9,0.0,0,0.0
W7042,2024-11-29 17:04:20.064563,29.6,62.8,0.0,0.0,73,0.0,59.8,0.0,0,0.0
W7043,2025-02-12 17:04:20.064563,9.8,95.3,0.0,0.0,104,0.0,25.4,0.0,0,0.0
W7044,2026-02-24 17:04:20.064563,33.0,56.0,0.0,0.0,68,2.0,89.1,0.0,0,0.0
W7045,2026-01-11 17:04:20.064563,19.4,71.1,0.0,0.0,84,0.5,72.1,0.0,0,0.0
W7046,2026-03-16 17:04:20.064563,25.1,77.1,0.0,0.0,46,0.0,90.9,0.0,0,0.0
W7047,2024-09-01 17:04:20.064563,24.1,67.9,4.5,4.5,32,0.0,43.7,0.0,0,0.0
W7048,2024-07-22 17:04:20.064563,12.3,93.2,0.5,0.5,55,0.0,12.8,0.0,0,0.0
W7049,2024-06-19 17:04:20.064563,13.5,93.9,0.0,0.0,97,1.1,92.4,0.0,0,0.0
W7050,2024-07-12 17:04:20.064563,34.7,52.1,0.0,0.0,76,0.4,60.1,0.0,0,0.0
W7051,2026-03-11 17:04:20.064563,29.0,54.5,0.0,0.0,99,0.6,60.6,0.0,0,0.0
W7052,2025-06-21 17:04:20.064563,35.5,81.0,0.0,0.0,100,0.0,58.4,4.025,0,0.0
W7053,2025-12-27 17:04:20.064563,28.2,62.4,0.0,0.0,61,0.7,47.2,0.0,0,0.0
W7054,2025-03-24 17:04:20.064563,26.4,76.6,0.0,0.0,107,0.0,25.5,0.0,0,0.0
W7055,2024-06-13 17:04:20.064563,7.7,100.0,21.7,21.7,22,0.0,61.3,10.85,1,185.77
W7056,2025-09-05 17:04:20.064563,22.3,84.5,0.0,0.0,96,0.5,71.9,0.0,0,0.0
W7057,2026-03-12 17:04:20.064563,24.7,69.9,0.0,0.0,95,0.0,91.7,0.0,0,0.0
W7058,2025-04-15 17:04:20.064563,44.5,42.5,0.0,0.0,76,0.2,7.2,19.0,1,131.93
W7059,2025-08-23 17:04:20.064563,31.9,53.9,1.8,1.8,73,0.0,25.5,0.0,1,30.55
W7060,2025-12-04 17:04:20.064563,40.4,58.3,1.0,1.0,79,1.1,77.7,10.799999999999997,0,0.0
W7061,2024-08-28 17:04:20.064563,31.0,69.2,1.9,1.9,73,0.9,77.5,0.0,0,0.0
W7062,2025-04-09 17:04:20.064563,17.9,78.0,0.0,0.0,66,0.1,21.2,0.0,0,0.0
W7063,2025-10-02 17:04:20.064563,26.2,60.3,0.0,0.0,64,0.3,18.5,0.0,0,0.0
W7064,2025-04-11 17:04:20.064563,27.4,55.7,0.0,0.0,66,0.6,36.7,0.0,0,0.0
W7065,2024-05-01 17:04:20.064563,15.6,96.5,0.5,0.5,96,0.0,6.3,0.0,0,0.0
W7066,2024-09-08 17:04:20.064563,21.2,79.5,0.2,0.2,41,0.0,73.0,0.0,0,0.0
W7067,2025-02-24 17:04:20.064563,22.9,77.7,3.3,3.3,56,0.0,67.0,0.0,0,0.0
W7068,2025-10-18 17:04:20.064563,41.1,40.2,0.0,0.0,66,0.0,85.9,12.200000000000003,1,147.87
W7069,2026-01-22 17:04:20.064563,4.2,89.1,0.0,0.0,67,0.9,43.0,0.0,0,0.0
W7070,2024-08-18 17:04:20.064563,37.1,64.0,0.0,0.0,77,0.4,63.7,4.200000000000003,0,0.0
W7071,2024-08-31 17:04:20.064563,15.6,87.0,13.0,13.0,18,0.0,95.4,3.25,0,0.0
W7072,2024-08-13 17:04:20.064563,11.3,100.0,0.5,0.5,90,0.0,95.9,0.0,0,0.0
W7073,2024-09-17 17:04:20.064563,36.8,50.9,4.8,4.8,78,0.2,7.1,3.5999999999999943,0,0.0
W7074,2026-03-17 17:04:20.064563,32.3,59.2,0.0,0.0,83,0.0,0.2,0.0,0,0.0
W7075,2024-05-09 17:04:20.064563,37.5,60.8,0.0,0.0,65,0.0,96.0,5.0,0,0.0
W7076,2025-05-21 17:04:20.064563,33.0,67.8,0.0,0.0,54,0.0,53.5,0.0,0,0.0
W7077,2025-01-27 17:04:20.064563,45.0,50.5,0.0,0.0,62,2.4,70.0,20.0,1,236.45
W7078,2025-01-28 17:04:20.064563,30.6,61.2,0.0,0.0,70,0.5,91.3,0.0,0,0.0
W7079,2025-06-17 17:04:20.064563,23.4,81.0,1.4,1.4,78,0.2,43.3,0.0,1,43.48
W7080,2025-01-07 17:04:20.064563,28.4,78.4,3.1,3.1,60,0.0,44.1,0.0,0,0.0
W7081,2025-12-19 17:04:20.064563,37.4,52.8,7.1,7.1,60,0.0,16.7,4.799999999999997,0,0.0
W7082,2024-09-19 17:04:20.064563,17.2,79.1,0.0,0.0,58,1.4,90.6,0.0,0,0.0
W7083,2024-07-16 17:04:20.064563,18.5,95.7,0.0,0.0,72,0.0,64.8,0.0,0,0.0
W7084,2024-07-30 17:04:20.064563,21.9,70.6,0.0,0.0,61,0.1,18.0,0.0,0,0.0
W7085,2024-10-11 17:04:20.064563,4.0,100.0,6.5,6.5,58,0.6,56.0,0.0,0,0.0
W7086,2024-03-21 17:04:20.064563,26.4,69.8,0.0,0.0,30,0.0,32.8,0.0,0,0.0
W7087,2025-12-15 17:04:20.064563,6.1,82.4,5.9,5.9,62,0.0,14.7,0.0,0,0.0
W7088,2024-12-02 17:04:20.064563,25.5,83.0,0.2,0.2,74,0.0,18.2,0.0,0,0.0
W7089,2024-03-30 17:04:20.064563,33.7,31.9,0.0,0.0,74,0.0,55.9,0.0,0,0.0
W7090,2025-06-30 17:04:20.064563,20.2,59.8,0.0,0.0,43,0.6,56.4,0.0,0,0.0
W7091,2025-08-09 17:04:20.064563,41.8,52.6,0.0,0.0,49,0.0,79.0,13.599999999999994,1,118.65
W7092,2025-08-10 17:04:20.064563,10.4,99.7,0.0,0.0,45,0.7,24.8,0.0,0,0.0
W7093,2025-09-25 17:04:20.064563,36.9,48.3,9.0,9.0,50,0.0,91.6,3.799999999999997,0,0.0
W7094,2024-03-23 17:04:20.064563,31.8,63.9,10.0,10.0,54,0.8,51.9,0.0,0,0.0
W7095,2025-11-30 17:04:20.064563,7.8,72.9,0.7,0.7,45,0.0,20.4,0.0,0,0.0
W7096,2025-08-05 17:04:20.064563,45.0,49.6,1.4,1.4,84,0.0,41.3,20.0,1,276.12
W7097,2024-11-16 17:04:20.064563,24.4,76.0,0.2,0.2,86,1.1,92.3,0.0,0,0.0
W7098,2024-10-26 17:04:20.064563,16.2,85.2,0.0,0.0,62,0.0,47.8,0.0,0,0.0
W7099,2025-11-10 17:04:20.064563,10.9,93.8,1.3,1.3,64,1.1,87.5,0.0,0,0.0
W7100,2026-01-22 17:04:20.064563,22.8,80.7,0.0,0.0,25,0.0,16.0,0.0,0,0.0
W7101,2025-07-18 17:04:20.064563,23.7,74.1,0.0,0.0,47,0.0,91.4,0.0,0,0.0
W7102,2025-06-25 17:04:20.064563,26.0,52.2,0.0,0.0,32,1.8,43.1,0.0,0,0.0
W7103,2025-05-11 17:04:20.064563,22.0,98.9,1.5,1.5,36,0.4,93.6,0.0,0,0.0
W7104,2025-06-13 17:04:20.064563,31.3,75.0,0.0,0.0,67,1.2,86.6,0.3250000000000002,0,0.0
W7105,2024-06-07 17:04:20.064563,21.1,65.5,0.0,0.0,71,0.4,66.0,0.0,0,0.0
W7106,2025-11-23 17:04:20.064563,5.7,98.1,17.0,17.0,37,0.0,67.3,4.25,0,0.0
W7107,2025-11-22 17:04:20.064563,23.5,72.4,0.0,0.0,60,0.0,21.2,0.0,0,0.0
W7108,2024-03-24 17:04:20.064563,1.3,100.0,6.1,6.3,53,0.0,60.3,0.0,0,0.0
W7109,2024-11-23 17:04:20.064563,28.5,45.6,0.0,0.0,22,0.2,54.9,0.0,0,0.0
W7110,2025-09-29 17:04:20.064563,15.2,82.2,8.3,8.3,15,0.8,33.4,0.0,0,0.0
W7111,2024-12-27 17:04:20.064563,26.6,52.4,0.0,0.0,49,0.0,50.6,0.0,0,0.0
W7112,2025-12-12 17:04:20.064563,38.1,49.9,0.0,0.0,64,0.5,92.9,6.200000000000003,0,0.0
W7113,2025-12-21 17:04:20.064563,15.5,82.0,0.0,0.0,43,1.7,0.5,0.0,0,0.0
W7114,2025-10-09 17:04:20.064563,35.6,57.4,10.6,10.6,15,0.2,41.7,3.8500000000000028,0,0.0
W7115,2024-10-16 17:04:20.064563,20.7,73.0,1.3,1.3,34,0.0,33.4,0.0,0,0.0
W7116,2024-05-07 17:04:20.064563,42.5,38.7,0.0,0.0,32,0.0,96.1,15.0,1,181.06
W7117,2024-09-23 17:04:20.064563,21.3,84.2,0.0,0.0,15,0.0,97.4,0.0,0,0.0
W7118,2024-08-16 17:04:20.064563,16.6,89.7,0.0,0.0,94,0.0,58.6,0.0,0,0.0
W7119,2024-05-13 17:04:20.064563,31.9,67.7,0.0,0.0,73,0.0,55.0,0.0,0,0.0
W7120,2026-01-15 17:04:20.064563,20.6,77.3,0.6,0.6,15,0.3,90.3,0.0,0,0.0
W7121,2025-03-10 17:04:20.064563,16.6,79.4,0.0,0.0,15,0.0,0.7,0.0,0,0.0
W7122,2024-04-24 17:04:20.064563,20.2,78.5,2.9,2.9,25,0.0,56.2,0.0,0,0.0
W7123,2024-08-13 17:04:20.064563,24.6,78.2,0.0,0.0,17,0.9,2.5,0.0,0,0.0
W7124,2024-04-20 17:04:20.064563,38.4,30.6,0.0,0.0,94,0.0,96.8,6.799999999999997,0,0.0
W7125,2026-01-30 17:04:20.064563,5.7,100.0,3.6,3.6,22,0.0,32.0,0.0,0,0.0
W7126,2025-10-30 17:04:20.064563,25.2,75.2,0.4,0.4,52,0.0,52.1,0.0,0,0.0
W7127,2025-11-25 17:04:20.064563,31.2,63.7,0.8,0.8,33,0.0,41.8,0.0,0,0.0
W7128,2025-01-17 17:04:20.064563,26.9,68.1,0.0,0.0,21,0.0,89.4,0.0,0,0.0
W7129,2025-02-20 17:04:20.064563,38.1,27.2,10.2,10.2,44,0.0,100.0,8.750000000000004,0,0.0
W7130,2024-06-15 17:04:20.064563,24.3,69.2,0.0,0.0,56,1.7,6.8,0.0,0,0.0
W7131,2024-05-07 17:04:20.064563,23.2,93.2,4.3,4.3,33,0.0,73.2,0.0,0,0.0
W7132,2024-07-07 17:04:20.064563,30.9,63.7,2.4,2.4,85,0.3,36.8,0.0,0,0.0
W7133,2025-05-18 17:04:20.064563,26.0,67.9,0.0,0.0,46,0.1,13.9,0.0,0,0.0
W7134,2024-09-16 17:04:20.064563,21.1,78.5,0.0,0.0,32,0.1,40.5,0.0,0,0.0
W7135,2024-08-30 17:04:20.064563,30.2,68.3,0.2,0.2,79,0.5,99.8,0.0,0,0.0
W7136,2026-02-04 17:04:20.064563,18.5,88.9,1.9,1.9,44,0.0,35.8,0.0,0,0.0
W7137,2025-01-03 17:04:20.064563,18.9,79.4,0.7,0.7,71,1.4,27.7,0.0,0,0.0
W7138,2025-12-03 17:04:20.064563,19.7,84.7,0.0,0.0,38,0.0,84.6,0.0,0,0.0
W7139,2026-01-23 17:04:20.064563,38.5,69.0,0.0,0.0,15,0.0,86.8,7.0,0,0.0
W7140,2026-02-24 17:04:20.064563,-5.0,100.0,0.0,1.7,15,0.0,33.9,15.0,1,77.97
W7141,2026-03-04 17:04:20.064563,29.0,90.0,0.0,0.0,59,0.9,29.9,0.0,0,0.0
W7142,2025-11-17 17:04:20.064563,25.3,65.4,0.0,0.0,25,0.0,64.7,0.0,0,0.0
W7143,2025-10-25 17:04:20.064563,8.2,100.0,0.0,0.0,42,0.8,20.5,0.0,0,0.0
W7144,2025-10-14 17:04:20.064563,28.1,59.9,0.0,0.0,59,0.3,48.4,0.0,0,0.0
W7145,2024-09-15 17:04:20.064563,29.8,68.9,0.0,0.0,39,0.2,14.1,0.0,0,0.0
W7146,2025-06-27 17:04:20.064563,30.9,71.0,0.0,0.0,18,1.1,30.5,0.04499999999999993,0,0.0
W7147,2025-10-31 17:04:20.064563,-1.5,100.0,8.4,9.4,18,0.0,29.7,4.5,0,0.0
W7148,2025-03-21 17:04:20.064563,38.7,52.9,0.0,0.0,37,1.5,69.5,7.400000000000006,1,57.11
W7149,2024-04-23 17:04:20.064563,17.6,92.7,0.0,0.0,26,0.0,28.2,0.0,0,0.0
W7150,2024-06-21 17:04:20.064563,31.9,55.1,1.5,1.5,15,0.4,89.8,0.0,0,0.0
W7151,2025-01-18 17:04:20.064563,32.4,78.1,0.0,0.0,26,0.0,98.3,0.9719999999999989,0,0.0
W7152,2025-02-11 17:04:20.064563,16.2,71.8,0.0,0.0,31,0.6,8.1,0.0,0,0.0
W7153,2025-03-30 17:04:20.064563,31.6,82.0,0.0,0.0,15,0.0,39.8,0.9600000000000009,0,0.0
W7154,2025-04-10 17:04:20.064563,21.1,88.3,1.1,1.1,15,0.1,30.2,0.0,0,0.0
W7155,2024-05-26 17:04:20.064563,4.3,100.0,1.6,1.6,15,0.0,35.2,0.0,0,0.0
W7156,2025-05-29 17:04:20.064563,36.7,51.0,0.0,0.0,15,0.4,26.5,3.4000000000000057,0,0.0
W7157,2025-10-02 17:04:20.064563,17.2,79.1,22.5,22.5,15,0.4,38.3,11.25,1,98.87
W7158,2024-05-23 17:04:20.064563,16.5,84.0,0.0,0.0,35,0.0,14.1,0.0,0,0.0
W7159,2025-01-11 17:04:20.064563,21.0,78.1,0.0,0.0,19,1.3,28.0,0.0,0,0.0
W7160,2025-07-13 17:04:20.064563,27.7,81.0,0.0,0.0,15,0.0,74.8,0.0,0,0.0
W7161,2024-08-02 17:04:20.064563,24.4,93.0,0.0,0.0,37,0.7,34.4,0.0,0,0.0
W7162,2024-07-20 17:04:20.064563,30.5,66.3,0.0,0.0,40,0.0,20.8,0.0,0,0.0
W7163,2026-02-27 17:04:20.064563,11.6,84.1,13.6,13.6,15,0.0,10.8,3.4,0,0.0
W7164,2024-12-24 17:04:20.064563,17.6,78.2,0.0,0.0,29,1.1,34.8,0.0,0,0.0
W7165,2025-02-18 17:04:20.064563,23.8,72.4,0.0,0.0,39,1.6,64.3,0.0,0,0.0
W7166,2025-09-08 17:04:20.064563,44.0,33.7,0.0,0.0,25,0.4,25.3,18.0,1,189.96
W7167,2025-05-15 17:04:20.064563,23.9,62.4,4.6,4.6,15,0.0,42.2,0.0,0,0.0
W7168,2025-09-06 17:04:20.064563,35.9,77.2,2.2,2.2,21,0.0,95.2,3.9239999999999973,0,0.0
W7169,2024-10-18 17:04:20.064563,25.4,74.9,6.0,6.0,15,0.8,55.2,0.0,0,0.0
W7170,2026-02-28 17:04:20.064563,20.2,71.4,0.0,0.0,25,0.3,53.2,0.0,0,0.0
W7171,2024-10-18 17:04:20.064563,22.5,84.4,7.4,7.4,28,0.0,41.0,0.0,0,0.0
W7172,2025-12-04 17:04:20.064563,23.3,63.2,0.0,0.0,15,0.0,55.7,0.0,1,27.83
W7173,2024-05-16 17:04:20.064563,31.0,52.5,0.0,0.0,29,0.4,98.5,0.0,0,0.0
W7174,2024-07-07 17:04:20.064563,38.7,43.9,1.5,1.5,15,0.0,25.4,7.400000000000006,0,0.0
W7175,2025-10-24 17:04:20.064563,28.6,83.6,0.0,0.0,15,0.0,94.2,0.0,0,0.0
W7176,2025-12-22 17:04:20.064563,36.9,52.2,1.7,1.7,52,0.0,14.9,3.799999999999997,0,0.0
W7177,2025-09-10 17:04:20.064563,15.4,62.6,0.0,0.0,33,0.3,11.1,0.0,0,0.0
W7178,2024-06-15 17:04:20.064563,20.9,90.8,11.9,11.9,15,1.4,65.5,2.975,0,0.0
W7179,2025-07-26 17:04:20.064563,17.8,80.3,0.8,0.8,15,0.0,25.1,0.0,0,0.0
W7180,2026-02-21 17:04:20.064563,28.1,49.3,8.6,8.6,15,0.4,44.4,0.0,1,45.47
W7181,2025-11-27 17:04:20.064563,21.4,74.7,0.0,0.0,15,0.0,73.0,0.0,0,0.0
W7182,2026-03-11 17:04:20.064563,32.3,66.8,0.0,0.0,23,0.0,53.5,0.0,0,0.0
W7183,2025-01-06 17:04:20.064563,15.7,90.5,3.1,3.1,15,0.2,1.4,0.0,0,0.0
W7184,2025-05-29 17:04:20.064563,25.4,89.8,6.4,6.4,21,0.0,30.6,0.0,0,0.0
W7185,2025-12-01 17:04:20.064563,31.9,53.7,0.0,0.0,25,0.0,6.5,0.0,0,0.0
W7186,2025-02-05 17:04:20.064563,4.3,100.0,0.4,0.4,15,0.5,92.6,0.0,0,0.0
W7187,2024-12-08 17:04:20.064563,45.0,35.5,0.0,0.0,29,0.7,79.5,20.0,1,173.92
W7188,2025-09-07 17:04:20.064563,22.2,61.3,0.0,0.0,63,2.4,98.4,0.0,0,0.0
W7189,2025-10-27 17:04:20.064563,4.7,100.0,0.0,0.0,17,0.2,88.5,0.0,0,0.0
W7190,2025-12-16 17:04:20.064563,26.6,74.8,0.0,0.0,39,0.2,47.5,0.0,0,0.0
W7191,2025-03-15 17:04:20.064563,25.3,74.8,6.5,6.5,15,0.3,88.3,0.0,0,0.0
W7192,2024-07-28 17:04:20.064563,24.2,78.0,6.3,6.3,17,0.0,67.2,0.0,0,0.0
W7193,2025-12-07 17:04:20.064563,34.9,50.8,17.8,17.8,15,0.0,52.5,4.45,1,36.84
W7194,2025-10-15 17:04:20.064563,32.5,51.2,1.9,1.9,15,0.0,37.1,0.0,0,0.0
W7195,2025-08-08 17:04:20.064563,28.0,68.4,0.0,0.0,32,0.0,68.1,0.0,0,0.0
W7196,2025-09-01 17:04:20.064563,29.5,77.4,4.7,4.7,15,0.0,59.0,0.0,0,0.0
W7197,2025-12-25 17:04:20.064563,24.0,90.1,0.0,0.0,15,0.0,61.4,0.0,0,0.0
W7198,2025-08-09 17:04:20.064563,42.8,53.8,0.0,0.0,51,1.0,40.0,15.599999999999994,0,0.0
W7199,2025-08-04 17:04:20.064563,10.2,95.0,6.1,6.1,15,0.3,73.9,0.0,0,0.0
W7200,2024-09-18 17:04:20.064563,26.4,73.1,0.9,0.9,15,0.0,8.1,0.0,0,0.0
W7201,2025-12-02 17:04:20.064563,25.7,71.6,7.0,7.0,15,0.0,72.6,0.0,0,0.0
W7202,2024-11-11 17:04:20.064563,33.1,50.0,6.5,6.5,15,0.6,73.1,0.0,0,0.0
W7203,2026-03-13 17:04:20.064563,16.6,85.4,0.0,0.0,28,0.7,51.6,0.0,0,0.0
W7204,2025-01-09 17:04:20.064563,7.6,85.3,0.0,0.0,22,1.0,26.3,0.0,0,0.0
W7205,2024-10-02 17:04:20.064563,26.6,68.9,0.0,0.0,43,1.2,51.9,0.0,0,0.0
W7206,2024-03-19 17:04:20.064563,27.8,84.6,0.0,0.0,29,0.6,12.3,0.0,0,0.0
W7207,2024-07-17 17:04:20.064563,39.9,58.4,0.0,0.0,15,0.5,28.5,9.799999999999997,1,46.16
W7208,2024-04-11 17:04:20.064563,12.3,82.3,17.1,17.1,15,0.2,42.1,4.275,0,0.0
W7209,2025-07-07 17:04:20.064563,36.5,54.5,0.0,0.0,23,0.9,67.3,3.0,0,0.0
W7210,2025-12-18 17:04:20.064563,45.0,34.2,0.0,0.0,49,0.0,18.7,20.0,0,0.0
W7211,2024-07-16 17:04:20.064563,21.2,77.5,0.6,0.6,15,0.1,15.8,0.0,0,0.0
W7212,2024-10-16 17:04:20.064563,12.1,100.0,0.0,0.0,15,0.0,60.8,0.0,0,0.0
W7213,2025-12-08 17:04:20.064563,20.9,85.1,0.0,0.0,27,0.8,68.0,0.0,0,0.0
W7214,2025-05-16 17:04:20.064563,25.1,97.1,0.0,0.0,29,0.4,8.4,0.0,0,0.0
W7215,2025-05-15 17:04:20.064563,30.6,76.0,2.6,2.6,37,1.9,3.3,0.18000000000000044,0,0.0
W7216,2024-05-03 17:04:20.064563,19.1,83.4,0.0,0.0,53,1.0,14.7,0.0,0,0.0
W7217,2025-02-22 17:04:20.064563,40.6,55.9,1.9,1.9,21,1.7,90.1,11.200000000000003,1,168.11
W7218,2025-03-11 17:04:20.064563,13.9,87.2,0.0,0.0,15,0.0,67.3,0.0,0,0.0
W7219,2025-10-12 17:04:20.064563,7.6,87.3,7.3,7.3,15,0.0,92.1,0.0,0,0.0
W7220,2025-12-30 17:04:20.064563,36.1,69.0,3.7,3.7,15,2.0,66.5,2.200000000000003,1,20.55
W7221,2024-10-21 17:04:20.064563,2.3,100.0,0.0,0.0,41,0.9,96.5,0.0,0,0.0
W7222,2024-03-29 17:04:20.064563,23.0,73.2,0.0,0.0,15,2.5,43.9,0.0,0,0.0
W7223,2026-01-02 17:04:20.064563,45.0,45.2,0.0,0.0,40,1.6,59.9,20.0,1,255.02
W7224,2024-10-10 17:04:20.064563,24.9,85.1,4.0,4.0,15,0.5,60.1,0.0,0,0.0
W7225,2026-02-22 17:04:20.064563,13.8,97.8,3.8,3.8,19,4.0,0.3,0.0,0,0.0
W7226,2024-12-31 17:04:20.064563,24.4,58.7,0.0,0.0,15,1.6,2.7,0.0,0,0.0
W7227,2024-12-03 17:04:20.064563,24.5,75.7,0.0,0.0,31,1.5,14.5,0.0,0,0.0
W7228,2024-05-26 17:04:20.064563,26.6,68.4,21.4,21.4,15,2.8,51.1,10.7,1,227.41
W7229,2025-01-27 17:04:20.064563,31.6,73.7,1.8,1.8,34,1.2,43.1,0.2960000000000005,0,0.0
W7230,2025-01-19 17:04:20.064563,14.6,98.4,0.0,0.0,15,0.8,54.0,0.0,0,0.0
W7231,2025-08-18 17:04:20.064563,41.9,60.4,0.0,0.0,21,1.0,80.0,13.799999999999997,0,0.0
W7232,2025-10-02 17:04:20.064563,27.5,57.6,0.0,0.0,38,2.7,82.2,0.0,0,0.0
W7233,2025-02-12 17:04:20.064563,32.3,53.8,0.0,0.0,20,3.8,97.7,0.0,0,0.0
W7234,2024-03-24 17:04:20.064563,18.7,93.1,0.0,0.0,23,2.4,55.8,0.0,0,0.0
W7235,2024-07-12 17:04:20.064563,37.9,47.3,0.0,0.0,38,2.2,34.7,5.799999999999997,0,0.0
W7236,2026-02-18 17:04:20.064563,22.4,61.1,0.0,0.0,21,4.3,30.8,0.0,0,0.0
W7237,2025-02-22 17:04:20.064563,27.8,73.7,0.0,0.0,15,2.5,34.1,0.0,0,0.0
W7238,2025-03-02 17:04:20.064563,15.7,81.0,9.1,9.1,15,2.8,32.4,0.0,0,0.0
W7239,2025-04-27 17:04:20.064563,15.0,100.0,6.5,6.5,15,3.6,39.3,0.0,0,0.0
W7240,2025-10-21 17:04:20.064563,31.9,65.1,0.0,0.0,19,5.1,7.5,0.0,0,0.0
W7241,2025-12-08 17:04:20.064563,20.6,80.8,0.0,0.0,33,3.0,63.3,0.0,0,0.0
W7242,2024-04-16 17:04:20.064563,16.5,81.6,0.0,0.0,27,2.7,56.8,0.0,0,0.0
W7243,2024-09-13 17:04:20.064563,18.6,98.1,1.7,1.7,49,5.7,46.2,0.0,0,0.0
W7244,2024-10-02 17:04:20.064563,32.0,65.6,2.0,2.0,47,3.7,8.1,0.0,0,0.0
W7245,2025-02-19 17:04:20.064563,18.7,77.9,0.0,0.0,30,3.9,9.3,0.0,1,25.51
W7246,2025-02-27 17:04:20.064563,23.8,66.3,11.8,11.8,15,3.1,54.5,2.95,0,0.0
W7247,2026-02-04 17:04:20.064563,25.2,71.5,0.0,0.0,39,5.4,3.7,0.0,0,0.0
W7248,2025-07-21 17:04:20.064563,5.8,91.5,1.3,1.3,15,2.7,72.5,0.0,0,0.0
W7249,2025-07-16 17:04:20.064563,10.3,100.0,0.0,0.0,44,3.4,99.4,0.0,0,0.0
W7250,2024-04-23 17:04:20.064563,28.4,49.4,0.0,0.0,33,3.6,59.7,0.0,0,0.0
W7251,2026-01-08 17:04:20.064563,17.6,82.2,21.9,21.9,15,3.1,72.3,10.95,1,106.05
W7252,2024-08-04 17:04:20.064563,35.6,62.8,0.0,0.0,37,3.7,43.9,1.2000000000000028,0,0.0
W7253,2025-07-24 17:04:20.064563,34.7,61.4,3.1,3.1,69,3.7,66.7,0.0,0,0.0
W7254,2024-08-24 17:04:20.064563,32.2,54.5,22.2,22.2,15,4.2,65.2,11.1,0,0.0
W7255,2025-12-20 17:04:20.064563,43.2,51.8,0.0,0.0,15,3.3,82.4,16.400000000000006,1,99.87
W7256,2025-07-02 17:04:20.064563,24.2,64.9,0.0,0.0,50,4.0,71.1,0.0,0,0.0
W7257,2025-09-18 17:04:20.064563,31.5,62.5,0.0,0.0,21,2.9,74.9,0.0,0,0.0
W7258,2025-02-24 17:04:20.064563,19.2,87.8,0.0,0.0,57,3.6,55.7,0.0,0,0.0
W7259,2025-07-04 17:04:20.064563,45.0,47.1,10.1,10.1,41,4.6,48.5,22.525,1,368.86
W7260,2025-05-15 17:04:20.064563,44.8,36.0,2.0,2.0,39,4.9,45.9,19.599999999999994,1,116.24
W7261,2024-05-14 17:04:20.064563,25.1,84.3,0.0,0.0,15,5.1,39.2,0.0,0,0.0
W7262,2025-09-02 17:04:20.064563,28.9,67.6,0.0,0.0,22,4.9,26.6,0.0,0,0.0
W7263,2025-01-18 17:04:20.064563,38.6,59.5,0.0,0.0,58,6.4,3.3,7.200000000000003,0,0.0
W7264,2025-10-17 17:04:20.064563,23.5,90.0,0.0,0.0,72,4.4,67.1,0.0,0,0.0
W7265,2026-02-10 17:04:20.064563,18.4,93.5,0.0,0.0,34,3.5,90.1,0.0,0,0.0
W7266,2025-02-04 17:04:20.064563,33.7,70.6,0.0,0.0,27,2.9,93.0,0.11099999999999903,0,0.0
W7267,2025-10-07 17:04:20.064563,25.8,73.3,3.2,3.2,15,5.3,58.1,0.0,0,0.0
W7268,2025-09-17 17:04:20.064563,26.8,77.7,0.0,0.0,15,6.5,9.4,0.0,0,0.0
W7269,2024-04-06 17:04:20.064563,16.7,87.2,0.0,0.0,39,3.1,87.9,0.0,0,0.0
W7270,2024-10-17 17:04:20.064563,7.8,86.2,0.0,0.0,49,4.2,74.8,0.0,0,0.0
W7271,2025-10-30 17:04:20.064563,27.4,72.0,0.0,0.0,15,5.6,25.1,0.0,0,0.0
W7272,2026-02-17 17:04:20.064563,34.0,61.5,0.0,0.0,52,4.2,80.4,0.0,0,0.0
W7273,2025-02-20 17:04:20.064563,22.7,81.7,13.7,13.7,36,6.9,47.2,3.425,0,0.0
W7274,2025-03-15 17:04:20.064563,39.4,49.7,0.0,0.0,49,4.2,88.8,8.799999999999997,0,0.0
W7275,2024-05-24 17:04:20.064563,18.0,75.4,5.0,5.0,60,6.6,24.8,0.0,0,0.0
W7276,2024-08-17 17:04:20.064563,14.5,94.9,4.6,4.6,35,5.8,80.1,0.0,0,0.0
W7277,2024-12-30 17:04:20.064563,24.3,60.4,0.0,0.0,45,5.0,71.2,0.0,0,0.0
W7278,2024-04-18 17:04:20.064563,24.2,88.3,0.0,0.0,45,7.8,1.4,0.0,0,0.0
W7279,2025-02-28 17:04:20.064563,32.7,58.6,0.0,0.0,66,5.5,56.3,0.0,0,0.0
W7280,2025-04-06 17:04:20.064563,17.3,86.6,0.2,0.2,50,4.5,71.6,0.0,0,0.0
W7281,2025-12-19 17:04:20.064563,38.7,57.6,0.0,0.0,29,7.4,15.6,7.400000000000006,0,0.0
W7282,2025-09-16 17:04:20.064563,44.7,48.9,0.0,0.0,49,7.3,53.2,19.400000000000006,1,81.5
W7283,2024-09-03 17:04:20.064563,24.6,59.0,0.0,0.0,50,5.2,30.4,0.0,0,0.0
W7284,2025-10-23 17:04:20.064563,37.5,62.0,0.2,0.2,37,4.6,69.6,5.0,0,0.0
W7285,2025-11-28 17:04:20.064563,14.4,91.4,0.7,0.7,61,4.8,54.0,0.0,0,0.0
W7286,2025-04-20 17:04:20.064563,35.8,50.0,0.0,0.0,44,4.6,62.1,1.5999999999999943,0,0.0
W7287,2024-09-25 17:04:20.064563,35.5,49.3,0.0,0.0,57,8.7,7.3,2.3999999999999986,0,0.0
W7288,2025-11-17 17:04:20.064563,33.6,56.2,9.7,9.7,34,7.1,13.8,0.0,0,0.0
W7289,2024-07-15 17:04:20.064563,24.8,59.7,0.0,0.0,29,6.4,55.2,0.0,0,0.0
W7290,2025-01-27 17:04:20.064563,-4.5,100.0,0.0,4.5,25,6.5,18.1,13.5,0,0.0
W7291,2026-03-10 17:04:20.064563,18.6,97.0,0.0,0.0,31,5.3,49.9,0.0,0,0.0
W7292,2025-02-03 17:04:20.064563,18.7,86.4,0.0,0.0,44,4.2,69.0,0.0,0,0.0
W7293,2026-03-14 17:04:20.064563,15.2,84.9,0.0,0.0,78,6.2,81.0,0.0,0,0.0
W7294,2024-04-19 17:04:20.064563,26.2,68.7,1.5,1.5,42,8.2,14.3,0.3999999999999986,0,0.0
W7295,2024-12-21 17:04:20.064563,20.8,86.4,0.0,0.0,54,4.0,74.2,0.0,0,0.0
W7296,2025-05-15 17:04:20.064563,16.8,100.0,2.7,2.7,59,7.7,36.3,0.0,0,0.0
W7297,2024-06-14 17:04:20.064563,14.4,82.7,0.0,0.0,41,5.0,67.9,0.0,0,0.0
W7298,2025-08-08 17:04:20.064563,17.8,72.1,0.0,0.0,40,7.9,14.5,0.0,0,0.0
W7299,2024-11-16 17:04:20.064563,36.2,71.2,5.6,5.6,59,6.0,51.5,2.772000000000007,0,0.0
W7300,2025-04-02 17:04:20.064563,18.4,64.5,0.0,0.0,61,3.2,83.8,0.0,0,0.0
W7301,2025-06-23 17:04:20.064563,19.9,70.1,0.0,0.0,39,6.7,10.6,0.0,0,0.0
W7302,2025-01-21 17:04:20.064563,20.4,76.9,1.2,1.2,40,6.0,82.8,0.0,0,0.0
W7303,2024-10-25 17:04:20.064563,28.4,51.8,0.0,0.0,53,7.1,45.3,0.0,0,0.0
W7304,2025-09-06 17:04:20.064563,29.6,76.8,0.0,0.0,58,3.7,82.3,0.0,0,0.0
W7305,2025-01-21 17:04:20.064563,-5.0,100.0,0.0,5.0,77,4.4,95.8,15.0,1,124.69
W7306,2024-09-13 17:04:20.064563,35.2,51.4,0.0,0.0,63,7.1,16.0,0.4000000000000057,0,0.0
W7307,2024-07-10 17:04:20.064563,39.4,63.8,0.0,0.0,33,6.4,67.5,8.799999999999997,0,0.0
W7308,2025-04-05 17:04:20.064563,14.5,100.0,5.9,5.9,26,6.8,23.5,0.0,0,0.0
W7309,2024-04-25 17:04:20.064563,15.3,86.0,16.7,16.7,27,6.6,13.6,4.175,0,0.0
W7310,2024-10-10 17:04:20.064563,20.5,74.7,0.0,0.0,57,6.1,62.8,0.0,0,0.0
W7311,2024-06-20 17:04:20.064563,17.4,100.0,0.0,0.0,38,8.6,10.8,1.1999999999999993,0,0.0
W7312,2025-06-15 17:04:20.064563,27.2,76.4,1.6,1.6,74,6.4,46.5,0.0,0,0.0
W7313,2025-08-18 17:04:20.064563,5.5,100.0,0.4,0.4,15,5.9,63.6,0.0,0,0.0
W7314,2024-04-12 17:04:20.064563,13.8,100.0,0.7,0.7,62,4.6,50.0,0.0,0,0.0
W7315,2025-07-25 17:04:20.064563,40.4,52.4,0.0,0.0,26,3.8,69.7,10.799999999999997,0,0.0
W7316,2025-08-12 17:04:20.064563,15.7,81.4,0.0,0.0,75,3.3,80.1,0.0,0,0.0
W7317,2024-08-22 17:04:20.064563,37.4,54.7,0.0,0.0,53,5.4,87.2,4.799999999999997,0,0.0
W7318,2024-09-28 17:04:20.064563,28.6,77.6,0.0,0.0,74,5.1,56.0,0.0,0,0.0
W7319,2025-03-01 17:04:20.064563,6.9,79.7,0.0,0.0,51,7.4,27.7,0.0,0,0.0
W7320,2025-07-26 17:04:20.064563,31.4,60.1,0.0,0.0,86,5.0,51.0,0.0,0,0.0
W7321,2025-09-05 17:04:20.064563,23.8,88.1,1.6,1.6,20,6.0,38.8,0.0,0,0.0
W7322,2025-01-29 17:04:20.064563,20.4,74.2,5.8,5.8,67,5.8,22.6,0.0,0,0.0
W7323,2025-02-16 17:04:20.064563,27.4,84.3,0.0,0.0,49,5.1,52.9,0.0,0,0.0
W7324,2024-08-11 17:04:20.064563,29.7,79.5,0.9,0.9,67,5.5,2.3,0.0,0,0.0
W7325,2024-06-26 17:04:20.064563,32.1,61.2,0.0,0.0,70,4.8,60.6,0.0,0,0.0
W7326,2025-08-28 17:04:20.064563,36.8,49.1,0.0,0.0,35,3.8,82.2,3.5999999999999943,1,30.85
W7327,2026-02-08 17:04:20.064563,29.1,63.5,0.0,0.0,83,1.9,99.9,0.0,0,0.0
W7328,2024-07-31 17:04:20.064563,11.2,100.0,0.0,0.0,71,4.2,92.2,0.0,0,0.0
W7329,2024-10-14 17:04:20.064563,20.3,98.3,3.9,3.9,58,7.3,9.0,0.0,0,0.0
W7330,2024-04-24 17:04:20.064563,45.0,43.8,5.3,5.3,61,5.7,16.2,20.0,1,238.48
W7331,2025-07-01 17:04:20.064563,32.2,55.6,0.0,0.0,67,5.2,13.9,0.0,0,0.0
W7332,2025-04-18 17:04:20.064563,45.0,43.7,0.0,0.0,82,6.6,55.8,20.0,1,257.08
W7333,2026-03-18 17:04:20.064563,39.0,54.0,0.0,0.0,56,6.8,4.6,8.0,0,0.0
W7334,2025-09-03 17:04:20.064563,27.4,56.4,0.3,0.3,82,1.2,93.7,0.0,0,0.0
W7335,2024-07-14 17:04:20.064563,28.0,68.8,0.0,0.0,78,6.0,6.2,0.0,0,0.0
W7336,2024-03-22 17:04:20.064563,24.6,86.3,0.0,0.0,63,4.6,39.1,0.0,0,0.0
W7337,2025-01-30 17:04:20.064563,7.6,80.6,15.2,15.2,74,2.8,89.4,3.8,0,0.0
W7338,2024-05-02 17:04:20.064563,25.2,80.5,8.2,8.2,60,4.4,94.8,0.0,0,0.0
W7339,2026-02-19 17:04:20.064563,37.1,68.1,1.0,1.0,70,5.1,46.5,4.200000000000003,0,0.0
W7340,2025-11-16 17:04:20.064563,19.0,75.9,0.0,0.0,80,5.3,48.8,0.0,0,0.0
W7341,2024-06-15 17:04:20.064563,29.1,83.3,7.2,7.2,52,4.0,63.6,0.0,0,0.0
W7342,2025-02-22 17:04:20.064563,33.5,52.8,3.2,3.2,87,5.6,40.8,0.0,0,0.0
W7343,2025-07-09 17:04:20.064563,15.9,90.6,0.0,0.0,69,4.6,32.5,0.0,0,0.0
W7344,2024-05-04 17:04:20.064563,20.5,76.2,4.7,4.7,77,3.9,73.9,0.0,0,0.0
W7345,2024-07-01 17:04:20.064563,14.8,84.7,0.0,0.0,49,4.5,59.5,0.0,0,0.0
W7346,2025-09-02 17:04:20.064563,16.8,78.7,0.0,0.0,35,3.6,48.2,0.0,0,0.0
W7347,2026-01-21 17:04:20.064563,12.1,98.8,9.9,9.9,59,3.1,10.1,0.0,0,0.0
W7348,2025-01-31 17:04:20.064563,16.0,94.5,3.2,3.2,57,3.5,6.9,0.0,0,0.0
W7349,2024-04-10 17:04:20.064563,39.2,50.6,0.0,0.0,68,6.3,51.1,8.400000000000006,0,0.0
W7350,2025-10-30 17:04:20.064563,15.8,72.6,0.0,0.0,25,4.3,61.9,0.0,0,0.0
W7351,2025-01-31 17:04:20.064563,26.3,74.6,0.0,0.0,107,4.1,65.8,0.0,0,0.0
W7352,2026-01-01 17:04:20.064563,20.0,84.3,0.0,0.0,75,4.2,89.5,0.0,0,0.0
W7353,2024-10-18 17:04:20.064563,36.8,52.6,0.0,0.0,100,1.8,81.6,3.5999999999999943,1,21.06
W7354,2025-02-09 17:04:20.064563,38.1,71.5,12.2,12.2,21,3.7,14.1,9.857500000000003,0,0.0
W7355,2024-10-09 17:04:20.064563,33.6,43.9,2.1,2.1,72,1.7,79.4,0.0,0,0.0
W7356,2024-10-01 17:04:20.064563,28.1,45.7,0.0,0.0,82,5.4,67.6,0.0,0,0.0
W7357,2025-01-05 17:04:20.064563,22.7,68.7,0.0,0.0,77,1.6,82.8,0.0,0,0.0
W7358,2024-12-26 17:04:20.064563,13.1,97.5,0.0,0.0,79,3.8,84.3,0.0,0,0.0
W7359,2025-09-14 17:04:20.064563,44.4,32.8,0.0,0.0,47,2.8,34.6,18.799999999999997,1,222.91
W7360,2025-02-07 17:04:20.064563,17.4,74.1,0.0,0.0,82,3.6,26.3,0.0,0,0.0
W7361,2025-06-12 17:04:20.064563,31.6,72.1,0.0,0.0,59,4.2,55.3,0.1679999999999997,0,0.0
W7362,2026-02-03 17:04:20.064563,35.6,61.2,0.0,0.0,63,3.6,29.9,1.2000000000000028,0,0.0
W7363,2024-07-16 17:04:20.064563,19.4,84.6,5.3,5.3,66,3.0,35.0,0.0,0,0.0
W7364,2024-12-22 17:04:20.064563,35.4,64.7,0.0,0.0,69,5.8,6.9,0.7999999999999972,0,0.0
W7365,2024-08-17 17:04:20.064563,32.6,56.8,2.8,2.8,65,0.0,99.1,0.0,0,0.0
W7366,2024-08-26 17:04:20.064563,42.3,42.8,0.0,0.0,99,1.9,30.9,14.599999999999994,1,197.42
W7367,2024-12-23 17:04:20.064563,20.3,87.6,1.8,1.8,70,1.7,78.0,0.0,0,0.0
W7368,2024-07-13 17:04:20.064563,12.1,78.3,0.0,0.0,69,2.6,99.3,0.0,0,0.0
W7369,2024-04-02 17:04:20.064563,19.9,58.7,0.0,0.0,75,1.0,96.9,0.0,0,0.0
W7370,2025-12-15 17:04:20.064563,27.1,65.0,2.0,2.0,51,2.9,63.4,0.0,0,0.0
W7371,2025-10-12 17:04:20.064563,25.6,80.9,0.0,0.0,81,0.3,53.9,0.0,0,0.0
W7372,2025-08-26 17:04:20.064563,21.1,81.0,0.4,0.4,92,3.3,30.9,0.0,0,0.0
W7373,2024-06-30 17:04:20.064563,5.9,100.0,0.0,0.0,84,2.3,86.2,0.0,0,0.0
W7374,2024-10-15 17:04:20.064563,29.7,45.3,0.0,0.0,79,0.9,33.8,0.0,0,0.0
W7375,2025-09-24 17:04:20.064563,44.7,46.1,0.0,0.0,90,2.1,10.7,19.400000000000006,1,103.34
W7376,2025-03-11 17:04:20.064563,29.6,72.1,18.6,18.6,30,1.5,29.4,4.65,0,0.0
W7377,2025-10-01 17:04:20.064563,31.1,49.9,0.0,0.0,79,2.1,31.5,0.0,0,0.0
W7378,2025-02-07 17:04:20.064563,30.7,72.5,0.0,0.0,107,2.3,71.8,0.08749999999999991,0,0.0
W7379,2024-12-20 17:04:20.064563,29.0,65.4,0.0,0.0,73,0.8,17.0,0.0,1,39.08
W7380,2024-08-09 17:04:20.064563,34.3,89.2,0.0,0.0,91,1.7,31.7,4.127999999999998,0,0.0
W7381,2026-03-09 17:04:20.064563,29.0,44.8,18.4,18.4,55,1.6,7.7,4.6,0,0.0
W7382,2025-01-02 17:04:20.064563,21.9,90.9,0.0,0.0,64,0.9,84.8,0.0,0,0.0
W7383,2025-10-26 17:04:20.064563,17.0,80.5,0.0,0.0,93,2.2,72.5,0.0,0,0.0
W7384,2024-11-23 17:04:20.064563,22.5,60.1,0.0,0.0,67,0.9,43.7,0.0,0,0.0
W7385,2024-09-09 17:04:20.064563,28.1,62.5,0.0,0.0,88,0.0,43.0,0.0,0,0.0
W7386,2024-05-29 17:04:20.064563,21.8,80.0,8.2,8.2,51,1.4,16.6,0.0,0,0.0
W7387,2025-01-30 17:04:20.064563,28.1,78.2,0.0,0.0,85,2.1,38.4,0.0,0,0.0
W7388,2025-12-05 17:04:20.064563,29.4,83.1,5.1,5.1,72,0.4,90.7,0.0,0,0.0
W7389,2025-02-27 17:04:20.064563,33.3,74.2,0.0,0.0,82,1.6,13.9,0.6929999999999998,0,0.0
W7390,2025-09-22 17:04:20.064563,37.8,43.6,0.0,0.0,85,0.0,76.5,5.599999999999994,0,0.0
W7391,2025-06-15 17:04:20.064563,25.8,82.6,6.1,6.1,57,0.4,4.7,0.0,0,0.0
W7392,2024-05-08 17:04:20.064563,11.9,96.0,0.0,0.0,56,0.0,31.2,0.0,0,0.0
W7393,2024-07-29 17:04:20.064563,21.5,71.1,0.0,0.0,81,0.0,84.7,0.0,0,0.0
W7394,2024-04-16 17:04:20.064563,25.4,69.7,0.0,0.0,102,0.2,44.5,0.0,0,0.0
W7395,2025-07-13 17:04:20.064563,6.6,92.9,0.0,0.0,91,0.7,70.3,0.0,0,0.0
W7396,2026-02-07 17:04:20.064563,38.9,52.0,0.0,0.0,88,0.4,10.4,7.799999999999997,0,0.0
W7397,2024-05-08 17:04:20.064563,26.4,63.1,0.0,0.0,69,1.3,68.3,0.0,0,0.0
W7398,2024-07-04 17:04:20.064563,28.8,56.5,2.7,2.7,78,0.0,81.9,0.0,0,0.0
W7399,2025-04-14 17:04:20.064563,38.7,56.8,0.0,0.0,63,1.5,80.5,7.400000000000006,0,0.0
W7400,2024-05-12 17:04:20.064563,18.7,88.2,0.0,0.0,71,0.0,43.9,0.0,0,0.0
W7401,2024-06-14 17:04:20.064563,30.7,62.0,0.0,0.0,86,0.0,90.4,0.0,0,0.0
W7402,2025-05-28 17:04:20.064563,23.9,87.8,0.0,0.0,43,1.0,57.5,0.0,0,0.0
W7403,2025-04-23 17:04:20.064563,23.2,72.7,0.0,0.0,113,0.0,81.8,0.0,0,0.0
W7404,2024-09-17 17:04:20.064563,17.3,81.1,0.0,0.0,52,1.4,21.3,0.0,0,0.0
W7405,2026-03-09 17:04:20.064563,41.7,54.1,0.0,0.0,116,0.0,21.0,13.400000000000006,1,86.37
W7406,2025-11-18 17:04:20.064563,21.2,76.8,0.0,0.0,62,0.0,75.4,0.0,0,0.0
W7407,2025-11-14 17:04:20.064563,32.0,62.9,0.0,0.0,61,0.9,64.7,0.0,0,0.0
W7408,2025-12-22 17:04:20.064563,6.2,75.4,4.7,4.7,61,0.7,67.6,0.0,1,20.26
W7409,2026-02-22 17:04:20.064563,36.8,55.0,0.0,0.0,69,0.0,23.7,3.5999999999999943,0,0.0
W7410,2026-03-04 17:04:20.064563,35.5,38.4,0.0,0.0,66,0.0,40.0,1.0,0,0.0
W7411,2025-06-17 17:04:20.064563,26.0,58.8,0.0,0.0,70,0.0,25.8,0.0,0,0.0
W7412,2025-12-09 17:04:20.064563,22.7,62.6,0.0,0.0,79,0.1,6.8,0.0,0,0.0
W7413,2025-03-17 17:04:20.064563,29.0,56.1,0.0,0.0,59,0.1,20.4,0.0,0,0.0
W7414,2025-01-31 17:04:20.064563,45.0,37.0,0.0,0.0,94,0.0,99.5,20.0,1,236.85
W7415,2025-02-21 17:04:20.064563,7.4,94.1,0.0,0.0,105,0.0,23.4,0.0,0,0.0
W7416,2024-10-06 17:04:20.064563,32.8,67.4,2.1,2.1,34,0.0,15.9,0.0,0,0.0
W7417,2026-03-18 17:04:20.064563,15.9,88.4,3.8,3.8,106,0.0,69.7,0.0,0,0.0
W7418,2026-02-02 17:04:20.064563,24.8,53.8,13.6,13.6,65,1.1,60.2,3.4,0,0.0
W7419,2025-09-15 17:04:20.064563,22.5,77.1,0.0,0.0,81,0.0,74.6,0.0,0,0.0
W7420,2024-06-06 17:04:20.064563,20.7,82.1,0.0,0.0,64,0.0,65.4,0.0,0,0.0
W7421,2025-07-07 17:04:20.064563,24.9,69.4,0.0,0.0,79,1.1,22.3,0.0,0,0.0
W7422,2025-10-20 17:04:20.064563,13.7,88.9,0.0,0.0,93,0.0,50.1,0.0,0,0.0
W7423,2024-07-30 17:04:20.064563,35.3,59.0,0.0,0.0,127,1.5,17.7,0.5999999999999943,0,0.0
W7424,2024-06-21 17:04:20.064563,7.1,100.0,0.0,0.0,119,1.6,25.4,0.0,0,0.0
W7425,2026-03-03 17:04:20.064563,30.4,48.7,3.5,3.5,37,0.0,98.7,0.0,0,0.0
W7426,2025-07-10 17:04:20.064563,21.7,75.0,0.0,0.0,70,0.9,72.9,0.0,0,0.0
W7427,2024-06-25 17:04:20.064563,13.3,100.0,2.8,2.8,70,0.0,78.3,0.0,0,0.0
W7428,2025-06-27 17:04:20.064563,27.0,83.6,2.8,2.8,95,0.1,3.0,0.0,0,0.0
W7429,2025-01-29 17:04:20.064563,9.4,100.0,0.2,0.2,71,0.0,38.2,0.0,0,0.0
W7430,2026-02-16 17:04:20.064563,25.4,77.3,3.0,3.0,52,0.5,55.5,0.0,0,0.0
W7431,2026-01-06 17:04:20.064563,10.8,100.0,3.3,3.3,67,0.3,15.0,0.0,0,0.0
W7432,2026-03-15 17:04:20.064563,29.6,84.8,5.5,5.5,54,0.0,84.9,0.0,0,0.0
W7433,2025-07-07 17:04:20.064563,15.8,85.1,0.0,0.0,92,0.0,14.0,0.0,0,0.0
W7434,2025-07-12 17:04:20.064563,20.5,69.6,9.9,9.9,100,0.9,63.7,0.0,0,0.0
W7435,2024-11-10 17:04:20.064563,27.9,65.4,0.0,0.0,90,0.0,55.3,0.0,0,0.0
W7436,2024-11-02 17:04:20.064563,17.3,100.0,2.6,2.6,85,0.0,84.9,0.0,0,0.0
W7437,2024-08-12 17:04:20.064563,24.4,57.7,0.0,0.0,95,0.0,31.2,0.0,0,0.0
W7438,2025-12-09 17:04:20.064563,9.9,90.5,0.0,0.0,79,0.0,28.4,0.0,0,0.0
W7439,2024-12-07 17:04:20.064563,31.3,48.9,0.0,0.0,62,0.0,84.6,0.0,0,0.0
W7440,2025-03-25 17:04:20.064563,42.6,47.3,0.0,0.0,64,0.3,22.1,15.200000000000003,1,142.99
W7441,2025-04-23 17:04:20.064563,45.0,30.5,0.0,0.0,91,1.0,74.6,20.0,1,268.2
W7442,2024-09-21 17:04:20.064563,25.9,70.0,11.9,11.9,51,1.0,19.1,2.975,0,0.0
W7443,2026-03-04 17:04:20.064563,32.9,41.2,4.8,4.8,39,0.0,87.6,0.0,0,0.0
W7444,2026-01-28 17:04:20.064563,7.2,100.0,0.0,0.0,94,0.4,83.9,0.0,0,0.0
W7445,2025-02-19 17:04:20.064563,40.0,62.2,0.0,0.0,52,0.0,78.7,10.0,0,0.0
W7446,2025-02-13 17:04:20.064563,32.8,57.0,7.2,7.2,30,1.2,49.1,0.0,0,0.0
W7447,2025-06-25 17:04:20.064563,20.2,78.4,5.2,5.2,39,0.0,3.4,0.0,0,0.0
W7448,2025-07-30 17:04:20.064563,37.4,52.3,0.0,0.0,72,0.1,13.2,4.799999999999997,0,0.0
W7449,2024-04-17 17:04:20.064563,22.5,78.1,6.9,6.9,72,0.0,45.7,0.0,0,0.0
W7450,2024-05-23 17:04:20.064563,20.4,79.0,0.0,0.0,71,0.5,4.4,0.0,0,0.0
W7451,2025-07-17 17:04:20.064563,29.8,73.1,0.0,0.0,54,0.6,6.3,0.0,0,0.0
W7452,2024-07-11 17:04:20.064563,14.4,100.0,0.0,0.0,48,1.4,12.6,0.0,0,0.0
W7453,2025-03-12 17:04:20.064563,35.2,49.0,0.0,0.0,80,1.2,26.1,0.4000000000000057,0,0.0
W7454,2025-07-21 17:04:20.064563,14.4,85.2,4.4,4.4,53,0.0,74.9,0.0,0,0.0
W7455,2025-07-03 17:04:20.064563,14.5,97.3,0.0,0.0,70,0.0,4.8,0.0,0,0.0
W7456,2024-09-08 17:04:20.064563,15.9,71.9,0.0,0.0,60,0.0,98.4,0.0,0,0.0
W7457,2025-01-01 17:04:20.064563,32.6,41.4,0.0,0.0,68,1.0,27.4,0.0,0,0.0
W7458,2025-03-09 17:04:20.064563,18.8,84.0,0.0,0.0,70,0.2,32.0,0.0,0,0.0
W7459,2025-11-26 17:04:20.064563,11.5,97.7,0.0,0.0,110,2.5,24.8,0.0,0,0.0
W7460,2025-10-27 17:04:20.064563,18.9,74.4,6.4,6.4,56,0.0,60.2,0.0,0,0.0
W7461,2024-07-26 17:04:20.064563,24.7,67.2,0.0,0.0,53,1.5,1.9,0.0,0,0.0
W7462,2025-08-20 17:04:20.064563,13.2,82.6,3.6,3.6,56,1.5,9.4,0.0,0,0.0
W7463,2024-07-01 17:04:20.064563,13.5,81.1,0.0,0.0,40,1.5,9.9,0.0,0,0.0
W7464,2025-05-07 17:04:20.064563,45.0,49.4,8.0,8.0,24,0.0,66.5,20.0,1,362.35
W7465,2024-07-05 17:04:20.064563,16.4,73.6,0.0,0.0,83,0.0,33.0,0.0,0,0.0
W7466,2025-02-14 17:04:20.064563,21.8,74.7,0.3,0.3,63,0.0,43.7,0.0,0,0.0
W7467,2025-10-08 17:04:20.064563,21.3,69.0,12.5,12.5,55,1.5,95.0,3.125,0,0.0
W7468,2026-01-12 17:04:20.064563,20.8,64.3,0.0,0.0,24,0.0,20.0,0.0,0,0.0
W7469,2024-05-29 17:04:20.064563,31.2,71.9,0.0,0.0,37,0.0,7.0,0.11400000000000028,0,0.0
W7470,2025-01-21 17:04:20.064563,34.5,53.1,0.0,0.0,62,0.7,44.1,0.0,0,0.0
W7471,2025-09-14 17:04:20.064563,21.9,79.0,0.0,0.0,39,0.0,16.4,0.0,0,0.0
W7472,2025-07-03 17:04:20.064563,12.6,76.0,0.0,0.0,26,0.8,14.5,0.0,0,0.0
W7473,2025-05-02 17:04:20.064563,37.7,46.0,0.0,0.0,33,0.0,41.0,5.400000000000006,0,0.0
W7474,2025-11-12 17:04:20.064563,24.0,81.5,5.3,5.3,37,0.0,67.0,0.0,0,0.0
W7475,2025-05-15 17:04:20.064563,42.3,72.4,1.6,1.6,58,1.2,24.3,16.075999999999997,1,94.91
W7476,2024-11-17 17:04:20.064563,2.5,86.4,1.1,1.1,85,0.0,87.6,0.0,0,0.0
W7477,2025-12-13 17:04:20.064563,27.0,67.6,1.6,1.6,28,0.3,36.2,0.0,0,0.0
W7478,2024-11-22 17:04:20.064563,44.2,47.8,0.0,0.0,32,1.2,93.4,18.400000000000006,1,150.55
W7479,2025-09-30 17:04:20.064563,21.5,71.6,0.0,0.0,22,0.0,49.2,0.0,0,0.0
W7480,2024-08-27 17:04:20.064563,22.7,84.4,0.0,0.0,62,0.2,72.7,0.0,0,0.0
W7481,2025-07-24 17:04:20.064563,28.0,59.4,0.0,0.0,53,0.6,84.9,0.0,0,0.0
W7482,2025-04-15 17:04:20.064563,19.4,82.4,0.0,0.0,30,0.0,53.0,0.0,0,0.0
W7483,2024-05-24 17:04:20.064563,21.9,72.0,0.0,0.0,33,0.0,85.0,0.0,0,0.0
W7484,2025-03-01 17:04:20.064563,21.6,89.8,1.8,1.8,43,1.6,37.8,0.0,0,0.0
W7485,2024-10-17 17:04:20.064563,18.7,75.1,0.0,0.0,47,0.0,36.3,0.0,0,0.0
W7486,2026-02-26 17:04:20.064563,37.3,50.5,0.0,0.0,27,0.0,79.4,4.599999999999994,1,46.56
W7487,2025-11-13 17:04:20.064563,29.6,75.0,0.0,0.0,51,0.0,24.1,0.0,0,0.0
W7488,2025-06-02 17:04:20.064563,27.5,58.5,0.0,0.0,19,0.0,71.7,0.0,0,0.0
W7489,2025-06-06 17:04:20.064563,33.1,61.1,4.9,4.9,37,0.8,7.7,0.0,0,0.0
W7490,2025-10-19 17:04:20.064563,22.4,58.2,0.0,0.0,42,1.0,63.6,0.0,0,0.0
W7491,2025-03-03 17:04:20.064563,17.3,73.2,0.0,0.0,53,0.8,94.2,0.0,0,0.0
W7492,2025-09-26 17:04:20.064563,19.0,85.4,8.4,8.4,52,0.0,45.6,0.0,0,0.0
W7493,2026-02-26 17:04:20.064563,25.0,62.6,0.0,0.0,37,0.0,41.6,0.0,0,0.0
W7494,2024-11-14 17:04:20.064563,14.4,82.9,26.6,26.6,15,0.4,54.1,13.3,0,0.0
W7495,2024-09-11 17:04:20.064563,20.0,84.9,0.0,0.0,15,0.0,72.0,0.0,0,0.0
W7496,2026-01-25 17:04:20.064563,19.8,74.4,6.3,6.3,69,0.0,35.9,0.0,0,0.0
W7497,2026-02-01 17:04:20.064563,45.0,50.7,0.0,0.0,15,0.0,0.0,20.0,1,288.32
W7498,2024-06-05 17:04:20.064563,-2.7,100.0,0.0,0.5,40,1.3,50.2,8.100000000000001,0,0.0
W7499,2026-03-16 17:04:20.064563,23.2,79.6,0.0,0.0,15,1.1,41.9,0.0,1,40.13
W7500,2025-10-26 17:04:20.064563,42.3,59.0,1.2,1.2,22,1.2,53.3,14.599999999999994,1,163.88
W7501,2025-07-29 17:04:20.064563,26.2,73.9,0.0,0.0,75,0.3,71.5,0.0,0,0.0
W7502,2024-07-13 17:04:20.064563,32.5,76.6,0.0,0.0,63,0.0,28.3,0.8249999999999993,0,0.0
W7503,2025-11-14 17:04:20.064563,26.0,80.1,1.0,1.0,57,0.6,50.5,0.0,0,0.0
W7504,2025-11-18 17:04:20.064563,18.3,77.3,6.2,6.2,22,0.2,25.3,0.0,0,0.0
W7505,2025-07-05 17:04:20.064563,2.6,100.0,0.0,0.0,71,0.0,45.9,0.0,0,0.0
W7506,2025-02-14 17:04:20.064563,27.1,72.1,11.0,11.0,21,0.7,34.5,2.75,0,0.0
W7507,2025-10-07 17:04:20.064563,17.2,80.2,5.0,5.0,41,0.5,36.9,0.0,0,0.0
W7508,2024-06-25 17:04:20.064563,17.0,87.3,0.0,0.0,90,0.0,57.9,0.0,0,0.0
W7509,2025-06-16 17:04:20.064563,20.0,91.1,2.0,2.0,54,0.0,69.0,0.0,0,0.0
W7510,2024-09-14 17:04:20.064563,42.4,50.9,0.0,0.0,35,0.0,1.3,14.799999999999997,1,215.98
W7511,2025-01-27 17:04:20.064563,45.0,60.7,0.0,0.0,46,0.3,87.7,20.0,1,330.0
W7512,2025-05-07 17:04:20.064563,27.2,80.1,0.0,0.0,63,0.9,36.4,0.0,0,0.0
W7513,2024-05-28 17:04:20.064563,20.4,84.7,2.1,2.1,43,0.0,64.4,0.0,0,0.0
W7514,2025-11-20 17:04:20.064563,13.2,79.9,0.0,0.0,50,0.0,12.2,0.0,0,0.0
W7515,2024-07-07 17:04:20.064563,29.7,63.7,0.0,0.0,59,0.5,57.1,0.0,0,0.0
W7516,2026-02-17 17:04:20.064563,42.8,46.5,0.0,0.0,84,1.6,67.8,15.599999999999994,1,92.46
W7517,2025-11-18 17:04:20.064563,22.5,83.2,7.7,7.7,15,2.0,15.7,0.0,0,0.0
W7518,2025-04-10 17:04:20.064563,1.2,100.0,0.0,3.1,46,1.5,91.2,0.0,0,0.0
W7519,2025-02-16 17:04:20.064563,31.7,64.1,0.0,0.0,41,0.0,75.7,0.0,0,0.0
W7520,2025-08-06 17:04:20.064563,34.9,58.9,10.9,10.9,15,0.0,53.4,2.725,0,0.0
W7521,2026-01-07 17:04:20.064563,9.1,100.0,1.0,1.0,16,0.6,16.6,0.0,0,0.0
W7522,2026-01-23 17:04:20.064563,26.8,61.3,0.0,0.0,64,0.0,86.6,0.0,0,0.0
W7523,2024-05-19 17:04:20.064563,29.5,82.7,0.0,0.0,15,0.0,6.9,0.0,0,0.0
W7524,2024-06-18 17:04:20.064563,24.3,53.1,0.0,0.0,15,1.9,11.5,0.0,0,0.0
W7525,2024-10-26 17:04:20.064563,17.1,98.9,2.3,2.3,15,1.4,69.8,0.0,0,0.0
W7526,2024-08-07 17:04:20.064563,35.2,56.8,0.0,0.0,15,0.6,25.4,0.4000000000000057,0,0.0
W7527,2025-11-02 17:04:20.064563,21.0,88.6,0.0,0.0,15,0.0,45.9,0.0,0,0.0
W7528,2025-12-29 17:04:20.064563,10.1,98.4,3.3,3.3,15,0.0,53.9,0.0,0,0.0
W7529,2024-03-18 17:04:20.064563,4.5,100.0,4.7,4.7,20,0.0,45.8,0.0,0,0.0
W7530,2024-08-15 17:04:20.064563,37.6,59.1,0.0,0.0,57,1.0,8.4,5.200000000000003,0,0.0
W7531,2026-01-23 17:04:20.064563,31.2,71.3,0.6,0.6,15,1.3,73.7,0.07799999999999978,0,0.0
W7532,2024-08-17 17:04:20.064563,25.9,67.9,0.0,0.0,44,0.0,24.0,0.0,0,0.0
W7533,2025-06-24 17:04:20.064563,20.6,89.5,3.7,3.7,34,0.0,73.9,0.0,0,0.0
W7534,2025-09-13 17:04:20.064563,19.7,69.6,0.0,0.0,15,1.0,86.5,0.0,0,0.0
W7535,2025-01-10 17:04:20.064563,14.2,88.6,0.0,0.0,15,0.0,53.6,0.0,0,0.0
W7536,2025-04-21 17:04:20.064563,20.7,87.3,0.0,0.0,18,1.1,70.6,0.0,0,0.0
W7537,2025-12-08 17:04:20.064563,3.8,100.0,0.0,0.0,33,0.0,3.7,0.0,0,0.0
W7538,2025-10-30 17:04:20.064563,17.6,88.1,0.0,0.0,36,0.0,3.7,0.0,0,0.0
W7539,2025-06-18 17:04:20.064563,21.9,73.2,3.8,3.8,24,0.5,19.7,0.0,0,0.0
W7540,2024-10-04 17:04:20.064563,31.1,72.3,0.9,0.9,15,0.0,35.8,0.1265,0,0.0
W7541,2024-10-14 17:04:20.064563,24.6,66.4,4.8,4.8,15,0.0,18.3,0.0,0,0.0
W7542,2026-02-13 17:04:20.064563,32.9,78.1,5.7,5.7,15,0.0,63.5,1.1744999999999988,0,0.0
W7543,2025-02-05 17:04:20.064563,38.5,51.4,0.0,0.0,25,0.7,27.7,7.0,0,0.0
W7544,2025-01-18 17:04:20.064563,35.6,41.2,0.0,0.0,16,1.0,84.6,1.2000000000000028,0,0.0
W7545,2025-10-22 17:04:20.064563,29.7,53.5,0.0,0.0,34,0.5,56.1,0.0,0,0.0
W7546,2026-02-11 17:04:20.064563,25.1,72.8,0.0,0.0,37,0.0,37.8,0.0,0,0.0
W7547,2025-01-23 17:04:20.064563,15.2,88.6,0.0,0.0,16,1.4,89.3,0.0,0,0.0
W7548,2025-06-06 17:04:20.064563,32.4,81.1,0.0,0.0,28,0.3,82.8,1.3319999999999985,0,0.0
W7549,2025-03-05 17:04:20.064563,41.8,36.9,0.0,0.0,18,1.1,82.0,13.599999999999994,1,193.68
W7550,2024-06-17 17:04:20.064563,28.4,67.8,0.2,0.2,15,0.0,72.8,0.0,0,0.0
W7551,2025-11-04 17:04:20.064563,44.2,33.1,0.0,0.0,15,1.2,61.4,18.400000000000006,1,91.53
W7552,2024-03-26 17:04:20.064563,9.7,90.5,0.0,0.0,15,0.0,36.7,0.0,0,0.0
W7553,2025-12-04 17:04:20.064563,13.5,100.0,2.5,2.5,15,0.0,42.3,0.0,0,0.0
W7554,2025-08-22 17:04:20.064563,33.6,48.3,0.0,0.0,15,0.4,64.7,0.0,0,0.0
W7555,2025-05-05 17:04:20.064563,27.6,74.4,0.0,0.0,15,0.0,17.3,0.0,0,0.0
W7556,2024-07-26 17:04:20.064563,38.1,56.7,0.0,0.0,37,0.3,82.8,6.200000000000003,0,0.0
W7557,2025-01-13 17:04:20.064563,24.8,72.5,0.0,0.0,31,0.0,93.9,0.0,0,0.0
W7558,2024-05-20 17:04:20.064563,16.3,90.7,0.0,0.0,32,1.4,9.8,0.0,0,0.0
W7559,2025-03-31 17:04:20.064563,22.9,64.1,0.0,0.0,34,0.3,2.2,0.0,0,0.0
W7560,2025-10-01 17:04:20.064563,9.7,100.0,0.0,0.0,20,0.0,14.3,0.0,0,0.0
W7561,2024-05-11 17:04:20.064563,13.7,100.0,0.0,0.0,20,0.0,76.0,0.0,0,0.0
W7562,2024-03-18 17:04:20.064563,34.7,58.4,0.0,0.0,37,0.0,10.8,0.0,0,0.0
W7563,2026-03-08 17:04:20.064563,33.7,83.6,0.0,0.0,33,2.4,37.2,2.516000000000001,0,0.0
W7564,2025-10-12 17:04:20.064563,28.6,63.1,0.0,0.0,40,0.0,6.3,0.0,0,0.0
W7565,2025-03-20 17:04:20.064563,7.8,100.0,0.0,0.0,19,0.0,43.3,0.0,0,0.0
W7566,2024-07-08 17:04:20.064563,21.4,92.2,0.0,0.0,15,0.7,60.4,0.0,0,0.0
W7567,2024-12-31 17:04:20.064563,12.8,86.3,0.0,0.0,24,1.5,62.9,0.0,0,0.0
W7568,2024-04-18 17:04:20.064563,36.8,41.0,0.0,0.0,15,1.8,51.9,3.5999999999999943,0,0.0
W7569,2024-11-13 17:04:20.064563,19.2,65.1,0.0,0.0,33,0.0,93.8,0.0,0,0.0
W7570,2025-06-03 17:04:20.064563,14.1,100.0,8.0,8.0,15,0.5,53.1,0.0,0,0.0
W7571,2026-03-07 17:04:20.064563,25.3,66.8,0.0,0.0,21,0.0,85.9,0.0,0,0.0
W7572,2025-11-12 17:04:20.064563,18.6,80.2,0.0,0.0,15,0.0,99.3,0.0,0,0.0
W7573,2025-04-25 17:04:20.064563,39.8,39.1,0.0,0.0,40,0.0,23.0,9.599999999999994,1,61.27
W7574,2025-12-18 17:04:20.064563,17.7,93.0,0.0,0.0,38,0.0,26.6,0.0,0,0.0
W7575,2025-02-06 17:04:20.064563,11.0,85.7,6.5,6.5,15,0.4,52.2,0.0,0,0.0
W7576,2026-03-16 17:04:20.064563,3.5,99.9,2.3,2.3,15,0.0,18.2,0.0,0,0.0
W7577,2025-04-13 17:04:20.064563,24.7,76.0,0.0,0.0,23,0.1,56.4,0.0,0,0.0
W7578,2025-05-07 17:04:20.064563,19.4,70.3,0.0,0.0,43,1.1,68.4,0.0,0,0.0
W7579,2025-04-12 17:04:20.064563,10.7,92.1,1.2,1.2,15,0.9,6.0,0.0,0,0.0
W7580,2025-06-06 17:04:20.064563,36.9,68.7,0.0,0.0,29,1.2,68.1,3.799999999999997,0,0.0
W7581,2025-09-27 17:04:20.064563,31.7,66.8,0.0,0.0,15,2.7,15.9,0.0,0,0.0
W7582,2024-10-20 17:04:20.064563,24.7,74.2,0.0,0.0,15,0.2,29.9,0.0,0,0.0
W7583,2026-01-25 17:04:20.064563,38.6,54.2,0.0,0.0,39,0.0,73.9,7.200000000000003,1,64.68
W7584,2024-09-11 17:04:20.064563,31.6,58.7,0.8,0.8,31,0.7,16.4,0.0,0,0.0
W7585,2025-07-17 17:04:20.064563,16.8,100.0,0.0,0.0,17,0.9,53.2,0.0,1,31.02
W7586,2024-08-07 17:04:20.064563,14.6,80.0,0.0,0.0,36,1.6,58.9,0.0,0,0.0
W7587,2024-09-26 17:04:20.064563,33.2,62.3,0.0,0.0,34,2.4,16.4,0.0,0,0.0
W7588,2025-10-07 17:04:20.064563,29.0,67.7,0.0,0.0,15,0.6,27.5,0.0,0,0.0
W7589,2025-04-15 17:04:20.064563,26.7,80.0,0.0,0.0,22,0.2,60.6,0.0,0,0.0
W7590,2025-03-21 17:04:20.064563,16.5,96.2,0.0,0.0,49,3.1,46.1,0.0,0,0.0
W7591,2025-05-19 17:04:20.064563,31.1,63.1,0.0,0.0,30,1.9,66.0,0.0,0,0.0
W7592,2024-08-22 17:04:20.064563,17.4,86.7,0.0,0.0,15,1.8,85.5,0.0,0,0.0
W7593,2025-01-07 17:04:20.064563,24.0,77.3,0.0,0.0,15,2.7,13.5,0.0,0,0.0
W7594,2026-02-02 17:04:20.064563,39.5,28.1,0.0,0.0,41,2.8,7.1,9.0,1,88.88
W7595,2024-07-24 17:04:20.064563,18.4,66.5,0.0,0.0,15,1.7,66.7,0.0,0,0.0
W7596,2024-08-02 17:04:20.064563,9.3,90.0,0.0,0.0,44,1.1,77.1,0.0,0,0.0
W7597,2024-03-29 17:04:20.064563,14.5,82.7,0.0,0.0,63,1.9,44.9,0.0,0,0.0
W7598,2024-05-30 17:04:20.064563,34.9,45.6,0.0,0.0,17,4.8,39.4,0.0,0,0.0
W7599,2026-01-10 17:04:20.064563,27.5,76.2,7.2,7.2,15,4.2,59.7,0.0,0,0.0
W7600,2024-04-03 17:04:20.064563,23.7,74.5,0.0,0.0,15,3.5,55.1,0.0,0,0.0
W7601,2024-08-12 17:04:20.064563,19.9,78.0,0.0,0.0,38,2.7,49.0,0.0,0,0.0
W7602,2025-07-29 17:04:20.064563,29.9,52.7,7.5,7.5,15,2.8,81.9,0.0,0,0.0
W7603,2026-01-20 17:04:20.064563,16.5,84.8,0.0,0.0,15,2.1,17.4,0.0,0,0.0
W7604,2025-06-08 17:04:20.064563,28.1,41.6,0.0,0.0,15,3.6,68.1,0.0,0,0.0
W7605,2024-08-04 17:04:20.064563,17.7,81.8,0.0,0.0,15,2.3,74.1,0.0,0,0.0
W7606,2024-06-12 17:04:20.064563,16.0,86.6,0.0,0.0,15,2.3,90.1,0.0,0,0.0
W7607,2024-08-05 17:04:20.064563,18.6,84.5,4.0,4.0,15,2.4,94.5,0.0,0,0.0
W7608,2026-01-04 17:04:20.064563,21.2,62.5,0.0,0.0,15,3.1,50.8,0.0,0,0.0
W7609,2025-05-17 17:04:20.064563,24.5,75.5,1.0,1.0,38,4.4,43.4,0.0,0,0.0
W7610,2025-06-27 17:04:20.064563,27.4,58.6,0.0,0.0,52,5.1,50.4,0.0,0,0.0
W7611,2026-02-28 17:04:20.064563,-5.0,100.0,0.0,0.3,23,3.9,73.3,15.0,1,165.13
W7612,2025-11-26 17:04:20.064563,16.9,91.8,0.0,0.0,26,4.9,1.7,0.0,0,0.0
W7613,2025-05-27 17:04:20.064563,21.1,98.5,0.0,0.0,32,3.5,17.4,0.0,0,0.0
W7614,2025-12-16 17:04:20.064563,40.1,50.4,2.7,2.7,60,2.8,90.8,10.200000000000003,0,0.0
W7615,2024-09-18 17:04:20.064563,14.2,80.5,1.5,1.5,15,4.6,19.5,0.0,0,0.0
W7616,2025-06-26 17:04:20.064563,26.6,71.9,0.0,0.0,15,5.5,22.8,0.0,0,0.0
W7617,2025-08-21 17:04:20.064563,40.0,59.5,0.0,0.0,26,2.2,93.9,10.0,0,0.0
W7618,2025-05-26 17:04:20.064563,11.9,98.4,3.0,3.0,30,3.8,29.4,0.0,0,0.0
W7619,2025-10-04 17:04:20.064563,28.9,94.0,4.4,4.4,19,5.1,29.0,0.0,0,0.0
W7620,2025-06-21 17:04:20.064563,17.0,77.4,2.4,2.4,15,4.0,92.4,0.0,0,0.0
W7621,2025-04-15 17:04:20.064563,20.0,82.6,0.0,0.0,47,4.9,37.5,0.0,0,0.0
W7622,2025-03-16 17:04:20.064563,17.0,100.0,2.2,2.2,22,5.4,49.4,0.0,0,0.0
W7623,2024-11-04 17:04:20.064563,17.7,98.3,2.6,2.6,36,3.0,56.0,0.0,0,0.0
W7624,2024-09-24 17:04:20.064563,45.0,23.0,0.0,0.0,61,3.9,86.8,20.0,1,319.02
W7625,2025-05-26 17:04:20.064563,33.4,59.8,0.4,0.4,15,4.7,7.8,0.0,0,0.0
W7626,2025-11-27 17:04:20.064563,36.0,70.8,0.0,0.0,15,8.1,26.1,2.4399999999999986,1,27.85
W7627,2024-03-25 17:04:20.064563,29.9,94.0,1.0,1.0,41,5.8,58.7,0.0,0,0.0
W7628,2025-10-30 17:04:20.064563,8.9,100.0,0.0,0.0,15,5.4,43.5,0.0,0,0.0
W7629,2025-08-10 17:04:20.064563,28.9,62.9,11.1,11.1,15,4.0,27.8,2.775,0,0.0
W7630,2024-11-15 17:04:20.064563,35.7,46.3,0.0,0.0,21,3.9,41.0,1.4000000000000057,0,0.0
W7631,2026-03-17 17:04:20.064563,16.5,100.0,0.0,0.0,40,5.3,96.6,0.0,0,0.0
W7632,2025-08-13 17:04:20.064563,34.7,65.3,2.1,2.1,16,5.5,2.1,0.0,0,0.0
W7633,2024-12-18 17:04:20.064563,32.0,53.5,0.0,0.0,44,6.8,14.7,0.0,0,0.0
W7634,2025-05-12 17:04:20.064563,43.5,42.7,0.0,0.0,15,8.6,1.9,18.2,1,151.57
W7635,2025-09-28 17:04:20.064563,20.8,81.9,4.3,4.3,15,5.0,59.3,0.0,0,0.0
W7636,2025-10-29 17:04:20.064563,14.0,94.4,0.0,0.0,36,5.8,1.3,0.0,0,0.0
W7637,2025-03-28 17:04:20.064563,21.4,68.9,0.0,0.0,38,3.7,45.4,0.0,0,0.0
W7638,2024-04-21 17:04:20.064563,39.4,44.8,0.0,0.0,42,4.5,85.9,8.799999999999997,0,0.0
W7639,2024-04-25 17:04:20.064563,6.7,83.4,0.0,0.0,66,5.8,9.7,0.0,0,0.0
W7640,2025-10-20 17:04:20.064563,4.3,100.0,0.0,0.0,63,5.9,36.5,0.0,0,0.0
W7641,2025-07-25 17:04:20.064563,25.9,67.7,0.0,0.0,46,4.9,37.8,0.0,0,0.0
W7642,2026-03-09 17:04:20.064563,20.6,83.8,0.0,0.0,54,5.4,36.2,0.0,0,0.0
W7643,2025-03-30 17:04:20.064563,25.1,86.6,2.7,2.7,38,4.2,72.7,0.0,0,0.0
W7644,2024-07-11 17:04:20.064563,34.5,60.5,0.0,0.0,62,7.2,0.4,0.0,0,0.0
W7645,2025-11-02 17:04:20.064563,19.5,79.7,0.0,0.0,47,3.9,78.0,0.0,0,0.0
W7646,2025-07-24 17:04:20.064563,6.3,100.0,0.0,0.0,29,4.7,83.9,0.0,0,0.0
W7647,2026-02-23 17:04:20.064563,45.0,43.1,0.0,0.0,25,7.0,43.1,20.0,1,376.04
W7648,2024-06-07 17:04:20.064563,15.0,99.9,0.0,0.0,64,3.9,88.7,0.0,0,0.0
W7649,2024-08-10 17:04:20.064563,14.4,91.5,0.3,0.3,37,6.5,38.1,0.0,0,0.0
W7650,2025-09-08 17:04:20.064563,36.0,50.5,0.0,0.0,80,4.1,69.5,2.0,0,0.0
W7651,2024-12-29 17:04:20.064563,21.2,88.7,0.0,0.0,20,4.7,38.9,0.0,0,0.0
W7652,2025-07-07 17:04:20.064563,24.4,85.8,0.0,0.0,68,8.1,3.8,0.1999999999999993,0,0.0
W7653,2025-08-29 17:04:20.064563,29.8,51.9,0.0,0.0,35,8.4,8.3,0.8000000000000007,0,0.0
W7654,2024-06-06 17:04:20.064563,35.8,71.6,8.8,8.8,34,4.2,44.2,2.0639999999999925,0,0.0
W7655,2025-09-04 17:04:20.064563,21.7,81.1,0.0,0.0,18,3.9,99.0,0.0,0,0.0
W7656,2025-12-02 17:04:20.064563,40.2,52.5,2.4,2.4,15,7.6,17.8,10.400000000000006,0,0.0
W7657,2024-06-16 17:04:20.064563,3.6,100.0,0.0,0.0,75,4.7,89.6,0.0,0,0.0
W7658,2024-11-24 17:04:20.064563,32.6,55.4,0.0,0.0,37,3.7,91.9,0.0,0,0.0
W7659,2025-07-14 17:04:20.064563,16.6,94.6,0.0,0.0,66,6.4,41.0,0.0,0,0.0
W7660,2025-12-23 17:04:20.064563,38.7,48.1,0.0,0.0,34,7.1,46.2,7.400000000000006,0,0.0
W7661,2026-01-26 17:04:20.064563,26.4,55.6,0.0,0.0,67,5.1,50.3,0.0,0,0.0
W7662,2026-01-31 17:04:20.064563,18.3,72.6,0.4,0.4,39,6.5,77.0,0.0,0,0.0
W7663,2024-06-05 17:04:20.064563,31.6,68.2,0.0,0.0,24,6.1,12.4,0.0,1,50.9
W7664,2026-02-16 17:04:20.064563,33.9,49.6,0.0,0.0,62,7.6,32.9,0.0,0,0.0
W7665,2025-12-26 17:04:20.064563,31.4,79.0,4.7,4.7,59,7.4,17.1,0.6299999999999993,0,0.0
W7666,2025-09-21 17:04:20.064563,14.7,99.8,0.0,0.0,63,4.0,87.8,0.0,0,0.0
W7667,2025-11-01 17:04:20.064563,20.2,93.1,3.4,3.4,41,5.9,7.1,0.0,0,0.0
W7668,2025-01-31 17:04:20.064563,25.0,73.8,0.0,0.0,16,6.2,74.8,0.0,0,0.0
W7669,2025-12-05 17:04:20.064563,24.6,75.7,0.0,0.0,30,5.3,44.0,0.0,0,0.0
W7670,2024-05-11 17:04:20.064563,32.5,49.3,0.0,0.0,38,5.1,71.5,0.0,0,0.0
W7671,2025-03-04 17:04:20.064563,4.9,100.0,0.0,0.0,47,4.9,89.0,0.0,0,0.0
W7672,2025-09-16 17:04:20.064563,28.3,71.3,0.0,0.0,76,9.0,34.0,2.0,0,0.0
W7673,2024-03-29 17:04:20.064563,22.1,82.5,14.9,14.9,21,6.7,22.7,3.725,0,0.0
W7674,2025-07-11 17:04:20.064563,16.6,100.0,0.0,0.0,15,5.4,65.0,0.0,0,0.0
W7675,2025-06-25 17:04:20.064563,17.6,77.6,2.0,2.0,15,4.4,99.8,0.0,0,0.0
W7676,2025-08-24 17:04:20.064563,22.9,74.5,0.0,0.0,41,5.1,73.0,0.0,0,0.0
W7677,2025-07-11 17:04:20.064563,-5.0,100.0,4.2,5.1,37,4.0,79.6,15.0,1,82.4
W7678,2025-10-26 17:04:20.064563,18.0,73.7,4.1,4.1,55,6.8,63.0,0.0,1,45.99
W7679,2025-02-20 17:04:20.064563,16.2,83.8,0.0,0.0,28,5.9,36.8,0.0,0,0.0
W7680,2025-05-23 17:04:20.064563,30.3,69.4,0.0,0.0,30,5.7,65.5,0.0,0,0.0
W7681,2025-03-14 17:04:20.064563,16.9,81.3,0.0,0.0,67,7.0,12.9,0.0,0,0.0
W7682,2025-01-13 17:04:20.064563,22.8,88.8,4.8,4.8,75,5.2,48.9,0.0,0,0.0
W7683,2025-01-08 17:04:20.064563,40.4,34.3,10.2,10.2,15,6.5,57.3,13.349999999999998,1,168.52
W7684,2024-09-05 17:04:20.064563,34.9,68.8,1.6,1.6,41,4.4,90.7,0.0,0,0.0
W7685,2024-04-23 17:04:20.064563,34.0,65.6,0.0,0.0,82,1.9,92.0,0.0,0,0.0
W7686,2026-02-27 17:04:20.064563,20.0,74.3,0.0,0.0,79,7.6,6.0,0.0,0,0.0
W7687,2025-11-19 17:04:20.064563,30.4,55.1,0.0,0.0,42,4.5,63.2,0.0,0,0.0
W7688,2025-01-23 17:04:20.064563,22.7,55.2,0.0,0.0,84,2.9,79.6,0.0,0,0.0
W7689,2025-10-16 17:04:20.064563,23.0,67.5,0.0,0.0,62,6.3,53.6,0.0,0,0.0
W7690,2024-12-09 17:04:20.064563,29.1,76.8,0.0,0.0,75,6.2,9.6,0.0,0,0.0
W7691,2024-05-19 17:04:20.064563,19.0,80.9,0.1,0.1,48,6.6,23.3,0.0,0,0.0
W7692,2025-12-22 17:04:20.064563,39.9,61.7,0.0,0.0,69,6.9,31.4,9.799999999999997,0,0.0
W7693,2025-07-15 17:04:20.064563,23.4,68.7,0.0,0.0,40,4.5,66.3,0.0,0,0.0
W7694,2025-10-31 17:04:20.064563,31.2,70.3,7.0,7.0,39,7.0,6.6,0.017999999999999818,0,0.0
W7695,2024-09-07 17:04:20.064563,39.6,43.5,0.0,0.0,58,4.4,55.0,9.200000000000003,0,0.0
W7696,2025-10-25 17:04:20.064563,35.3,47.4,0.0,0.0,68,7.6,10.9,0.5999999999999943,0,0.0
W7697,2024-05-09 17:04:20.064563,10.9,92.6,6.9,6.9,100,5.3,39.5,0.0,0,0.0
W7698,2026-01-19 17:04:20.064563,29.4,59.2,0.0,0.0,117,5.8,42.6,0.0,0,0.0
W7699,2025-01-10 17:04:20.064563,33.5,44.3,0.0,0.0,58,6.7,45.2,0.0,0,0.0
W7700,2025-12-17 17:04:20.064563,33.9,57.3,1.6,1.6,93,2.4,71.1,0.0,0,0.0
W7701,2024-04-14 17:04:20.064563,13.9,90.3,4.4,4.4,36,5.6,8.1,0.0,0,0.0
W7702,2025-01-05 17:04:20.064563,18.4,95.0,13.6,13.6,48,5.4,26.8,3.4,0,0.0
W7703,2025-07-27 17:04:20.064563,34.9,66.9,0.3,0.3,53,4.4,64.1,0.0,0,0.0
W7704,2024-06-10 17:04:20.064563,17.4,96.1,1.6,1.6,56,3.9,94.4,0.0,0,0.0
W7705,2024-07-25 17:04:20.064563,22.0,84.2,0.0,0.0,122,5.5,62.1,0.0,0,0.0
W7706,2025-08-17 17:04:20.064563,40.8,52.2,0.0,0.0,61,2.7,88.3,11.599999999999994,1,101.35
W7707,2024-06-04 17:04:20.064563,24.5,60.9,0.0,0.0,56,2.9,96.8,0.0,0,0.0
W7708,2024-12-27 17:04:20.064563,17.7,84.9,1.2,1.2,47,4.4,88.4,0.0,0,0.0
W7709,2024-12-01 17:04:20.064563,16.2,91.6,1.2,1.2,52,3.3,97.2,0.0,1,25.27
W7710,2024-07-31 17:04:20.064563,28.3,82.1,13.2,13.2,16,1.8,77.7,3.3,0,0.0
W7711,2025-12-08 17:04:20.064563,11.7,99.4,0.0,0.0,75,1.3,88.7,0.0,0,0.0
W7712,2024-12-30 17:04:20.064563,22.5,88.6,0.0,0.0,75,3.7,49.1,0.0,0,0.0
W7713,2024-12-24 17:04:20.064563,28.3,57.2,0.0,0.0,78,5.0,34.5,0.0,0,0.0
W7714,2024-12-06 17:04:20.064563,38.0,49.7,0.0,0.0,72,3.2,100.0,6.0,0,0.0
W7715,2024-04-01 17:04:20.064563,31.7,66.8,0.0,0.0,61,4.1,9.8,0.0,0,0.0
W7716,2024-07-10 17:04:20.064563,17.9,94.8,0.0,0.0,59,3.3,95.8,0.0,0,0.0
W7717,2025-11-26 17:04:20.064563,36.8,53.4,2.2,2.2,72,4.2,43.1,3.5999999999999943,0,0.0
W7718,2024-09-12 17:04:20.064563,22.0,76.2,2.8,2.8,67,3.8,2.2,0.0,0,0.0
W7719,2025-11-13 17:04:20.064563,12.6,97.9,2.8,2.8,55,2.3,80.3,0.0,0,0.0
W7720,2024-08-19 17:04:20.064563,23.3,63.8,13.8,13.8,41,1.7,44.4,3.45,0,0.0
W7721,2026-01-21 17:04:20.064563,39.4,67.0,0.0,0.0,105,1.5,79.9,8.799999999999997,0,0.0
W7722,2025-06-18 17:04:20.064563,26.7,61.2,1.1,1.1,112,2.5,4.5,0.0,0,0.0
W7723,2025-03-31 17:04:20.064563,25.1,53.1,0.0,0.0,70,0.7,97.4,0.0,0,0.0
W7724,2024-09-13 17:04:20.064563,41.4,48.0,0.0,0.0,60,4.5,67.1,12.799999999999997,1,113.6
W7725,2024-12-10 17:04:20.064563,10.7,100.0,12.5,12.5,49,3.6,4.8,3.125,0,0.0
W7726,2026-03-05 17:04:20.064563,12.1,97.6,4.1,4.1,90,2.2,0.5,0.0,0,0.0
W7727,2024-11-14 17:04:20.064563,8.8,100.0,0.2,0.2,75,3.1,59.4,0.0,0,0.0
W7728,2025-07-27 17:04:20.064563,28.7,67.3,0.0,0.0,83,2.2,97.6,0.0,0,0.0
W7729,2024-09-19 17:04:20.064563,26.7,68.5,0.0,0.0,63,2.9,52.4,0.0,0,0.0
W7730,2025-09-09 17:04:20.064563,40.4,33.9,0.0,0.0,53,2.0,35.4,10.799999999999997,0,0.0
W7731,2024-04-20 17:04:20.064563,27.4,46.3,0.0,0.0,92,2.4,93.9,0.0,0,0.0
W7732,2025-03-04 17:04:20.064563,21.0,80.5,1.6,1.6,78,0.5,98.4,0.0,0,0.0
W7733,2024-06-12 17:04:20.064563,25.0,85.6,0.0,0.0,90,2.7,78.4,0.0,0,0.0
W7734,2024-08-13 17:04:20.064563,26.2,74.2,4.3,4.3,35,2.8,71.8,0.0,0,0.0
W7735,2025-11-17 17:04:20.064563,8.3,100.0,0.0,0.0,114,2.8,0.2,0.0,0,0.0
W7736,2024-08-22 17:04:20.064563,45.0,58.3,0.0,0.0,83,0.8,31.4,20.0,1,409.0
W7737,2025-08-07 17:04:20.064563,30.2,68.0,9.4,9.4,23,2.2,92.5,0.0,0,0.0
W7738,2025-05-14 17:04:20.064563,27.1,68.1,0.0,0.0,98,1.4,36.8,0.0,0,0.0
W7739,2025-04-14 17:04:20.064563,31.2,55.1,0.0,0.0,71,2.2,33.5,0.0,1,28.83
W7740,2024-11-16 17:04:20.064563,32.1,82.1,8.7,8.7,62,2.3,53.7,1.2705000000000002,0,0.0
W7741,2026-01-23 17:04:20.064563,23.6,79.9,0.1,0.1,69,0.8,44.8,0.0,0,0.0
W7742,2025-06-11 17:04:20.064563,18.7,72.5,15.1,15.1,46,3.3,85.9,3.775,0,0.0
W7743,2025-12-30 17:04:20.064563,31.0,51.8,0.0,0.0,78,1.7,8.2,0.0,0,0.0
W7744,2024-09-05 17:04:20.064563,28.9,79.2,15.2,15.2,15,0.5,65.9,3.8,0,0.0
W7745,2024-10-19 17:04:20.064563,16.9,74.3,0.0,0.0,96,2.0,69.7,0.0,0,0.0
W7746,2025-10-30 17:04:20.064563,39.2,69.8,0.0,0.0,81,2.3,88.0,8.400000000000006,0,0.0
W7747,2025-03-06 17:04:20.064563,27.9,40.5,0.0,0.0,88,0.0,41.6,0.0,0,0.0
W7748,2024-05-12 17:04:20.064563,32.3,75.8,2.2,2.2,91,0.0,29.5,0.6669999999999988,0,0.0
W7749,2026-01-04 17:04:20.064563,38.9,56.5,0.0,0.0,82,0.0,62.7,7.799999999999997,0,0.0
W7750,2024-12-13 17:04:20.064563,25.2,73.4,2.9,2.9,80,2.7,72.5,0.0,0,0.0
W7751,2024-07-14 17:04:20.064563,28.2,66.0,0.0,0.0,50,0.2,17.1,0.0,0,0.0
W7752,2024-05-10 17:04:20.064563,33.1,79.3,0.0,0.0,63,2.1,15.8,1.4415000000000002,0,0.0
W7753,2024-09-05 17:04:20.064563,17.8,90.4,0.0,0.0,81,0.6,26.4,0.0,0,0.0
W7754,2025-07-06 17:04:20.064563,25.5,62.7,0.0,0.0,83,0.0,24.8,0.0,0,0.0
W7755,2025-04-30 17:04:20.064563,26.3,53.4,0.0,0.0,88,1.0,75.1,0.0,0,0.0
W7756,2025-07-18 17:04:20.064563,15.4,88.6,9.5,9.5,89,0.3,53.1,0.0,0,0.0
W7757,2025-01-20 17:04:20.064563,45.0,42.5,0.0,0.0,78,0.0,54.8,20.0,1,494.48
W7758,2025-07-18 17:04:20.064563,10.9,78.4,8.3,8.3,70,0.0,1.5,0.0,0,0.0
W7759,2025-09-14 17:04:20.064563,12.0,91.4,1.0,1.0,79,0.0,99.4,0.0,0,0.0
W7760,2024-11-12 17:04:20.064563,38.1,47.0,0.0,0.0,74,0.0,83.0,6.200000000000003,0,0.0
W7761,2025-04-10 17:04:20.064563,32.1,61.9,0.0,0.0,75,0.7,44.4,0.0,0,0.0
W7762,2026-02-15 17:04:20.064563,14.7,95.1,12.0,12.0,40,0.0,6.7,3.0,0,0.0
W7763,2026-03-10 17:04:20.064563,31.1,78.3,0.0,0.0,77,0.1,69.4,0.4565000000000004,0,0.0
W7764,2025-04-21 17:04:20.064563,39.7,59.6,0.0,0.0,75,0.3,53.5,9.400000000000006,0,0.0
W7765,2025-07-16 17:04:20.064563,24.7,65.7,0.0,0.0,76,0.0,67.8,0.0,0,0.0
W7766,2024-12-11 17:04:20.064563,45.0,46.2,0.0,0.0,44,0.0,67.8,20.0,1,233.22
W7767,2024-08-13 17:04:20.064563,7.8,99.0,1.3,1.3,74,0.7,15.5,0.0,0,0.0
W7768,2025-09-12 17:04:20.064563,31.9,48.8,0.0,0.0,61,0.0,32.9,0.0,0,0.0
W7769,2025-06-06 17:04:20.064563,36.7,59.0,0.0,0.0,78,0.0,1.8,3.4000000000000057,0,0.0
W7770,2024-03-30 17:04:20.064563,33.9,77.7,0.0,0.0,57,0.0,98.2,1.5015,0,0.0
W7771,2025-01-07 17:04:20.064563,23.0,75.9,2.4,2.4,75,0.0,80.6,0.0,0,0.0
W7772,2025-06-20 17:04:20.064563,22.1,60.9,1.6,1.6,69,0.1,92.9,0.0,0,0.0
W7773,2025-04-13 17:04:20.064563,29.4,66.1,0.0,0.0,66,0.7,4.4,0.0,0,0.0
W7774,2026-02-10 17:04:20.064563,33.2,48.1,0.0,0.0,84,0.0,50.0,0.0,0,0.0
W7775,2025-02-04 17:04:20.064563,31.0,72.1,0.0,0.0,85,0.0,74.7,0.10499999999999972,0,0.0
W7776,2025-09-11 17:04:20.064563,35.4,62.1,12.5,12.5,52,1.1,10.4,3.924999999999997,0,0.0
W7777,2026-02-15 17:04:20.064563,14.8,86.1,0.5,0.5,88,0.0,77.7,0.0,0,0.0
W7778,2024-04-29 17:04:20.064563,22.7,72.6,8.7,8.7,52,0.0,64.8,0.0,0,0.0
W7779,2024-06-25 17:04:20.064563,15.6,84.5,0.0,0.0,85,0.0,98.5,0.0,0,0.0
W7780,2025-09-13 17:04:20.064563,21.1,78.4,0.0,0.0,76,0.0,14.1,0.0,0,0.0
W7781,2025-12-30 17:04:20.064563,35.2,49.5,0.0,0.0,57,1.4,62.9,0.4000000000000057,0,0.0
W7782,2025-03-15 17:04:20.064563,26.1,57.0,0.0,0.0,61,0.0,94.7,0.0,0,0.0
W7783,2025-06-03 17:04:20.064563,45.0,53.9,0.0,0.0,100,0.0,74.4,20.0,1,382.28
W7784,2025-12-03 17:04:20.064563,26.9,65.7,0.0,0.0,108,0.0,33.6,0.0,0,0.0
W7785,2026-01-14 17:04:20.064563,25.6,73.3,0.0,0.0,90,0.3,11.9,0.0,0,0.0
W7786,2024-12-22 17:04:20.064563,26.1,73.8,0.0,0.0,64,0.0,96.4,0.0,0,0.0
W7787,2025-02-24 17:04:20.064563,18.6,85.3,0.0,0.0,104,0.0,7.2,0.0,0,0.0
W7788,2024-12-19 17:04:20.064563,24.4,61.6,0.0,0.0,87,0.0,97.5,0.0,0,0.0
W7789,2024-12-16 17:04:20.064563,36.3,38.8,0.0,0.0,82,0.0,30.4,2.5999999999999943,0,0.0
W7790,2024-06-26 17:04:20.064563,26.1,64.9,0.0,0.0,111,0.0,86.0,0.0,0,0.0
W7791,2024-12-04 17:04:20.064563,17.1,88.4,6.2,6.2,45,2.2,55.4,0.0,0,0.0
W7792,2026-01-17 17:04:20.064563,15.7,79.1,3.8,3.8,82,2.0,91.3,0.0,0,0.0
W7793,2025-11-06 17:04:20.064563,20.5,75.7,0.0,0.0,57,1.2,42.7,0.0,0,0.0
W7794,2025-04-22 17:04:20.064563,25.7,92.7,0.0,0.0,61,0.4,85.0,0.0,0,0.0
W7795,2025-07-03 17:04:20.064563,36.9,36.1,2.8,2.8,120,0.4,23.8,3.799999999999997,0,0.0
W7796,2026-02-07 17:04:20.064563,11.6,85.1,0.0,0.0,83,1.3,46.7,0.0,0,0.0
W7797,2024-11-20 17:04:20.064563,21.8,96.3,0.0,0.0,109,0.1,84.6,0.0,0,0.0
W7798,2026-02-04 17:04:20.064563,26.4,69.9,0.0,0.0,83,0.0,11.8,0.0,0,0.0
W7799,2025-11-10 17:04:20.064563,6.7,92.9,29.7,29.7,20,2.1,72.9,14.85,1,72.97
W7800,2024-10-03 17:04:20.064563,16.7,96.7,0.0,0.0,59,0.6,43.7,0.0,0,0.0
W7801,2025-09-01 17:04:20.064563,18.2,83.3,0.8,0.8,89,1.5,51.3,0.0,0,0.0
W7802,2025-02-26 17:04:20.064563,17.0,81.0,0.0,0.0,71,1.8,57.9,0.0,0,0.0
W7803,2026-02-09 17:04:20.064563,26.9,71.5,0.7,0.7,71,0.0,27.6,0.0,0,0.0
W7804,2026-02-22 17:04:20.064563,23.4,68.3,0.0,0.0,65,0.0,9.6,0.0,0,0.0
W7805,2024-09-18 17:04:20.064563,19.4,70.7,7.5,7.5,53,0.0,1.9,0.0,0,0.0
W7806,2025-02-01 17:04:20.064563,29.3,64.9,0.8,0.8,68,0.5,43.1,0.0,0,0.0
W7807,2025-09-29 17:04:20.064563,42.2,36.5,0.0,0.0,71,0.9,26.9,14.400000000000006,1,159.42
W7808,2024-03-28 17:04:20.064563,41.4,48.0,4.2,4.2,59,0.0,63.3,12.799999999999997,1,138.17
W7809,2026-02-04 17:04:20.064563,5.8,100.0,6.9,6.9,23,1.3,71.6,0.0,0,0.0
W7810,2024-03-26 17:04:20.064563,30.8,72.4,0.2,0.2,78,0.6,50.4,0.09600000000000031,0,0.0
W7811,2024-05-26 17:04:20.064563,23.2,86.4,0.0,0.0,65,0.6,61.9,0.0,0,0.0
W7812,2024-03-30 17:04:20.064563,26.6,66.1,0.0,0.0,15,0.0,56.1,0.0,0,0.0
W7813,2025-05-13 17:04:20.064563,21.0,83.5,0.0,0.0,35,0.3,0.5,0.0,0,0.0
W7814,2024-06-26 17:04:20.064563,26.2,75.7,10.4,10.4,36,0.3,84.2,2.6,0,0.0
W7815,2025-09-06 17:04:20.064563,26.5,73.5,0.0,0.0,91,1.0,6.0,0.0,0,0.0
W7816,2024-07-02 17:04:20.064563,19.2,76.4,1.1,1.1,75,0.0,41.0,0.0,0,0.0
W7817,2026-02-17 17:04:20.064563,16.0,75.7,0.0,0.0,51,0.7,11.1,0.0,0,0.0
W7818,2025-06-17 17:04:20.064563,20.5,84.3,10.7,10.7,39,0.0,66.2,2.675,1,27.31
W7819,2025-03-12 17:04:20.064563,27.3,51.9,0.0,0.0,86,0.0,32.6,0.0,0,0.0
W7820,2024-10-28 17:04:20.064563,31.0,60.8,0.0,0.0,51,0.6,7.1,0.0,0,0.0
W7821,2025-01-02 17:04:20.064563,33.5,34.2,0.0,0.0,41,0.0,4.5,0.0,0,0.0
W7822,2024-11-30 17:04:20.064563,20.1,66.5,2.7,2.7,74,0.0,23.7,0.0,0,0.0
W7823,2024-10-01 17:04:20.064563,27.8,59.5,2.9,2.9,78,0.0,66.7,0.0,0,0.0
W7824,2024-04-21 17:04:20.064563,34.6,69.0,0.0,0.0,49,0.6,71.8,0.0,0,0.0
W7825,2024-04-11 17:04:20.064563,36.7,61.9,0.0,0.0,71,0.0,12.8,3.4000000000000057,0,0.0
W7826,2025-12-12 17:04:20.064563,24.4,67.8,0.0,0.0,60,0.0,13.9,0.0,0,0.0
W7827,2024-06-20 17:04:20.064563,22.8,83.1,2.6,2.6,43,1.1,59.3,0.0,0,0.0
W7828,2024-05-15 17:04:20.064563,26.9,78.5,0.0,0.0,83,0.4,95.7,0.0,0,0.0
W7829,2025-11-16 17:04:20.064563,13.5,88.1,0.0,0.0,46,0.5,55.3,0.0,0,0.0
W7830,2026-01-19 17:04:20.064563,23.1,61.6,0.8,0.8,72,1.1,71.2,0.0,0,0.0
W7831,2024-10-26 17:04:20.064563,32.4,59.3,3.6,3.6,52,1.2,57.5,0.0,0,0.0
W7832,2025-11-21 17:04:20.064563,31.4,61.9,0.0,0.0,54,0.0,10.5,0.0,0,0.0
W7833,2025-12-31 17:04:20.064563,22.3,64.2,0.0,0.0,46,0.7,94.6,0.0,1,27.84
W7834,2024-07-20 17:04:20.064563,27.2,72.9,0.0,0.0,37,0.4,7.2,0.0,0,0.0
W7835,2026-03-13 17:04:20.064563,16.8,87.7,0.0,0.0,51,1.3,76.0,0.0,0,0.0
W7836,2024-07-18 17:04:20.064563,32.0,66.4,17.3,17.3,15,0.0,97.9,4.325,0,0.0
W7837,2024-06-14 17:04:20.064563,24.2,76.5,0.0,0.0,57,0.0,31.9,0.0,0,0.0
W7838,2025-11-27 17:04:20.064563,22.2,83.9,0.0,0.0,30,0.0,17.2,0.0,0,0.0
W7839,2024-07-29 17:04:20.064563,21.4,76.1,0.0,0.0,51,1.4,56.6,0.0,0,0.0
W7840,2025-04-06 17:04:20.064563,24.4,75.5,0.0,0.0,61,0.0,79.5,0.0,0,0.0
W7841,2026-01-19 17:04:20.064563,20.5,75.2,0.0,0.0,39,0.0,94.9,0.0,0,0.0
W7842,2026-01-10 17:04:20.064563,31.6,56.8,0.0,0.0,67,0.0,69.4,0.0,0,0.0
W7843,2025-10-18 17:04:20.064563,21.0,91.8,0.6,0.6,68,0.8,33.6,0.0,0,0.0
W7844,2024-09-23 17:04:20.064563,40.9,28.2,0.0,0.0,27,0.7,49.4,11.799999999999997,1,83.83
W7845,2024-07-09 17:04:20.064563,39.7,59.3,0.0,0.0,36,0.0,76.1,9.400000000000006,0,0.0
W7846,2026-02-28 17:04:20.064563,16.1,79.7,3.2,3.2,17,0.0,78.8,0.0,0,0.0
W7847,2024-09-22 17:04:20.064563,25.7,64.0,0.0,0.0,58,0.8,7.4,0.0,0,0.0
W7848,2024-12-02 17:04:20.064563,18.5,84.9,1.9,1.9,48,0.5,61.4,0.0,1,47.74
W7849,2025-01-13 17:04:20.064563,21.7,62.5,2.1,2.1,15,0.0,96.7,0.0,0,0.0
W7850,2025-07-09 17:04:20.064563,45.0,34.3,0.0,0.0,35,0.7,78.5,20.0,1,227.57
W7851,2026-01-23 17:04:20.064563,21.9,68.6,0.0,0.0,54,0.6,0.7,0.0,0,0.0
W7852,2024-06-03 17:04:20.064563,28.6,64.9,0.0,0.0,49,1.2,22.5,0.0,0,0.0
W7853,2026-01-01 17:04:20.064563,30.4,56.3,0.0,0.0,71,0.8,44.5,0.0,0,0.0
W7854,2025-06-25 17:04:20.064563,15.0,100.0,6.9,6.9,15,0.0,70.6,0.0,0,0.0
W7855,2024-12-26 17:04:20.064563,16.4,100.0,0.0,0.0,45,0.0,55.5,0.0,0,0.0
W7856,2025-05-29 17:04:20.064563,12.9,70.4,10.5,10.5,15,2.0,7.7,2.625,0,0.0
W7857,2026-02-24 17:04:20.064563,16.1,91.2,0.0,0.0,47,0.0,73.8,0.0,0,0.0
W7858,2026-01-30 17:04:20.064563,-3.5,100.0,0.4,1.3,40,0.0,83.9,10.5,1,182.33
W7859,2025-02-12 17:04:20.064563,30.4,69.8,0.0,0.0,49,0.0,20.6,0.0,0,0.0
W7860,2024-12-06 17:04:20.064563,45.0,35.9,0.0,0.0,35,0.0,6.7,20.0,1,532.64
W7861,2024-08-30 17:04:20.064563,26.5,67.8,0.0,0.0,58,1.2,79.1,0.0,0,0.0
W7862,2024-06-01 17:04:20.064563,10.8,86.3,10.7,10.7,15,1.8,64.0,2.675,0,0.0
W7863,2024-12-26 17:04:20.064563,18.6,77.9,10.6,10.6,15,0.2,80.4,2.65,0,0.0
W7864,2024-05-20 17:04:20.064563,20.4,67.3,0.0,0.0,46,0.0,56.7,0.0,0,0.0
W7865,2025-04-13 17:04:20.064563,14.8,86.6,0.0,0.0,78,1.2,42.9,0.0,0,0.0
W7866,2025-04-19 17:04:20.064563,33.6,44.6,0.0,0.0,15,0.5,96.3,0.0,0,0.0
W7867,2025-02-21 17:04:20.064563,33.1,58.3,7.3,7.3,15,1.2,78.0,0.0,0,0.0
W7868,2024-05-18 17:04:20.064563,13.4,77.3,13.3,13.3,17,0.6,41.2,3.325,0,0.0
W7869,2024-12-07 17:04:20.064563,32.3,63.7,0.4,0.4,60,0.0,90.8,0.0,0,0.0
W7870,2024-12-14 17:04:20.064563,40.3,42.8,0.0,0.0,44,0.7,99.3,10.599999999999994,0,0.0
W7871,2024-09-16 17:04:20.064563,44.0,46.9,0.0,0.0,26,0.0,30.8,18.0,1,84.65
W7872,2025-06-12 17:04:20.064563,45.0,53.3,0.0,0.0,46,0.0,89.2,20.0,1,274.4
W7873,2024-05-28 17:04:20.064563,16.0,100.0,0.0,0.0,47,1.0,4.5,0.0,0,0.0
W7874,2025-08-03 17:04:20.064563,45.0,20.0,0.0,0.0,23,1.0,21.4,20.0,1,153.51
W7875,2024-10-09 17:04:20.064563,21.5,69.5,2.1,2.1,48,0.0,16.1,0.0,0,0.0
W7876,2025-12-02 17:04:20.064563,19.1,78.4,17.8,17.8,15,0.0,35.7,4.45,0,0.0
W7877,2025-04-24 17:04:20.064563,28.3,72.2,18.9,18.9,15,0.0,56.3,4.725,0,0.0
W7878,2024-09-16 17:04:20.064563,19.2,64.7,2.0,2.0,28,2.0,72.0,0.0,0,0.0
W7879,2026-01-07 17:04:20.064563,29.0,56.7,0.0,0.0,23,0.6,90.3,0.0,0,0.0
W7880,2025-08-03 17:04:20.064563,11.8,93.6,1.8,1.8,56,2.4,15.9,0.0,0,0.0
W7881,2024-07-07 17:04:20.064563,22.6,76.9,0.0,0.0,15,0.0,57.8,0.0,0,0.0
W7882,2024-08-12 17:04:20.064563,37.9,57.0,0.0,0.0,23,0.9,55.5,5.799999999999997,0,0.0
W7883,2025-09-22 17:04:20.064563,24.4,77.8,8.8,8.8,20,0.0,45.8,0.0,0,0.0
W7884,2025-06-02 17:04:20.064563,26.4,73.8,0.0,0.0,80,0.0,69.5,0.0,0,0.0
W7885,2024-10-27 17:04:20.064563,29.8,67.3,0.0,0.0,71,0.0,51.3,0.0,0,0.0
W7886,2025-12-06 17:04:20.064563,36.7,55.5,13.6,13.6,15,0.4,55.0,6.800000000000006,0,0.0
W7887,2026-01-05 17:04:20.064563,8.4,100.0,0.0,0.0,38,1.3,90.3,0.0,0,0.0
W7888,2024-07-04 17:04:20.064563,30.8,41.3,24.0,24.0,15,0.0,86.0,12.0,1,143.63
W7889,2025-06-13 17:04:20.064563,22.3,92.0,0.0,0.0,15,1.4,57.7,0.0,0,0.0
W7890,2024-12-08 17:04:20.064563,26.7,48.0,0.0,0.0,30,1.8,15.6,0.0,0,0.0
W7891,2024-07-01 17:04:20.064563,35.6,45.8,0.0,0.0,56,0.9,95.9,1.2000000000000028,1,38.92
W7892,2024-04-22 17:04:20.064563,13.1,88.1,0.0,0.0,32,0.3,62.3,0.0,0,0.0
W7893,2024-05-31 17:04:20.064563,14.9,94.4,0.0,0.0,67,0.0,80.7,0.0,0,0.0
W7894,2024-05-29 17:04:20.064563,5.6,71.6,0.4,0.4,18,1.3,5.5,0.0,0,0.0
W7895,2025-10-24 17:04:20.064563,19.5,80.5,4.3,4.3,17,0.0,89.7,0.0,0,0.0
W7896,2024-11-29 17:04:20.064563,38.3,60.5,0.0,0.0,26,0.6,69.3,6.599999999999994,0,0.0
W7897,2025-06-17 17:04:20.064563,23.8,84.3,3.3,3.3,15,0.0,68.5,0.0,0,0.0
W7898,2024-04-06 17:04:20.064563,11.6,85.6,0.0,0.0,49,0.0,11.0,0.0,0,0.0
W7899,2025-08-09 17:04:20.064563,20.1,76.8,0.0,0.0,20,0.0,71.3,0.0,0,0.0
W7900,2024-08-17 17:04:20.064563,10.1,88.7,0.0,0.0,31,0.7,7.7,0.0,0,0.0
W7901,2026-01-15 17:04:20.064563,13.7,85.5,0.0,0.0,15,1.0,5.6,0.0,0,0.0
W7902,2026-01-02 17:04:20.064563,28.9,56.3,0.0,0.0,60,0.0,32.5,0.0,0,0.0
W7903,2024-03-18 17:04:20.064563,13.3,81.2,0.0,0.0,50,0.0,2.3,0.0,0,0.0
W7904,2024-04-25 17:04:20.064563,36.1,60.2,0.0,0.0,26,0.0,16.0,2.200000000000003,0,0.0
W7905,2026-01-27 17:04:20.064563,24.3,74.9,1.5,1.5,15,0.7,72.6,0.0,1,31.7
W7906,2025-04-21 17:04:20.064563,25.9,76.1,0.0,0.0,39,0.7,83.5,0.0,0,0.0
W7907,2024-12-15 17:04:20.064563,22.2,78.8,0.0,0.0,46,0.2,18.0,0.0,0,0.0
W7908,2024-08-20 17:04:20.064563,32.7,68.0,0.0,0.0,15,0.3,82.3,0.0,0,0.0
W7909,2026-03-04 17:04:20.064563,32.8,69.5,0.0,0.0,20,1.6,48.1,0.0,0,0.0
W7910,2025-02-18 17:04:20.064563,28.4,50.1,4.4,4.4,16,1.0,95.8,0.0,0,0.0
W7911,2025-04-22 17:04:20.064563,30.6,55.5,0.0,0.0,45,0.0,13.9,0.0,0,0.0
W7912,2025-10-27 17:04:20.064563,22.9,73.4,0.0,0.0,20,0.9,5.4,0.0,0,0.0
W7913,2024-03-21 17:04:20.064563,30.4,64.1,8.2,8.2,25,1.4,84.5,0.0,0,0.0
W7914,2025-08-27 17:04:20.064563,21.6,70.9,6.7,6.7,15,0.0,36.2,0.0,0,0.0
W7915,2026-03-12 17:04:20.064563,25.0,81.6,0.2,0.2,15,0.9,45.7,0.0,0,0.0
W7916,2025-08-02 17:04:20.064563,22.3,96.4,0.0,0.0,58,3.0,51.2,0.0,0,0.0
W7917,2025-07-20 17:04:20.064563,20.4,81.2,0.0,0.0,15,0.5,82.5,0.0,0,0.0
W7918,2025-06-07 17:04:20.064563,18.1,83.7,0.0,0.0,15,0.0,7.6,0.0,0,0.0
W7919,2025-05-05 17:04:20.064563,29.7,74.0,0.0,0.0,37,0.0,55.1,0.0,0,0.0
W7920,2024-05-28 17:04:20.064563,38.1,34.2,0.0,0.0,15,0.1,43.1,6.200000000000003,0,0.0
W7921,2025-09-22 17:04:20.064563,36.7,55.2,0.0,0.0,15,0.0,34.0,3.4000000000000057,0,0.0
W7922,2024-11-04 17:04:20.064563,12.4,100.0,8.6,8.6,15,0.0,34.8,0.0,0,0.0
W7923,2024-03-21 17:04:20.064563,37.9,46.7,1.0,1.0,15,0.3,93.0,5.799999999999997,1,75.94
W7924,2025-04-15 17:04:20.064563,21.8,65.0,0.0,0.0,43,0.0,26.8,0.0,0,0.0
W7925,2026-02-21 17:04:20.064563,31.0,61.6,0.0,0.0,24,0.7,45.5,0.0,0,0.0
W7926,2025-07-24 17:04:20.064563,15.9,85.5,3.0,3.0,15,0.0,49.3,0.0,0,0.0
W7927,2024-07-20 17:04:20.064563,26.4,61.3,3.7,3.7,15,0.1,72.0,0.0,0,0.0
W7928,2025-10-19 17:04:20.064563,28.1,88.8,9.7,9.7,15,1.0,51.9,0.0,0,0.0
W7929,2025-09-17 17:04:20.064563,10.2,90.0,0.0,0.0,15,0.0,62.1,0.0,0,0.0
W7930,2025-03-20 17:04:20.064563,31.1,51.8,0.0,0.0,24,0.0,39.9,0.0,0,0.0
W7931,2025-02-22 17:04:20.064563,38.5,51.4,0.0,0.0,25,0.0,71.9,7.0,0,0.0
W7932,2026-02-14 17:04:20.064563,23.3,84.2,0.0,0.0,32,0.0,46.6,0.0,0,0.0
W7933,2025-01-22 17:04:20.064563,38.6,52.3,0.0,0.0,34,0.0,22.3,7.200000000000003,1,57.68
W7934,2025-05-02 17:04:20.064563,23.1,80.2,0.0,0.0,32,0.0,81.7,0.0,0,0.0
W7935,2024-05-13 17:04:20.064563,33.5,51.0,0.0,0.0,50,0.7,76.5,0.0,0,0.0
W7936,2025-12-25 17:04:20.064563,2.8,100.0,0.0,0.0,43,0.5,62.7,0.0,0,0.0
W7937,2026-01-09 17:04:20.064563,45.0,48.1,0.7,0.7,37,0.0,52.2,20.0,1,349.75
W7938,2024-06-18 17:04:20.064563,40.0,60.5,0.0,0.0,24,0.0,20.8,10.0,0,0.0
W7939,2025-03-27 17:04:20.064563,22.2,80.4,0.0,0.0,34,0.0,86.8,0.0,0,0.0
W7940,2025-09-16 17:04:20.064563,5.3,100.0,2.4,2.4,15,0.0,9.7,0.0,0,0.0
W7941,2025-03-01 17:04:20.064563,27.9,59.4,0.0,0.0,15,0.1,38.3,0.0,0,0.0
W7942,2024-06-08 17:04:20.064563,10.6,89.2,9.1,9.1,36,0.6,85.3,0.0,1,27.68
W7943,2025-07-01 17:04:20.064563,29.4,79.3,0.6,0.6,15,1.1,59.6,0.0,0,0.0
W7944,2025-01-08 17:04:20.064563,29.1,81.9,0.0,0.0,15,0.7,43.9,0.0,0,0.0
W7945,2026-01-10 17:04:20.064563,15.6,75.2,0.0,0.0,15,1.2,79.1,0.0,0,0.0
W7946,2024-10-11 17:04:20.064563,36.2,58.2,0.0,0.0,15,0.5,99.0,2.4000000000000057,0,0.0
W7947,2024-09-14 17:04:20.064563,33.1,56.1,0.0,0.0,15,0.0,18.9,0.0,0,0.0
W7948,2025-10-06 17:04:20.064563,34.8,50.9,6.7,6.7,15,1.1,5.1,0.0,0,0.0
W7949,2024-04-27 17:04:20.064563,25.1,75.2,0.3,0.3,25,0.0,46.3,0.0,0,0.0
W7950,2025-04-15 17:04:20.064563,10.8,100.0,0.0,0.0,38,1.4,28.7,0.0,0,0.0
W7951,2026-01-23 17:04:20.064563,34.8,62.3,0.0,0.0,64,0.9,66.7,0.0,0,0.0
W7952,2024-09-29 17:04:20.064563,22.3,73.4,0.0,0.0,15,1.1,49.4,0.0,0,0.0
W7953,2025-01-18 17:04:20.064563,11.1,98.5,5.2,5.2,15,0.6,49.9,0.0,0,0.0
W7954,2026-02-28 17:04:20.064563,38.5,48.6,0.0,0.0,15,1.3,35.5,7.0,0,0.0
W7955,2025-04-21 17:04:20.064563,45.0,46.6,0.0,0.0,15,2.3,21.1,20.0,1,326.59
W7956,2024-07-05 17:04:20.064563,24.6,87.1,0.0,0.0,18,1.2,21.3,0.0,0,0.0
W7957,2025-12-23 17:04:20.064563,45.0,21.7,0.0,0.0,30,1.4,38.7,20.0,1,282.9
W7958,2026-02-21 17:04:20.064563,25.9,79.1,0.0,0.0,31,0.0,68.2,0.0,0,0.0
W7959,2025-03-20 17:04:20.064563,21.2,62.8,4.0,4.0,26,2.6,33.7,0.0,0,0.0
W7960,2025-07-29 17:04:20.064563,18.7,94.2,0.0,0.0,47,1.1,32.6,0.0,0,0.0
W7961,2024-06-12 17:04:20.064563,41.4,41.6,4.2,4.2,47,2.4,42.5,12.799999999999997,0,0.0
W7962,2025-12-25 17:04:20.064563,17.2,72.0,0.0,0.0,17,2.3,99.1,0.0,0,0.0
W7963,2025-06-09 17:04:20.064563,32.4,68.4,0.0,0.0,15,4.4,9.1,0.0,0,0.0
W7964,2024-09-28 17:04:20.064563,19.4,84.5,0.0,0.0,35,2.6,29.5,0.0,0,0.0
W7965,2024-08-08 17:04:20.064563,20.4,69.4,6.9,6.9,27,3.6,29.2,0.0,0,0.0
W7966,2024-04-23 17:04:20.064563,35.3,44.5,0.0,0.0,25,1.8,97.5,0.5999999999999943,0,0.0
W7967,2024-10-01 17:04:20.064563,21.2,76.3,0.0,0.0,19,1.1,40.7,0.0,0,0.0
W7968,2024-04-12 17:04:20.064563,21.0,66.5,3.7,3.7,15,1.3,56.7,0.0,0,0.0
W7969,2025-11-15 17:04:20.064563,36.3,44.9,0.0,0.0,23,4.4,19.8,2.5999999999999943,0,0.0
W7970,2024-11-17 17:04:20.064563,41.0,49.7,0.0,0.0,38,5.2,1.3,12.0,0,0.0
W7971,2025-07-31 17:04:20.064563,31.4,53.2,0.0,0.0,15,1.4,33.9,0.0,0,0.0
W7972,2025-04-20 17:04:20.064563,18.5,86.6,3.8,3.8,15,3.3,63.9,0.0,0,0.0
W7973,2024-05-21 17:04:20.064563,19.9,95.1,0.0,0.0,37,3.2,69.2,0.0,0,0.0
W7974,2025-09-22 17:04:20.064563,25.8,69.8,0.0,0.0,15,2.0,75.4,0.0,0,0.0
W7975,2026-01-05 17:04:20.064563,28.2,69.0,0.0,0.0,28,1.9,86.1,0.0,0,0.0
W7976,2025-01-27 17:04:20.064563,15.1,100.0,7.9,7.9,15,3.5,11.6,0.0,0,0.0
W7977,2025-08-11 17:04:20.064563,32.2,49.8,0.0,0.0,26,2.8,8.3,0.0,0,0.0
W7978,2025-09-15 17:04:20.064563,25.9,83.1,0.0,0.0,15,2.0,78.8,0.0,0,0.0
W7979,2025-06-21 17:04:20.064563,7.8,100.0,11.1,11.1,39,4.7,43.6,2.775,0,0.0
W7980,2024-04-03 17:04:20.064563,15.7,95.0,0.0,0.0,35,2.4,94.7,0.0,0,0.0
W7981,2024-04-24 17:04:20.064563,20.0,93.0,0.0,0.0,17,3.5,94.3,0.0,0,0.0
W7982,2025-02-28 17:04:20.064563,24.3,76.4,0.9,0.9,32,3.0,14.2,0.0,0,0.0
W7983,2024-05-14 17:04:20.064563,43.9,38.3,0.0,0.0,64,4.1,69.1,17.799999999999997,1,70.03
W7984,2025-02-26 17:04:20.064563,27.4,79.9,0.0,0.0,30,6.2,6.7,0.0,0,0.0
W7985,2024-04-30 17:04:20.064563,16.6,96.4,2.6,2.6,54,2.0,40.3,0.0,0,0.0
W7986,2025-05-07 17:04:20.064563,27.2,80.2,12.0,12.0,15,2.8,84.2,3.0,0,0.0
W7987,2024-07-17 17:04:20.064563,21.5,78.2,0.0,0.0,15,4.9,46.1,0.0,0,0.0
W7988,2024-10-20 17:04:20.064563,28.2,60.5,0.0,0.0,15,7.2,3.4,0.0,1,40.8
W7989,2026-01-16 17:04:20.064563,30.8,65.7,0.0,0.0,70,4.0,24.0,0.0,0,0.0
W7990,2026-01-30 17:04:20.064563,37.1,63.8,0.0,0.0,15,7.3,8.6,4.200000000000003,1,35.26
W7991,2025-09-04 17:04:20.064563,24.8,83.1,1.6,1.6,31,5.4,40.8,0.0,0,0.0
W7992,2025-06-30 17:04:20.064563,41.4,43.6,14.2,14.2,38,3.1,69.7,16.349999999999998,1,165.21
W7993,2026-02-10 17:04:20.064563,34.1,62.0,0.0,0.0,51,5.3,66.0,0.0,0,0.0
W7994,2025-09-18 17:04:20.064563,17.9,70.0,0.0,0.0,40,6.5,71.9,0.0,0,0.0
W7995,2024-08-17 17:04:20.064563,45.0,52.3,3.7,3.7,51,5.0,38.4,20.0,1,407.5
W7996,2025-11-01 17:04:20.064563,28.3,59.8,0.0,0.0,20,5.4,26.5,0.0,0,0.0
W7997,2024-11-11 17:04:20.064563,16.6,92.9,0.0,0.0,44,5.6,5.7,0.0,0,0.0
W7998,2024-05-30 17:04:20.064563,41.5,36.2,0.0,0.0,32,5.4,94.2,13.0,1,219.47
W7999,2024-04-24 17:04:20.064563,45.0,52.8,3.7,3.7,24,5.8,11.8,20.0,1,307.29
W8000,2024-08-09 17:04:20.064563,24.7,76.2,3.0,3.0,32,5.4,17.8,0.0,0,0.0
W8001,2025-07-31 17:04:20.064563,20.0,72.2,0.0,0.0,59,6.3,2.5,0.0,0,0.0
W8002,2026-01-16 17:04:20.064563,23.3,82.0,0.0,0.0,67,5.4,31.7,0.0,0,0.0
W8003,2024-04-06 17:04:20.064563,32.1,55.9,0.0,0.0,31,3.6,81.9,0.0,1,45.77
W8004,2025-07-13 17:04:20.064563,37.8,60.8,0.0,0.0,15,5.2,33.2,5.599999999999994,0,0.0
W8005,2025-12-11 17:04:20.064563,30.7,61.2,0.7,0.7,19,4.1,66.6,0.0,0,0.0
W8006,2024-05-03 17:04:20.064563,26.0,53.8,0.0,0.0,76,3.9,96.6,0.0,0,0.0
W8007,2024-11-21 17:04:20.064563,40.0,40.2,5.4,5.4,57,5.4,89.3,10.0,0,0.0
W8008,2026-03-06 17:04:20.064563,21.9,72.9,1.6,1.6,15,5.8,18.0,0.0,0,0.0
W8009,2026-01-11 17:04:20.064563,35.3,70.7,0.0,0.0,72,4.8,35.9,0.785499999999995,0,0.0
W8010,2024-07-29 17:04:20.064563,22.1,85.8,0.0,0.0,25,5.0,75.1,0.0,0,0.0
W8011,2024-04-01 17:04:20.064563,29.3,82.3,3.5,3.5,46,4.4,97.8,0.0,0,0.0
W8012,2024-09-10 17:04:20.064563,23.9,90.7,0.0,0.0,26,6.4,71.6,0.0,0,0.0
W8013,2025-12-25 17:04:20.064563,24.4,68.0,0.0,0.0,84,8.1,25.2,0.1999999999999993,0,0.0
W8014,2024-05-08 17:04:20.064563,21.2,76.3,3.4,3.4,23,5.6,13.3,0.0,0,0.0
W8015,2025-01-26 17:04:20.064563,38.4,48.2,0.0,0.0,21,3.8,49.5,6.799999999999997,1,72.42
W8016,2024-06-25 17:04:20.064563,17.7,76.8,0.0,0.0,33,7.6,19.3,0.0,0,0.0
W8017,2025-06-28 17:04:20.064563,17.6,65.2,0.0,0.0,95,7.5,22.8,0.0,0,0.0
W8018,2025-12-03 17:04:20.064563,45.0,42.4,0.0,0.0,49,6.8,63.4,20.0,1,585.67
W8019,2024-09-08 17:04:20.064563,34.8,45.0,1.4,1.4,20,6.2,51.5,0.0,0,0.0
W8020,2025-11-13 17:04:20.064563,1.1,100.0,6.4,7.1,16,6.8,12.1,0.0,0,0.0
W8021,2024-05-22 17:04:20.064563,19.3,100.0,0.0,0.0,15,8.3,15.4,0.6000000000000014,0,0.0
W8022,2024-07-04 17:04:20.064563,6.9,94.6,0.0,0.0,56,6.8,1.9,0.0,0,0.0
W8023,2024-07-12 17:04:20.064563,15.5,88.7,4.8,4.8,15,9.1,22.0,2.1999999999999993,0,0.0
W8024,2025-08-09 17:04:20.064563,-5.0,100.0,7.3,9.0,54,4.7,88.7,15.0,1,108.96
W8025,2025-11-17 17:04:20.064563,23.6,77.4,0.0,0.0,63,4.1,79.3,0.0,1,38.76
W8026,2025-12-08 17:04:20.064563,13.6,92.6,3.1,3.1,39,5.4,41.5,0.0,0,0.0
W8027,2024-10-29 17:04:20.064563,25.6,68.0,0.3,0.3,72,5.2,74.2,0.0,0,0.0
W8028,2024-05-21 17:04:20.064563,8.7,94.6,12.9,12.9,41,6.3,40.7,3.225,0,0.0
W8029,2024-10-11 17:04:20.064563,25.8,61.7,0.0,0.0,52,4.7,79.2,0.0,0,0.0
W8030,2025-05-28 17:04:20.064563,20.9,87.2,2.5,2.5,29,6.0,18.2,0.0,0,0.0
W8031,2025-02-26 17:04:20.064563,40.0,32.6,0.0,0.0,58,7.2,15.3,10.0,0,0.0
W8032,2026-02-10 17:04:20.064563,39.1,61.0,1.9,1.9,55,8.5,7.8,9.200000000000003,0,0.0
W8033,2025-05-03 17:04:20.064563,32.9,46.7,0.0,0.0,61,6.3,24.2,0.0,0,0.0
W8034,2025-02-13 17:04:20.064563,21.7,87.0,0.0,0.0,53,7.7,14.6,0.0,0,0.0
W8035,2024-07-19 17:04:20.064563,44.9,39.2,0.0,0.0,59,5.9,79.9,19.799999999999997,1,108.22
W8036,2026-02-16 17:04:20.064563,9.5,83.5,0.0,0.0,59,7.6,24.0,0.0,0,0.0
W8037,2025-10-28 17:04:20.064563,11.0,99.3,0.0,0.0,80,4.7,51.6,0.0,0,0.0
W8038,2025-09-27 17:04:20.064563,24.2,83.0,9.1,9.1,15,5.2,75.6,0.0,0,0.0
W8039,2024-08-05 17:04:20.064563,45.0,38.1,7.9,7.9,18,6.7,67.7,20.0,1,219.37
W8040,2025-02-10 17:04:20.064563,23.0,82.7,1.8,1.8,53,7.6,20.5,0.0,0,0.0
W8041,2024-10-22 17:04:20.064563,23.2,52.4,0.0,0.0,40,8.7,7.7,1.3999999999999986,0,0.0
W8042,2024-05-03 17:04:20.064563,10.6,80.9,0.0,0.0,60,5.2,91.2,0.0,0,0.0
W8043,2025-11-15 17:04:20.064563,34.5,71.2,0.0,0.0,34,4.2,62.2,0.27000000000000063,0,0.0
W8044,2024-09-11 17:04:20.064563,34.5,56.0,0.0,0.0,38,6.8,70.7,0.0,0,0.0
W8045,2025-02-24 17:04:20.064563,32.9,42.0,0.0,0.0,98,7.5,38.6,0.0,0,0.0
W8046,2024-05-21 17:04:20.064563,18.7,74.9,0.0,0.0,53,6.5,24.2,0.0,0,0.0
W8047,2024-07-19 17:04:20.064563,17.9,73.9,6.4,6.4,22,6.9,53.1,0.0,0,0.0
W8048,2024-12-23 17:04:20.064563,12.1,90.2,0.0,0.0,56,7.2,7.8,0.0,0,0.0
W8049,2024-08-09 17:04:20.064563,25.8,67.5,0.0,0.0,80,4.5,80.0,0.0,0,0.0
W8050,2025-05-17 17:04:20.064563,14.2,90.5,1.0,1.0,82,4.2,65.5,0.0,0,0.0
W8051,2024-09-06 17:04:20.064563,13.2,89.5,0.0,0.0,31,3.6,76.2,0.0,0,0.0
W8052,2026-03-01 17:04:20.064563,20.8,92.5,0.0,0.0,45,5.5,56.9,0.0,0,0.0
W8053,2025-03-31 17:04:20.064563,20.1,84.1,0.0,0.0,66,5.0,57.8,0.0,0,0.0
W8054,2025-10-05 17:04:20.064563,19.6,85.1,0.0,0.0,61,3.6,60.0,0.0,0,0.0
W8055,2024-09-02 17:04:20.064563,29.7,77.2,0.0,0.0,30,4.8,78.4,0.0,0,0.0
W8056,2025-06-10 17:04:20.064563,25.8,67.4,5.4,5.4,23,6.9,22.5,0.0,0,0.0
W8057,2024-11-22 17:04:20.064563,22.1,64.2,0.0,0.0,42,5.0,68.2,0.0,0,0.0
W8058,2025-11-03 17:04:20.064563,26.8,81.8,0.0,0.0,28,5.4,55.3,0.0,0,0.0
W8059,2024-04-28 17:04:20.064563,15.1,88.7,0.0,0.0,55,5.7,49.5,0.0,0,0.0
W8060,2024-08-01 17:04:20.064563,26.1,72.3,0.0,0.0,88,5.2,54.1,0.0,0,0.0
W8061,2024-06-28 17:04:20.064563,26.5,63.9,0.0,0.0,51,6.3,27.2,0.0,0,0.0
W8062,2025-12-25 17:04:20.064563,10.0,88.9,10.7,10.7,65,7.2,3.7,2.675,0,0.0
W8063,2025-12-05 17:04:20.064563,35.0,66.0,0.0,0.0,66,3.6,75.9,0.0,0,0.0
W8064,2025-04-07 17:04:20.064563,16.2,95.6,0.0,0.0,62,2.3,91.6,0.0,0,0.0
W8065,2024-08-26 17:04:20.064563,25.9,79.0,0.0,0.0,33,5.3,48.1,0.0,0,0.0
W8066,2024-04-03 17:04:20.064563,36.6,63.0,0.0,0.0,90,3.9,83.8,3.200000000000003,0,0.0
W8067,2025-07-29 17:04:20.064563,34.3,64.3,0.0,0.0,70,5.1,55.5,0.0,0,0.0
W8068,2024-06-08 17:04:20.064563,25.3,73.3,5.1,5.1,26,4.5,93.0,0.0,0,0.0
W8069,2024-03-24 17:04:20.064563,21.4,76.2,0.0,0.0,76,4.6,50.8,0.0,0,0.0
W8070,2024-03-25 17:04:20.064563,34.5,70.4,0.0,0.0,57,5.4,20.5,0.09000000000000127,0,0.0
W8071,2024-09-17 17:04:20.064563,31.7,58.6,0.0,0.0,70,3.9,87.0,0.0,0,0.0
W8072,2024-06-17 17:04:20.064563,18.8,85.5,0.3,0.3,74,2.6,80.0,0.0,0,0.0
W8073,2026-03-11 17:04:20.064563,17.1,76.4,0.0,0.0,94,4.8,39.8,0.0,0,0.0
W8074,2026-01-14 17:04:20.064563,4.3,97.0,0.0,0.0,48,3.3,84.2,0.0,0,0.0
W8075,2025-11-15 17:04:20.064563,26.5,67.8,0.0,0.0,82,6.6,0.9,0.0,0,0.0
W8076,2025-01-02 17:04:20.064563,24.2,65.7,0.0,0.0,97,2.9,80.0,0.0,0,0.0
W8077,2025-05-18 17:04:20.064563,36.4,63.4,0.0,0.0,122,3.7,68.8,2.799999999999997,0,0.0
W8078,2026-02-26 17:04:20.064563,28.6,53.6,1.2,1.2,90,4.2,38.0,0.0,0,0.0
W8079,2025-07-18 17:04:20.064563,38.3,53.5,0.0,0.0,79,0.7,79.2,6.599999999999994,0,0.0
W8080,2026-02-24 17:04:20.064563,18.0,84.3,6.9,6.9,64,4.4,12.7,0.0,0,0.0
W8081,2024-07-25 17:04:20.064563,36.4,37.3,0.0,0.0,104,4.6,20.3,2.799999999999997,0,0.0
W8082,2024-10-15 17:04:20.064563,19.7,76.0,0.6,0.6,66,2.8,53.4,0.0,0,0.0
W8083,2024-08-11 17:04:20.064563,32.8,63.4,0.0,0.0,89,2.6,88.1,0.0,0,0.0
W8084,2026-01-02 17:04:20.064563,10.4,98.7,14.6,14.6,88,5.8,13.0,3.65,0,0.0
W8085,2024-12-20 17:04:20.064563,27.4,66.9,1.6,1.6,68,4.3,56.4,0.0,1,42.05
W8086,2025-09-04 17:04:20.064563,5.2,100.0,0.8,0.8,32,1.0,75.3,0.0,0,0.0
W8087,2025-06-22 17:04:20.064563,22.3,75.4,0.0,0.0,57,3.6,74.3,0.0,0,0.0
W8088,2025-05-13 17:04:20.064563,29.4,66.0,0.0,0.0,81,3.5,62.8,0.0,0,0.0
W8089,2024-11-17 17:04:20.064563,19.8,82.8,0.0,0.0,58,2.1,94.1,0.0,0,0.0
W8090,2024-09-12 17:04:20.064563,14.5,97.5,0.0,0.0,68,0.8,48.2,0.0,0,0.0
W8091,2025-12-03 17:04:20.064563,33.5,53.1,5.3,5.3,59,3.0,88.0,0.0,0,0.0
W8092,2026-02-24 17:04:20.064563,24.0,69.2,13.8,13.8,59,2.2,62.0,3.45,0,0.0
W8093,2024-04-25 17:04:20.064563,20.1,73.2,0.3,0.3,57,2.6,73.7,0.0,0,0.0
W8094,2025-11-18 17:04:20.064563,25.4,68.5,0.0,0.0,65,1.8,46.5,0.0,0,0.0
W8095,2024-09-18 17:04:20.064563,45.0,56.8,0.0,0.0,105,2.5,16.8,20.0,1,431.66
W8096,2025-08-11 17:04:20.064563,36.5,60.9,0.4,0.4,66,4.1,10.9,3.0,0,0.0
W8097,2025-12-04 17:04:20.064563,36.6,43.8,0.0,0.0,91,3.8,68.2,3.200000000000003,0,0.0
W8098,2024-06-16 17:04:20.064563,29.4,60.0,0.0,0.0,77,2.1,37.6,0.0,0,0.0
W8099,2025-12-20 17:04:20.064563,26.7,73.7,4.0,4.0,69,3.7,56.7,0.0,0,0.0
W8100,2025-01-20 17:04:20.064563,1.0,99.4,2.0,3.0,88,1.4,74.6,0.0,0,0.0
W8101,2025-03-09 17:04:20.064563,18.2,75.4,0.0,0.0,40,1.2,78.6,0.0,0,0.0
W8102,2025-05-20 17:04:20.064563,20.2,93.2,14.2,14.2,58,0.5,51.0,3.55,0,0.0
W8103,2024-03-22 17:04:20.064563,6.3,94.5,0.8,0.8,87,2.6,31.5,0.0,0,0.0
W8104,2025-10-10 17:04:20.064563,13.4,99.4,2.5,2.5,90,1.2,77.6,0.0,0,0.0
W8105,2024-11-14 17:04:20.064563,5.2,100.0,0.0,0.0,71,1.6,41.5,0.0,0,0.0
W8106,2024-09-30 17:04:20.064563,24.6,65.7,0.0,0.0,78,0.7,93.7,0.0,0,0.0
W8107,2024-07-16 17:04:20.064563,33.2,51.3,6.7,6.7,16,0.2,82.5,0.0,0,0.0
W8108,2025-09-11 17:04:20.064563,36.1,53.1,8.5,8.5,48,1.8,74.7,2.200000000000003,1,49.54
W8109,2024-06-23 17:04:20.064563,29.1,55.4,3.6,3.6,75,1.4,24.1,0.0,0,0.0
W8110,2025-12-11 17:04:20.064563,15.4,88.2,9.7,9.7,89,2.1,36.3,0.0,0,0.0
W8111,2025-03-23 17:04:20.064563,5.7,99.4,7.7,7.7,101,0.0,84.9,0.0,0,0.0
W8112,2025-09-21 17:04:20.064563,7.4,100.0,0.0,0.0,72,1.5,2.3,0.0,0,0.0
W8113,2025-08-19 17:04:20.064563,12.3,100.0,1.4,1.4,94,2.8,78.1,0.0,0,0.0
W8114,2024-10-28 17:04:20.064563,16.1,94.0,5.6,5.6,65,0.1,40.4,0.0,0,0.0
W8115,2025-07-06 17:04:20.064563,23.4,79.8,18.4,18.4,15,0.0,79.9,4.6,0,0.0
W8116,2025-12-19 17:04:20.064563,14.9,68.1,2.4,2.4,87,0.0,55.2,0.0,0,0.0
W8117,2026-01-22 17:04:20.064563,28.4,71.8,0.0,0.0,116,0.0,52.7,0.0,0,0.0
W8118,2024-10-17 17:04:20.064563,22.7,93.2,10.2,10.2,51,1.9,70.2,2.55,0,0.0
W8119,2024-12-26 17:04:20.064563,25.1,42.2,0.0,0.0,61,0.0,80.6,0.0,0,0.0
W8120,2024-05-11 17:04:20.064563,36.4,62.3,6.0,6.0,69,0.0,69.3,2.799999999999997,0,0.0
W8121,2024-10-02 17:04:20.064563,13.2,88.6,0.0,0.0,77,0.5,45.1,0.0,0,0.0
W8122,2024-07-11 17:04:20.064563,29.2,57.7,0.0,0.0,132,0.0,32.1,0.0,0,0.0
W8123,2024-08-17 17:04:20.064563,24.9,80.7,3.0,3.0,94,0.0,84.6,0.0,0,0.0
W8124,2026-02-17 17:04:20.064563,21.7,94.6,5.3,5.3,71,0.0,52.1,0.0,0,0.0
W8125,2025-07-16 17:04:20.064563,33.9,67.0,0.8,0.8,20,0.5,78.3,0.0,0,0.0
W8126,2025-08-09 17:04:20.064563,33.8,55.6,0.0,0.0,77,0.1,99.6,0.0,0,0.0
W8127,2024-09-14 17:04:20.064563,15.5,77.3,0.0,0.0,116,0.0,64.4,0.0,0,0.0
W8128,2024-08-28 17:04:20.064563,23.2,76.7,0.0,0.0,81,0.1,27.8,0.0,0,0.0
W8129,2026-02-02 17:04:20.064563,27.8,77.0,0.0,0.0,96,0.0,86.6,0.0,0,0.0
W8130,2024-05-01 17:04:20.064563,22.3,72.7,0.0,0.0,87,1.7,27.4,0.0,0,0.0
W8131,2024-05-12 17:04:20.064563,30.9,60.8,0.0,0.0,69,0.0,26.0,0.0,0,0.0
W8132,2026-01-07 17:04:20.064563,27.8,96.5,0.0,0.0,113,0.6,7.4,0.0,0,0.0
W8133,2025-03-25 17:04:20.064563,43.3,55.8,0.0,0.0,83,0.9,7.9,16.599999999999994,1,134.11
W8134,2025-01-03 17:04:20.064563,9.7,100.0,0.0,0.0,65,0.0,86.2,0.0,0,0.0
W8135,2024-10-18 17:04:20.064563,23.8,59.7,2.7,2.7,74,0.0,23.1,0.0,0,0.0
W8136,2025-06-06 17:04:20.064563,15.9,79.1,3.2,3.2,101,1.9,10.9,0.0,0,0.0
W8137,2024-11-30 17:04:20.064563,31.0,64.2,0.9,0.9,47,0.0,35.3,0.0,0,0.0
W8138,2025-02-23 17:04:20.064563,8.8,86.7,26.4,26.4,31,0.0,71.4,13.2,1,85.99
W8139,2025-12-09 17:04:20.064563,28.5,83.3,0.0,0.0,80,0.0,34.0,0.0,0,0.0
W8140,2025-06-25 17:04:20.064563,18.7,96.1,0.0,0.0,47,0.0,30.9,0.0,0,0.0
W8141,2024-05-01 17:04:20.064563,17.7,78.2,0.0,0.0,93,0.0,48.8,0.0,0,0.0
W8142,2024-07-02 17:04:20.064563,10.5,100.0,0.0,0.0,83,0.1,2.1,0.0,0,0.0
W8143,2024-05-10 17:04:20.064563,20.3,79.4,2.8,2.8,89,0.0,49.1,0.0,0,0.0
W8144,2025-09-19 17:04:20.064563,35.8,82.1,2.9,2.9,94,0.0,99.0,5.108999999999991,0,0.0
W8145,2024-09-14 17:04:20.064563,24.7,74.3,0.0,0.0,76,0.0,79.9,0.0,0,0.0
W8146,2024-08-26 17:04:20.064563,31.3,68.8,0.0,0.0,66,0.0,7.0,0.0,0,0.0
W8147,2024-04-16 17:04:20.064563,41.6,61.5,7.8,7.8,33,0.3,65.5,13.200000000000003,1,211.99
W8148,2025-07-27 17:04:20.064563,27.6,81.3,0.0,0.0,63,1.0,46.1,0.0,0,0.0
W8149,2025-08-27 17:04:20.064563,19.4,86.0,0.0,0.0,76,1.1,82.6,0.0,0,0.0
W8150,2024-07-14 17:04:20.064563,29.7,64.1,0.0,0.0,57,0.0,9.9,0.0,0,0.0
W8151,2024-05-29 17:04:20.064563,19.6,85.8,0.0,0.0,87,0.8,23.3,0.0,0,0.0
W8152,2024-11-13 17:04:20.064563,20.0,71.9,0.0,0.0,57,0.0,79.1,0.0,0,0.0
W8153,2025-06-16 17:04:20.064563,9.8,96.8,0.0,0.0,40,0.0,84.9,0.0,0,0.0
W8154,2025-11-14 17:04:20.064563,34.3,47.5,0.0,0.0,63,1.6,52.9,0.0,0,0.0
W8155,2025-11-01 17:04:20.064563,21.1,60.5,0.0,0.0,78,0.2,2.0,0.0,0,0.0
W8156,2025-02-14 17:04:20.064563,26.8,70.3,0.0,0.0,49,0.2,89.4,0.0,0,0.0
W8157,2025-05-21 17:04:20.064563,14.6,100.0,4.1,4.1,48,0.0,38.3,0.0,0,0.0
W8158,2024-10-07 17:04:20.064563,29.4,75.2,0.0,0.0,61,1.9,4.0,0.0,0,0.0
W8159,2026-02-09 17:04:20.064563,17.4,83.1,0.7,0.7,62,0.5,81.9,0.0,0,0.0
W8160,2025-02-14 17:04:20.064563,23.6,92.1,1.8,1.8,75,1.5,41.8,0.0,0,0.0
W8161,2024-11-08 17:04:20.064563,33.8,53.6,0.0,0.0,86,0.0,19.0,0.0,0,0.0
W8162,2024-07-08 17:04:20.064563,32.9,41.5,7.7,7.7,48,0.0,80.2,0.0,0,0.0
W8163,2025-02-14 17:04:20.064563,24.8,51.0,5.2,5.2,41,0.0,45.8,0.0,0,0.0
W8164,2024-11-06 17:04:20.064563,7.3,87.2,0.0,0.0,74,0.6,60.8,0.0,0,0.0
W8165,2024-06-26 17:04:20.064563,45.0,50.7,0.0,0.0,82,1.6,82.3,20.0,1,478.11
W8166,2024-11-15 17:04:20.064563,42.5,40.0,0.0,0.0,103,0.7,52.2,15.0,1,104.75
W8167,2025-05-14 17:04:20.064563,32.2,66.3,4.7,4.7,84,0.9,11.0,0.0,0,0.0
W8168,2024-10-08 17:04:20.064563,17.5,100.0,8.1,8.1,29,0.2,96.4,0.0,0,0.0
W8169,2025-04-06 17:04:20.064563,23.9,63.2,0.0,0.0,67,0.0,28.7,0.0,0,0.0
W8170,2024-10-29 17:04:20.064563,19.6,85.4,0.0,0.0,79,2.0,99.4,0.0,0,0.0
W8171,2024-06-01 17:04:20.064563,37.6,58.9,0.0,0.0,52,0.7,0.6,5.200000000000003,0,0.0
W8172,2025-07-13 17:04:20.064563,27.6,60.0,0.0,0.0,62,0.5,48.4,0.0,0,0.0
W8173,2025-11-07 17:04:20.064563,17.2,97.8,0.0,0.0,82,0.9,70.5,0.0,0,0.0
W8174,2025-07-27 17:04:20.064563,20.3,76.7,0.8,0.8,71,0.0,90.6,0.0,0,0.0
W8175,2024-05-12 17:04:20.064563,36.2,51.8,0.0,0.0,68,0.0,78.0,2.4000000000000057,0,0.0
W8176,2025-06-07 17:04:20.064563,41.0,69.6,1.4,1.4,51,0.6,25.6,12.0,1,105.59
W8177,2024-08-13 17:04:20.064563,40.3,54.8,2.7,2.7,32,0.0,24.3,10.599999999999994,1,102.06
W8178,2024-10-25 17:04:20.064563,32.6,70.4,0.0,0.0,60,0.0,35.7,0.05200000000000077,0,0.0
W8179,2025-12-02 17:04:20.064563,22.5,89.8,7.0,7.0,50,1.3,11.1,0.0,0,0.0
W8180,2025-06-26 17:04:20.064563,-5.0,100.0,0.4,4.1,35,0.1,67.0,15.0,1,155.88
W8181,2024-09-16 17:04:20.064563,28.0,80.5,9.1,9.1,48,2.4,94.1,0.0,0,0.0
W8182,2025-04-18 17:04:20.064563,25.0,67.5,0.0,0.0,72,0.0,64.2,0.0,0,0.0
W8183,2025-04-04 17:04:20.064563,26.4,65.0,0.0,0.0,50,0.8,53.3,0.0,0,0.0
W8184,2024-08-04 17:04:20.064563,25.5,69.0,0.0,0.0,72,0.5,50.3,0.0,0,0.0
W8185,2025-06-29 17:04:20.064563,11.7,86.2,1.0,1.0,67,0.0,59.3,0.0,0,0.0
W8186,2024-10-02 17:04:20.064563,30.6,72.4,0.0,0.0,57,0.0,71.1,0.07200000000000034,0,0.0
W8187,2025-12-25 17:04:20.064563,31.3,65.7,0.0,0.0,54,0.0,79.5,0.0,0,0.0
W8188,2025-03-20 17:04:20.064563,31.8,57.4,0.0,0.0,55,1.9,69.8,0.0,0,0.0
W8189,2024-12-19 17:04:20.064563,34.5,65.0,0.0,0.0,44,0.0,70.5,0.0,0,0.0
W8190,2024-10-11 17:04:20.064563,31.0,60.7,0.0,0.0,68,0.5,95.2,0.0,0,0.0
W8191,2025-02-24 17:04:20.064563,20.9,75.4,0.0,0.0,43,0.0,89.9,0.0,0,0.0
W8192,2024-07-26 17:04:20.064563,24.3,74.0,0.0,0.0,44,0.2,82.4,0.0,0,0.0
W8193,2024-04-19 17:04:20.064563,25.9,75.8,0.1,0.1,69,1.1,4.3,0.0,0,0.0
W8194,2026-02-24 17:04:20.064563,26.1,74.8,0.0,0.0,54,0.1,66.9,0.0,0,0.0
W8195,2025-10-21 17:04:20.064563,35.0,53.9,0.0,0.0,60,0.0,45.5,0.0,0,0.0
W8196,2024-05-18 17:04:20.064563,31.4,71.3,0.0,0.0,24,1.6,61.8,0.0909999999999997,0,0.0
W8197,2024-12-30 17:04:20.064563,45.0,40.3,3.5,3.5,40,0.0,68.6,20.0,1,373.67
W8198,2024-08-04 17:04:20.064563,45.0,36.0,0.0,0.0,91,0.7,71.5,20.0,1,225.86
W8199,2024-07-09 17:04:20.064563,25.8,56.6,2.5,2.5,16,0.0,86.9,0.0,0,0.0
W8200,2025-07-07 17:04:20.064563,-5.0,100.0,0.0,0.3,91,1.3,91.0,15.0,1,109.05
W8201,2025-06-30 17:04:20.064563,37.4,54.1,0.0,0.0,61,2.6,60.7,4.799999999999997,0,0.0
W8202,2025-05-20 17:04:20.064563,19.6,82.7,0.0,0.0,44,0.0,89.4,0.0,0,0.0
W8203,2024-09-09 17:04:20.064563,17.0,95.0,0.0,0.0,50,0.0,76.5,0.0,0,0.0
W8204,2025-03-04 17:04:20.064563,21.0,73.7,1.2,1.2,76,0.8,20.3,0.0,0,0.0
W8205,2024-10-29 17:04:20.064563,20.5,65.5,0.0,0.0,15,0.1,3.5,0.0,0,0.0
W8206,2025-01-14 17:04:20.064563,31.1,64.0,15.8,15.8,50,2.1,1.0,3.95,0,0.0
W8207,2025-11-26 17:04:20.064563,9.4,99.0,0.0,0.0,58,0.0,58.7,0.0,0,0.0
W8208,2024-08-25 17:04:20.064563,14.2,86.0,0.0,0.0,72,0.0,52.2,0.0,0,0.0
W8209,2025-12-31 17:04:20.064563,28.4,82.1,0.2,0.2,16,0.3,69.6,0.0,0,0.0
W8210,2025-12-04 17:04:20.064563,31.2,38.3,0.0,0.0,46,0.6,84.3,0.0,0,0.0
W8211,2024-09-08 17:04:20.064563,31.4,74.1,0.0,0.0,15,0.0,16.4,0.2869999999999993,0,0.0
W8212,2025-10-30 17:04:20.064563,17.1,92.2,0.5,0.5,73,1.0,85.6,0.0,0,0.0
W8213,2025-10-05 17:04:20.064563,15.2,91.7,0.0,0.0,30,0.1,9.8,0.0,0,0.0
W8214,2024-11-08 17:04:20.064563,19.9,46.7,0.0,0.0,29,0.0,88.3,0.0,0,0.0
W8215,2024-06-14 17:04:20.064563,27.4,81.7,1.8,1.8,15,0.5,85.0,0.0,0,0.0
W8216,2025-05-13 17:04:20.064563,39.9,40.0,0.1,0.1,56,0.0,69.7,9.799999999999997,0,0.0
W8217,2025-09-03 17:04:20.064563,4.5,98.1,0.0,0.0,49,0.0,30.0,0.0,0,0.0
W8218,2025-07-31 17:04:20.064563,22.8,74.1,0.0,0.0,32,0.0,9.3,0.0,0,0.0
W8219,2024-10-25 17:04:20.064563,11.7,96.6,0.9,0.9,50,0.0,77.8,0.0,0,0.0
W8220,2025-11-13 17:04:20.064563,8.5,100.0,10.0,10.0,15,2.5,21.8,0.0,0,0.0
W8221,2025-07-15 17:04:20.064563,34.7,66.9,0.0,0.0,15,0.0,44.1,0.0,0,0.0
W8222,2025-07-04 17:04:20.064563,30.4,72.5,0.0,0.0,37,0.0,53.1,0.04999999999999982,0,0.0
W8223,2024-12-28 17:04:20.064563,29.5,68.3,11.3,11.3,54,1.3,68.5,2.825,0,0.0
W8224,2024-04-01 17:04:20.064563,34.2,62.8,0.0,0.0,63,0.0,48.7,0.0,0,0.0
W8225,2025-05-30 17:04:20.064563,20.2,68.8,0.0,0.0,52,0.3,69.5,0.0,0,0.0
W8226,2024-11-25 17:04:20.064563,20.7,71.5,0.0,0.0,47,0.3,81.4,0.0,0,0.0
W8227,2024-11-26 17:04:20.064563,45.0,51.5,0.0,0.0,35,1.5,71.3,20.0,1,420.35
W8228,2025-02-16 17:04:20.064563,22.5,84.6,0.0,0.0,56,0.0,30.0,0.0,0,0.0
W8229,2025-06-05 17:04:20.064563,32.4,68.7,0.4,0.4,52,1.5,89.4,0.0,1,40.27
W8230,2025-11-01 17:04:20.064563,25.1,67.3,0.6,0.6,38,0.7,55.1,0.0,0,0.0
W8231,2024-10-31 17:04:20.064563,6.5,100.0,11.1,11.1,22,0.1,46.5,2.775,1,39.82
W8232,2025-11-13 17:04:20.064563,4.6,91.6,0.0,0.0,15,0.0,57.5,0.0,0,0.0
W8233,2024-08-17 17:04:20.064563,19.2,92.0,0.0,0.0,30,0.0,48.3,0.0,0,0.0
W8234,2025-10-26 17:04:20.064563,35.6,54.0,4.1,4.1,15,0.0,75.5,1.2000000000000028,0,0.0
W8235,2024-03-23 17:04:20.064563,32.9,77.5,0.0,0.0,15,1.8,42.1,1.0874999999999995,0,0.0
W8236,2025-05-19 17:04:20.064563,34.1,43.6,0.0,0.0,47,1.4,77.7,0.0,0,0.0
W8237,2024-05-02 17:04:20.064563,15.1,100.0,0.9,0.9,15,0.0,76.0,0.0,0,0.0
W8238,2024-04-28 17:04:20.064563,41.2,44.6,0.0,0.0,52,2.0,27.7,12.400000000000006,0,0.0
W8239,2025-07-12 17:04:20.064563,15.4,83.2,0.0,0.0,57,1.0,9.6,0.0,0,0.0
W8240,2025-08-16 17:04:20.064563,27.1,71.3,0.0,0.0,35,0.5,85.1,0.0,0,0.0
W8241,2024-04-21 17:04:20.064563,24.9,65.7,0.0,0.0,23,0.0,16.9,0.0,0,0.0
W8242,2025-05-27 17:04:20.064563,23.3,74.4,0.0,0.0,56,0.0,3.1,0.0,0,0.0
W8243,2025-09-12 17:04:20.064563,38.4,45.0,2.1,2.1,41,0.5,40.2,6.799999999999997,0,0.0
W8244,2025-04-25 17:04:20.064563,17.9,76.1,0.0,0.0,58,0.4,25.4,0.0,0,0.0
W8245,2025-07-21 17:04:20.064563,11.5,97.6,3.1,3.1,15,0.0,22.0,0.0,0,0.0
W8246,2026-03-01 17:04:20.064563,25.2,63.2,4.2,4.2,20,1.1,17.2,0.0,0,0.0
W8247,2024-06-26 17:04:20.064563,21.0,70.8,1.4,1.4,26,0.2,74.9,0.0,0,0.0
W8248,2025-06-24 17:04:20.064563,45.0,28.8,7.3,7.3,22,0.4,78.3,20.0,1,265.94
W8249,2025-08-07 17:04:20.064563,31.8,57.3,0.0,0.0,44,1.1,4.6,0.0,0,0.0
W8250,2024-11-19 17:04:20.064563,20.9,91.8,6.9,6.9,20,0.8,54.7,0.0,0,0.0
W8251,2024-06-11 17:04:20.064563,14.4,79.9,0.0,0.0,58,0.0,13.5,0.0,0,0.0
W8252,2025-10-10 17:04:20.064563,6.2,93.4,10.2,10.2,15,0.8,50.0,2.55,0,0.0
W8253,2024-03-30 17:04:20.064563,14.7,89.8,4.0,4.0,15,0.0,34.8,0.0,0,0.0
W8254,2026-02-25 17:04:20.064563,26.1,67.1,0.0,0.0,17,0.0,20.2,0.0,0,0.0
W8255,2025-05-08 17:04:20.064563,39.3,73.4,8.6,8.6,15,0.1,94.8,10.180999999999997,0,0.0
W8256,2024-10-27 17:04:20.064563,36.2,54.0,7.6,7.6,15,0.0,95.7,2.4000000000000057,0,0.0
W8257,2024-07-31 17:04:20.064563,27.3,72.4,17.9,17.9,15,0.1,56.4,4.475,0,0.0
W8258,2025-03-20 17:04:20.064563,21.8,86.8,0.0,0.0,24,0.0,18.8,0.0,0,0.0
W8259,2025-01-14 17:04:20.064563,27.7,77.7,0.0,0.0,33,0.7,58.3,0.0,0,0.0
W8260,2024-11-17 17:04:20.064563,19.8,82.6,3.4,3.4,15,0.0,92.8,0.0,0,0.0
W8261,2026-01-10 17:04:20.064563,42.2,45.1,0.0,0.0,48,0.2,37.8,14.400000000000006,1,158.49
W8262,2024-06-18 17:04:20.064563,23.1,95.6,0.0,0.0,15,0.0,13.8,0.0,0,0.0
W8263,2024-04-03 17:04:20.064563,24.1,72.8,0.0,0.0,15,2.3,69.4,0.0,0,0.0
W8264,2025-07-22 17:04:20.064563,2.8,100.0,5.8,5.8,35,0.0,65.6,0.0,0,0.0
W8265,2026-02-01 17:04:20.064563,23.0,69.0,0.0,0.0,44,0.9,0.1,0.0,0,0.0
W8266,2025-01-24 17:04:20.064563,33.4,42.7,1.8,1.8,47,0.4,85.4,0.0,0,0.0
W8267,2024-08-30 17:04:20.064563,14.3,96.7,2.0,2.0,34,0.8,66.1,0.0,0,0.0
W8268,2026-03-08 17:04:20.064563,17.5,60.3,0.2,0.2,25,0.0,19.6,0.0,0,0.0
W8269,2025-07-01 17:04:20.064563,32.9,60.6,0.0,0.0,20,0.3,0.3,0.0,0,0.0
W8270,2025-10-23 17:04:20.064563,10.2,92.6,0.0,0.0,15,0.1,97.2,0.0,0,0.0
W8271,2025-11-05 17:04:20.064563,35.6,79.0,0.0,0.0,27,3.5,75.5,3.7200000000000033,1,26.32
W8272,2024-04-11 17:04:20.064563,19.7,62.2,0.0,0.0,15,0.0,36.5,0.0,0,0.0
W8273,2025-06-26 17:04:20.064563,21.1,69.3,0.0,0.0,73,0.0,43.3,0.0,0,0.0
W8274,2025-07-05 17:04:20.064563,13.8,88.0,0.0,0.0,15,2.0,53.9,0.0,0,0.0
W8275,2024-08-06 17:04:20.064563,28.8,64.9,3.1,3.1,15,0.3,71.9,0.0,0,0.0
W8276,2026-03-08 17:04:20.064563,45.0,37.0,0.0,0.0,53,0.5,17.3,20.0,1,411.91
W8277,2025-05-07 17:04:20.064563,32.8,60.0,9.6,9.6,15,1.1,19.6,0.0,0,0.0
W8278,2024-09-23 17:04:20.064563,16.4,72.9,0.0,0.0,15,0.1,4.8,0.0,0,0.0
W8279,2025-04-01 17:04:20.064563,36.4,59.0,0.0,0.0,15,0.0,98.6,2.799999999999997,0,0.0
W8280,2025-12-19 17:04:20.064563,21.8,54.0,0.0,0.0,15,0.1,87.6,0.0,0,0.0
W8281,2025-07-06 17:04:20.064563,38.7,51.6,0.0,0.0,33,0.0,55.3,7.400000000000006,0,0.0
W8282,2026-03-08 17:04:20.064563,33.1,54.4,0.0,0.0,55,0.0,43.0,0.0,0,0.0
W8283,2025-12-26 17:04:20.064563,-4.4,100.0,0.0,1.6,15,0.0,23.7,13.200000000000001,1,208.05
W8284,2024-03-19 17:04:20.064563,15.0,100.0,0.9,0.9,23,0.0,59.5,0.0,0,0.0
W8285,2025-12-20 17:04:20.064563,34.4,55.0,0.0,0.0,75,0.0,69.1,0.0,0,0.0
W8286,2024-05-29 17:04:20.064563,26.5,84.1,4.0,4.0,24,0.0,68.9,0.0,0,0.0
W8287,2025-04-16 17:04:20.064563,14.8,84.7,0.0,0.0,40,0.6,0.6,0.0,0,0.0
W8288,2026-02-23 17:04:20.064563,18.7,72.3,0.0,0.0,15,0.1,70.2,0.0,0,0.0
W8289,2025-02-21 17:04:20.064563,5.9,100.0,0.0,0.0,52,0.0,86.6,0.0,0,0.0
W8290,2025-09-12 17:04:20.064563,24.1,79.0,0.0,0.0,15,1.2,11.5,0.0,0,0.0
W8291,2024-04-20 17:04:20.064563,45.0,42.5,0.0,0.0,15,0.0,75.5,20.0,0,0.0
W8292,2025-01-15 17:04:20.064563,33.0,67.3,0.0,0.0,50,0.0,82.3,0.0,0,0.0
W8293,2025-05-28 17:04:20.064563,45.0,45.2,0.0,0.0,15,0.0,27.6,20.0,1,535.95
W8294,2024-12-19 17:04:20.064563,33.8,58.6,0.0,0.0,20,0.0,71.2,0.0,0,0.0
W8295,2026-03-02 17:04:20.064563,35.3,43.8,0.0,0.0,52,0.0,9.7,0.5999999999999943,0,0.0
W8296,2025-12-05 17:04:20.064563,44.7,40.2,3.2,3.2,15,1.3,64.9,19.400000000000006,1,153.22
W8297,2025-09-24 17:04:20.064563,28.8,73.1,0.0,0.0,15,0.0,51.0,0.0,1,38.92
W8298,2025-10-28 17:04:20.064563,23.1,74.1,0.0,0.0,15,0.8,85.0,0.0,0,0.0
W8299,2024-10-16 17:04:20.064563,35.3,66.0,8.4,8.4,15,0.0,45.2,0.5999999999999943,0,0.0
W8300,2026-02-17 17:04:20.064563,39.5,54.5,0.0,0.0,20,0.0,42.8,9.0,0,0.0
W8301,2024-06-08 17:04:20.064563,20.2,70.9,0.0,0.0,46,0.4,93.4,0.0,0,0.0
W8302,2025-12-13 17:04:20.064563,17.8,70.1,0.0,0.0,52,0.7,93.4,0.0,0,0.0
W8303,2025-02-24 17:04:20.064563,26.4,68.8,0.0,0.0,23,0.0,3.6,0.0,0,0.0
W8304,2024-05-13 17:04:20.064563,33.3,54.8,1.5,1.5,15,0.0,48.6,0.0,0,0.0
W8305,2025-08-27 17:04:20.064563,33.0,63.9,1.3,1.3,30,0.2,16.1,0.0,0,0.0
W8306,2026-02-06 17:04:20.064563,10.8,86.7,0.0,0.0,20,0.2,27.4,0.0,0,0.0
W8307,2025-03-25 17:04:20.064563,44.1,37.7,21.6,21.6,15,0.8,66.6,29.000000000000004,1,500.23
W8308,2024-05-09 17:04:20.064563,18.6,92.6,2.0,2.0,15,1.5,12.9,0.0,0,0.0
W8309,2024-07-09 17:04:20.064563,22.3,78.0,0.0,0.0,15,0.0,1.1,0.0,0,0.0
W8310,2025-04-14 17:04:20.064563,16.0,79.0,0.0,0.0,19,1.0,72.7,0.0,0,0.0
W8311,2025-03-27 17:04:20.064563,45.0,42.7,0.0,0.0,15,0.0,64.1,20.0,1,305.85
W8312,2025-07-07 17:04:20.064563,27.4,82.7,4.6,4.6,15,1.0,90.3,0.0,0,0.0
W8313,2025-12-11 17:04:20.064563,16.5,88.2,0.9,0.9,48,0.5,54.2,0.0,0,0.0
W8314,2024-04-28 17:04:20.064563,33.6,65.5,0.0,0.0,19,1.8,94.5,0.0,0,0.0
W8315,2025-03-27 17:04:20.064563,32.7,53.4,0.0,0.0,42,1.7,60.9,0.0,0,0.0
W8316,2025-03-28 17:04:20.064563,23.1,85.6,0.0,0.0,26,0.4,38.7,0.0,0,0.0
W8317,2024-09-13 17:04:20.064563,33.4,83.1,0.0,0.0,32,0.0,60.8,2.226999999999998,0,0.0
W8318,2026-01-10 17:04:20.064563,16.7,77.0,0.0,0.0,15,2.4,74.9,0.0,0,0.0
W8319,2025-10-11 17:04:20.064563,20.1,68.1,0.0,0.0,44,1.0,34.8,0.0,0,0.0
W8320,2026-03-09 17:04:20.064563,4.9,100.0,4.4,4.4,18,1.2,37.3,0.0,0,0.0
W8321,2024-05-25 17:04:20.064563,11.8,100.0,0.0,0.0,16,2.3,63.0,0.0,0,0.0
W8322,2025-10-13 17:04:20.064563,43.1,44.5,0.0,0.0,27,0.9,45.6,16.200000000000003,1,102.14
W8323,2026-03-14 17:04:20.064563,41.4,37.3,0.0,0.0,15,2.1,52.7,12.799999999999997,1,139.23
W8324,2024-10-13 17:04:20.064563,25.7,70.4,0.0,0.0,15,1.4,98.2,0.0,0,0.0
W8325,2024-08-06 17:04:20.064563,41.6,53.5,15.1,15.1,15,2.7,4.4,16.975,1,214.04
W8326,2025-02-23 17:04:20.064563,23.4,70.8,0.0,0.0,15,3.2,64.8,0.0,0,0.0
W8327,2024-11-17 17:04:20.064563,22.6,82.2,5.0,5.0,43,2.1,92.3,0.0,0,0.0
W8328,2025-09-21 17:04:20.064563,25.6,83.3,0.0,0.0,15,3.8,23.6,0.0,0,0.0
W8329,2024-07-12 17:04:20.064563,23.8,76.8,0.0,0.0,64,2.8,21.2,0.0,0,0.0
W8330,2026-01-11 17:04:20.064563,22.8,75.4,0.3,0.3,23,2.1,36.3,0.0,0,0.0
W8331,2025-07-20 17:04:20.064563,36.4,63.6,0.0,0.0,18,4.5,7.4,2.799999999999997,0,0.0
W8332,2025-11-02 17:04:20.064563,26.5,61.7,0.0,0.0,15,2.1,56.0,0.0,0,0.0
W8333,2026-03-07 17:04:20.064563,32.1,52.3,0.0,0.0,32,2.7,64.5,0.0,0,0.0
W8334,2024-10-18 17:04:20.064563,35.3,54.4,0.0,0.0,41,2.8,82.0,0.5999999999999943,1,36.94
W8335,2024-11-03 17:04:20.064563,28.9,61.8,0.0,0.0,15,3.2,6.6,0.0,0,0.0
W8336,2025-02-09 17:04:20.064563,15.3,79.0,0.0,0.0,24,2.5,43.6,0.0,0,0.0
W8337,2025-03-14 17:04:20.064563,11.5,100.0,0.0,0.0,15,2.4,78.4,0.0,0,0.0
W8338,2024-12-16 17:04:20.064563,26.5,92.0,1.5,1.5,41,3.5,76.8,0.0,0,0.0
W8339,2025-08-15 17:04:20.064563,23.3,71.5,3.7,3.7,37,4.7,7.4,0.0,0,0.0
W8340,2026-02-12 17:04:20.064563,25.9,72.1,0.0,0.0,26,3.3,1.1,0.0,0,0.0
W8341,2025-05-25 17:04:20.064563,24.8,70.9,0.0,0.0,30,4.9,78.3,0.0,0,0.0
W8342,2024-12-26 17:04:20.064563,45.0,53.6,0.0,0.0,15,4.9,13.8,20.0,1,499.68
W8343,2024-05-12 17:04:20.064563,11.7,100.0,6.8,6.8,15,3.1,57.8,0.0,0,0.0
W8344,2024-05-21 17:04:20.064563,5.1,84.6,1.2,1.2,15,4.7,9.4,0.0,0,0.0
W8345,2025-04-03 17:04:20.064563,28.3,72.3,0.0,0.0,18,4.2,29.6,0.0,0,0.0
W8346,2025-03-06 17:04:20.064563,21.2,65.1,3.3,3.3,38,4.5,15.8,0.0,0,0.0
W8347,2025-06-24 17:04:20.064563,28.2,85.3,0.0,0.0,53,4.6,73.6,0.0,1,40.28
W8348,2025-07-28 17:04:20.064563,30.8,68.1,0.0,0.0,40,6.0,67.3,0.0,0,0.0
W8349,2025-08-13 17:04:20.064563,37.8,45.0,0.0,0.0,22,4.7,13.5,5.599999999999994,0,0.0
W8350,2025-09-08 17:04:20.064563,9.9,92.7,1.5,1.5,15,5.1,5.9,0.0,1,42.55
W8351,2024-07-21 17:04:20.064563,19.4,78.0,0.0,0.0,31,4.4,46.6,0.0,0,0.0
W8352,2025-07-12 17:04:20.064563,29.3,71.3,8.7,8.7,18,4.0,19.6,0.0,0,0.0
W8353,2026-03-14 17:04:20.064563,32.7,71.4,0.6,0.6,24,6.5,0.8,0.18900000000000097,0,0.0
W8354,2025-09-13 17:04:20.064563,45.0,31.0,0.0,0.0,17,5.5,26.4,20.0,1,463.4
W8355,2026-02-10 17:04:20.064563,34.6,76.6,2.2,2.2,38,5.7,21.5,1.5179999999999991,0,0.0
W8356,2025-09-14 17:04:20.064563,24.4,89.4,6.9,6.9,31,2.3,68.5,0.0,0,0.0
W8357,2025-01-11 17:04:20.064563,16.1,77.1,8.1,8.1,15,1.4,86.1,0.0,0,0.0
W8358,2025-06-23 17:04:20.064563,19.4,81.7,0.0,0.0,24,5.3,23.8,0.0,0,0.0
W8359,2025-12-13 17:04:20.064563,19.1,98.5,0.0,0.0,48,6.4,22.3,0.0,0,0.0
W8360,2025-03-29 17:04:20.064563,31.6,75.0,0.0,0.0,52,3.5,38.8,0.40000000000000036,0,0.0
W8361,2026-02-05 17:04:20.064563,27.6,65.3,0.0,0.0,34,7.0,17.3,0.0,0,0.0
W8362,2026-02-25 17:04:20.064563,11.8,100.0,0.4,0.4,40,3.2,94.7,0.0,1,33.16
W8363,2024-05-24 17:04:20.064563,20.6,100.0,0.1,0.1,39,5.2,24.4,0.0,0,0.0
W8364,2024-09-26 17:04:20.064563,33.8,60.4,0.6,0.6,52,6.6,9.3,0.0,0,0.0
W8365,2025-06-29 17:04:20.064563,28.5,60.9,0.0,0.0,15,3.7,55.7,0.0,0,0.0
W8366,2024-06-15 17:04:20.064563,30.7,65.7,2.0,2.0,36,2.6,53.8,0.0,0,0.0
W8367,2024-06-08 17:04:20.064563,28.8,69.2,0.0,0.0,18,6.1,63.2,0.0,0,0.0
W8368,2025-04-22 17:04:20.064563,41.3,42.9,0.6,0.6,57,3.6,96.7,12.599999999999994,1,194.11
W8369,2024-09-17 17:04:20.064563,27.4,73.4,0.0,0.0,15,5.3,32.3,0.0,0,0.0
W8370,2025-01-07 17:04:20.064563,21.1,65.7,0.0,0.0,45,5.4,36.0,0.0,0,0.0
W8371,2024-06-04 17:04:20.064563,15.8,79.6,11.6,11.6,15,5.3,33.7,2.9,0,0.0
W8372,2024-07-07 17:04:20.064563,27.5,76.3,0.0,0.0,53,4.7,62.9,0.0,0,0.0
W8373,2024-09-02 17:04:20.064563,0.6,91.6,7.3,8.9,33,5.1,60.4,0.0,0,0.0
W8374,2024-12-25 17:04:20.064563,23.2,84.3,13.8,13.8,16,6.2,52.9,3.45,0,0.0
W8375,2024-07-10 17:04:20.064563,22.9,55.5,11.8,11.8,55,5.5,36.4,2.95,0,0.0
W8376,2026-03-01 17:04:20.064563,11.4,75.7,0.0,0.0,26,4.9,42.8,0.0,0,0.0
W8377,2024-08-16 17:04:20.064563,15.7,81.4,7.7,7.7,43,4.1,79.3,0.0,0,0.0
W8378,2025-08-08 17:04:20.064563,33.1,63.2,1.7,1.7,61,7.8,60.9,0.0,0,0.0
W8379,2024-08-19 17:04:20.064563,27.3,82.3,0.0,0.0,60,5.1,71.6,0.0,0,0.0
W8380,2024-10-13 17:04:20.064563,26.0,71.5,3.3,3.3,22,7.1,27.7,0.0,0,0.0
W8381,2025-09-02 17:04:20.064563,28.1,65.4,0.0,0.0,38,4.0,91.1,0.0,0,0.0
W8382,2025-12-20 17:04:20.064563,25.9,76.9,0.0,0.0,31,9.4,3.5,2.8000000000000007,0,0.0
W8383,2024-04-10 17:04:20.064563,37.4,45.1,0.0,0.0,37,6.4,59.6,4.799999999999997,0,0.0
W8384,2025-01-12 17:04:20.064563,26.2,72.0,0.0,0.0,27,3.6,81.2,0.0,0,0.0
W8385,2025-05-18 17:04:20.064563,10.4,82.4,0.0,0.0,37,4.6,86.6,0.0,0,0.0
W8386,2026-02-14 17:04:20.064563,41.3,48.9,0.0,0.0,74,6.3,32.0,12.599999999999994,1,117.59
W8387,2025-09-23 17:04:20.064563,28.7,65.6,0.6,0.6,38,6.5,46.0,0.0,0,0.0
W8388,2024-07-31 17:04:20.064563,19.1,73.3,0.0,0.0,48,8.8,3.5,1.6000000000000014,0,0.0
W8389,2025-07-16 17:04:20.064563,12.5,93.0,0.0,0.0,32,3.6,79.0,0.0,0,0.0
W8390,2025-03-08 17:04:20.064563,29.0,68.1,8.9,8.9,29,7.8,12.5,0.0,0,0.0
W8391,2025-05-22 17:04:20.064563,23.8,86.0,19.4,19.4,25,5.5,42.8,4.85,1,38.51
W8392,2025-06-15 17:04:20.064563,40.7,32.8,0.0,0.0,58,5.4,99.1,11.400000000000006,0,0.0
W8393,2026-01-07 17:04:20.064563,21.5,76.9,0.8,0.8,75,5.3,91.8,0.0,0,0.0
W8394,2024-04-08 17:04:20.064563,16.6,77.5,0.0,0.0,25,4.7,33.0,0.0,0,0.0
W8395,2025-01-10 17:04:20.064563,34.0,67.8,1.5,1.5,31,6.0,22.4,0.0,0,0.0
W8396,2024-09-27 17:04:20.064563,34.3,66.2,0.0,0.0,42,5.6,25.2,0.0,0,0.0
W8397,2024-05-21 17:04:20.064563,26.7,75.0,0.0,0.0,81,5.2,68.5,0.0,0,0.0
W8398,2024-04-09 17:04:20.064563,31.8,55.3,4.0,4.0,49,5.4,72.6,0.0,1,28.75
W8399,2024-11-10 17:04:20.064563,24.6,81.9,3.0,3.0,17,7.9,21.6,0.0,0,0.0
W8400,2025-09-01 17:04:20.064563,27.3,53.7,2.0,2.0,70,6.8,24.0,0.0,0,0.0
W8401,2026-01-07 17:04:20.064563,36.6,37.7,4.8,4.8,45,6.4,32.3,3.200000000000003,1,50.83
W8402,2025-02-24 17:04:20.064563,31.3,50.4,0.0,0.0,71,6.5,43.3,0.0,0,0.0
W8403,2025-05-13 17:04:20.064563,23.3,74.7,0.0,0.0,85,7.4,91.7,0.0,0,0.0
W8404,2025-10-31 17:04:20.064563,38.5,59.0,5.8,5.8,23,6.3,2.7,7.0,0,0.0
W8405,2025-03-04 17:04:20.064563,1.4,78.2,0.0,0.6,86,3.5,63.8,0.0,0,0.0
W8406,2026-01-18 17:04:20.064563,45.0,55.7,0.0,0.0,54,3.9,86.2,20.0,1,442.67
W8407,2026-01-08 17:04:20.064563,7.9,99.4,15.8,15.8,16,4.3,72.3,3.95,0,0.0
W8408,2025-02-15 17:04:20.064563,18.7,66.2,0.0,0.0,59,6.2,21.7,0.0,0,0.0
W8409,2025-07-28 17:04:20.064563,24.6,74.1,0.0,0.0,33,5.9,47.7,0.0,0,0.0
W8410,2025-11-15 17:04:20.064563,23.5,85.6,6.9,6.9,43,3.0,91.0,0.0,0,0.0
W8411,2026-01-28 17:04:20.064563,35.1,63.4,0.0,0.0,53,6.7,11.6,0.20000000000000284,0,0.0
W8412,2026-03-01 17:04:20.064563,14.4,99.4,0.0,0.0,39,3.6,98.8,0.0,0,0.0
W8413,2025-09-11 17:04:20.064563,27.6,54.9,6.1,6.1,34,6.8,14.4,0.0,0,0.0
W8414,2025-09-30 17:04:20.064563,19.2,77.0,0.0,0.0,82,6.9,14.2,0.0,0,0.0
W8415,2025-06-16 17:04:20.064563,28.0,58.8,0.0,0.0,56,4.3,81.3,0.0,0,0.0
W8416,2025-06-29 17:04:20.064563,24.4,90.6,1.8,1.8,37,3.6,82.8,0.0,0,0.0
W8417,2025-01-23 17:04:20.064563,25.9,77.5,0.0,0.0,70,7.0,3.8,0.0,0,0.0
W8418,2025-10-19 17:04:20.064563,19.5,100.0,4.3,4.3,68,6.8,16.8,0.0,0,0.0
W8419,2024-07-31 17:04:20.064563,19.9,75.5,0.0,0.0,62,4.8,94.9,0.0,0,0.0
W8420,2025-01-25 17:04:20.064563,27.9,60.9,2.7,2.7,32,4.8,27.9,0.0,0,0.0
W8421,2024-09-09 17:04:20.064563,34.4,56.9,0.0,0.0,15,7.2,1.2,0.0,0,0.0
W8422,2024-12-09 17:04:20.064563,19.0,95.3,0.0,0.0,45,6.4,25.4,0.0,0,0.0
W8423,2024-11-05 17:04:20.064563,16.3,81.9,0.0,0.0,84,4.7,73.5,0.0,0,0.0
W8424,2025-07-26 17:04:20.064563,31.1,64.5,1.9,1.9,79,4.0,91.6,0.0,0,0.0
W8425,2025-04-02 17:04:20.064563,24.7,74.0,3.1,3.1,42,5.1,15.5,0.0,1,38.39
W8426,2025-01-07 17:04:20.064563,33.3,60.4,2.2,2.2,56,6.3,22.4,0.0,0,0.0
W8427,2024-05-05 17:04:20.064563,15.9,79.6,0.0,0.0,79,5.4,44.2,0.0,0,0.0
W8428,2024-08-16 17:04:20.064563,7.2,97.8,4.3,4.3,54,4.8,74.8,0.0,0,0.0
W8429,2025-03-14 17:04:20.064563,19.7,78.7,0.0,0.0,85,4.3,65.9,0.0,0,0.0
W8430,2025-01-03 17:04:20.064563,17.3,83.9,1.2,1.2,62,5.0,32.8,0.0,0,0.0
W8431,2025-06-27 17:04:20.064563,24.2,83.1,0.0,0.0,77,7.3,6.6,0.0,0,0.0
W8432,2024-09-04 17:04:20.064563,18.6,99.7,0.0,0.0,61,4.4,25.3,0.0,0,0.0
W8433,2025-12-11 17:04:20.064563,32.4,53.0,0.0,0.0,52,4.3,22.0,0.0,0,0.0
W8434,2024-08-29 17:04:20.064563,22.1,72.9,0.0,0.0,91,5.0,2.1,0.0,0,0.0
W8435,2026-03-16 17:04:20.064563,26.5,62.0,0.0,0.0,39,3.5,97.5,0.0,0,0.0
W8436,2025-09-17 17:04:20.064563,26.6,72.0,0.0,0.0,57,4.6,25.5,0.0,0,0.0
W8437,2025-01-04 17:04:20.064563,26.9,64.2,0.0,0.0,67,3.4,83.7,0.0,0,0.0
W8438,2024-09-20 17:04:20.064563,24.8,75.3,0.0,0.0,87,5.9,48.5,0.0,0,0.0
W8439,2024-09-13 17:04:20.064563,30.1,75.9,0.0,0.0,53,1.8,97.2,0.02950000000000045,0,0.0
W8440,2026-03-13 17:04:20.064563,17.0,59.2,0.0,0.0,73,3.6,15.0,0.0,0,0.0
W8441,2026-02-25 17:04:20.064563,39.0,56.4,0.0,0.0,43,6.1,11.1,8.0,1,52.04
W8442,2026-01-29 17:04:20.064563,22.6,71.4,3.8,3.8,72,4.7,0.2,0.0,0,0.0
W8443,2024-08-22 17:04:20.064563,11.9,96.8,0.0,0.0,108,2.3,71.8,0.0,0,0.0
W8444,2024-08-30 17:04:20.064563,26.9,60.7,0.0,0.0,33,4.4,30.6,0.0,0,0.0
W8445,2024-11-16 17:04:20.064563,16.5,97.2,0.0,0.0,58,2.8,87.0,0.0,0,0.0
W8446,2024-07-15 17:04:20.064563,31.7,71.7,0.0,0.0,89,2.6,63.4,0.14450000000000018,0,0.0
W8447,2024-04-29 17:04:20.064563,45.0,48.2,0.0,0.0,132,4.1,57.7,20.0,1,439.89
W8448,2025-02-05 17:04:20.064563,17.1,92.2,0.0,0.0,85,2.9,48.7,0.0,0,0.0
W8449,2025-10-27 17:04:20.064563,28.3,60.1,0.0,0.0,59,3.3,25.8,0.0,0,0.0
W8450,2024-07-25 17:04:20.064563,7.4,92.6,7.7,7.7,55,2.7,6.5,0.0,0,0.0
W8451,2025-06-12 17:04:20.064563,29.5,73.2,21.1,21.1,15,1.1,44.4,10.55,1,224.47
W8452,2024-12-09 17:04:20.064563,16.1,78.1,0.0,0.0,91,4.5,9.9,0.0,0,0.0
W8453,2025-03-31 17:04:20.064563,18.8,96.3,8.1,8.1,79,1.0,90.6,0.0,0,0.0
W8454,2024-09-22 17:04:20.064563,14.0,85.8,0.0,0.0,103,2.3,82.9,0.0,0,0.0
W8455,2024-10-14 17:04:20.064563,32.3,66.5,1.1,1.1,66,4.8,62.0,0.0,0,0.0
W8456,2025-10-14 17:04:20.064563,35.1,78.4,5.9,5.9,48,3.5,45.2,2.342000000000005,0,0.0
W8457,2026-03-12 17:04:20.064563,25.2,65.1,0.0,0.0,106,3.0,45.4,0.0,0,0.0
W8458,2024-04-22 17:04:20.064563,16.4,86.2,0.0,0.0,104,3.3,46.5,0.0,0,0.0
W8459,2026-01-28 17:04:20.064563,40.9,59.2,0.0,0.0,57,4.4,74.5,11.799999999999997,1,74.0
W8460,2025-02-05 17:04:20.064563,17.5,93.3,4.0,4.0,61,1.4,12.6,0.0,0,0.0
W8461,2025-03-05 17:04:20.064563,3.4,100.0,3.1,3.1,86,2.3,53.1,0.0,0,0.0
W8462,2024-08-16 17:04:20.064563,29.6,60.5,12.4,12.4,47,3.4,81.3,3.1,0,0.0
W8463,2025-04-03 17:04:20.064563,14.0,86.7,6.4,6.4,65,2.6,51.0,0.0,0,0.0
W8464,2025-06-20 17:04:20.064563,34.9,72.1,0.0,0.0,48,4.2,1.4,0.5144999999999984,0,0.0
W8465,2025-09-21 17:04:20.064563,21.2,75.4,0.0,0.0,55,1.9,24.5,0.0,0,0.0
W8466,2024-08-31 17:04:20.064563,31.0,64.2,13.4,13.4,49,0.6,66.9,3.35,0,0.0
W8467,2025-09-15 17:04:20.064563,39.0,47.2,6.5,6.5,51,3.3,93.4,8.0,1,67.27
W8468,2025-01-20 17:04:20.064563,12.9,97.7,0.0,0.0,55,1.4,89.4,0.0,0,0.0
W8469,2024-07-20 17:04:20.064563,19.3,82.5,0.0,0.0,72,2.2,82.3,0.0,0,0.0
W8470,2024-04-12 17:04:20.064563,24.2,63.6,2.5,2.5,56,2.0,95.0,0.0,0,0.0
W8471,2025-05-06 17:04:20.064563,40.4,39.7,0.0,0.0,79,3.1,28.0,10.799999999999997,0,0.0
W8472,2025-08-11 17:04:20.064563,18.4,62.4,7.4,7.4,84,2.2,1.2,0.0,0,0.0
W8473,2024-08-13 17:04:20.064563,19.1,73.1,0.7,0.7,71,1.8,35.4,0.0,0,0.0
W8474,2025-06-30 17:04:20.064563,29.8,73.3,0.0,0.0,70,1.7,57.7,0.0,0,0.0
W8475,2025-02-08 17:04:20.064563,19.2,94.4,0.0,0.0,100,0.7,31.6,0.0,0,0.0
W8476,2024-08-24 17:04:20.064563,26.5,77.1,0.0,0.0,94,2.4,4.4,0.0,0,0.0
W8477,2024-03-22 17:04:20.064563,9.5,100.0,0.0,0.0,95,0.4,50.7,0.0,0,0.0
W8478,2025-09-28 17:04:20.064563,45.0,41.2,0.0,0.0,29,2.1,20.0,20.0,1,492.62
W8479,2025-08-19 17:04:20.064563,11.5,100.0,0.0,0.0,70,1.4,72.8,0.0,0,0.0
W8480,2025-02-20 17:04:20.064563,21.8,80.2,1.4,1.4,65,0.0,8.9,0.0,0,0.0
W8481,2026-01-09 17:04:20.064563,24.7,91.0,21.2,21.2,20,1.2,95.8,10.6,1,133.0
W8482,2026-03-10 17:04:20.064563,44.1,42.8,0.0,0.0,100,0.6,87.7,18.200000000000003,1,117.94
W8483,2025-01-14 17:04:20.064563,11.8,100.0,2.7,2.7,63,1.6,87.4,0.0,0,0.0
W8484,2025-07-16 17:04:20.064563,44.8,51.5,0.0,0.0,52,1.9,79.0,19.599999999999994,1,98.97
W8485,2025-01-08 17:04:20.064563,32.6,68.5,0.0,0.0,84,0.2,63.4,0.0,0,0.0
W8486,2025-10-26 17:04:20.064563,29.2,46.1,0.0,0.0,79,0.4,5.3,0.0,0,0.0
W8487,2026-01-29 17:04:20.064563,15.2,96.6,0.0,0.0,61,0.0,66.2,0.0,0,0.0
W8488,2024-08-15 17:04:20.064563,30.7,62.7,3.1,3.1,94,0.0,74.7,0.0,0,0.0
W8489,2025-10-17 17:04:20.064563,17.8,78.9,0.0,0.0,90,1.7,13.1,0.0,0,0.0
W8490,2025-06-13 17:04:20.064563,37.7,38.7,0.0,0.0,90,0.0,61.6,5.400000000000006,0,0.0
W8491,2025-02-27 17:04:20.064563,15.3,87.0,0.0,0.0,89,0.9,47.9,0.0,0,0.0
W8492,2026-02-21 17:04:20.064563,23.9,74.5,0.2,0.2,101,0.0,47.2,0.0,0,0.0
W8493,2024-07-11 17:04:20.064563,19.4,67.8,0.0,0.0,76,0.0,19.9,0.0,0,0.0
W8494,2025-07-21 17:04:20.064563,15.1,72.6,0.0,0.0,54,0.6,73.9,0.0,0,0.0
W8495,2024-04-28 17:04:20.064563,32.4,66.2,0.4,0.4,74,0.0,92.5,0.0,0,0.0
W8496,2024-08-07 17:04:20.064563,30.4,73.2,3.9,3.9,38,0.4,78.8,0.06399999999999983,0,0.0
W8497,2026-02-10 17:04:20.064563,37.1,56.3,1.9,1.9,54,0.0,36.9,4.200000000000003,0,0.0
W8498,2025-10-03 17:04:20.064563,7.2,100.0,0.0,0.0,111,0.0,98.4,0.0,0,0.0
W8499,2024-07-15 17:04:20.064563,35.6,55.7,0.0,0.0,57,0.0,36.4,1.2000000000000028,0,0.0
W8500,2025-01-27 17:04:20.064563,45.0,42.0,0.0,0.0,55,0.0,23.4,20.0,0,0.0
W8501,2024-04-12 17:04:20.064563,20.5,70.1,0.0,0.0,92,1.5,96.8,0.0,1,45.46
W8502,2025-05-03 17:04:20.064563,44.0,28.5,0.0,0.0,96,1.1,79.0,18.0,1,153.38
W8503,2025-12-10 17:04:20.064563,22.4,95.0,0.5,0.5,44,0.0,76.1,0.0,0,0.0
W8504,2024-10-29 17:04:20.064563,11.3,100.0,5.7,5.7,72,2.4,7.7,0.0,0,0.0
W8505,2025-06-17 17:04:20.064563,21.9,63.2,0.0,0.0,67,1.0,19.2,0.0,0,0.0
W8506,2025-03-18 17:04:20.064563,35.5,58.3,0.0,0.0,84,0.0,1.9,1.0,0,0.0
W8507,2024-06-20 17:04:20.064563,16.6,84.1,2.6,2.6,66,0.0,77.7,0.0,0,0.0
W8508,2025-02-15 17:04:20.064563,19.0,78.8,2.2,2.2,46,0.0,27.8,0.0,0,0.0
W8509,2024-05-13 17:04:20.064563,30.9,59.5,5.2,5.2,57,0.0,13.2,0.0,0,0.0
W8510,2025-11-30 17:04:20.064563,25.0,76.3,0.0,0.0,90,0.0,18.2,0.0,0,0.0
W8511,2026-01-03 17:04:20.064563,30.8,71.9,0.0,0.0,116,0.4,64.1,0.07600000000000029,0,0.0
W8512,2024-10-03 17:04:20.064563,27.4,73.0,6.5,6.5,71,0.0,43.3,0.0,0,0.0
W8513,2025-11-05 17:04:20.064563,29.8,64.1,0.0,0.0,69,1.3,94.1,0.0,0,0.0
W8514,2025-09-08 17:04:20.064563,20.7,77.4,1.6,1.6,49,0.0,36.6,0.0,0,0.0
W8515,2024-10-31 17:04:20.064563,27.3,78.4,0.0,0.0,73,0.0,83.4,0.0,0,0.0
W8516,2024-12-27 17:04:20.064563,15.7,91.0,6.6,6.6,55,0.6,54.6,0.0,0,0.0
W8517,2024-10-04 17:04:20.064563,37.9,53.9,0.0,0.0,82,0.0,70.5,5.799999999999997,0,0.0
W8518,2024-04-10 17:04:20.064563,18.7,81.7,0.0,0.0,74,0.9,16.9,0.0,0,0.0
W8519,2024-06-11 17:04:20.064563,36.3,59.0,0.0,0.0,84,0.2,74.9,2.5999999999999943,0,0.0
W8520,2025-09-20 17:04:20.064563,22.7,71.3,0.0,0.0,67,0.0,8.6,0.0,0,0.0
W8521,2025-06-17 17:04:20.064563,27.0,77.7,0.6,0.6,107,0.3,69.1,0.0,0,0.0
W8522,2026-02-09 17:04:20.064563,20.1,69.2,0.0,0.0,86,0.0,46.6,0.0,0,0.0
W8523,2026-02-03 17:04:20.064563,14.8,83.6,0.0,0.0,60,0.1,22.9,0.0,0,0.0
W8524,2024-06-15 17:04:20.064563,7.6,100.0,0.0,0.0,93,0.0,48.0,0.0,0,0.0
W8525,2025-08-24 17:04:20.064563,14.4,77.0,6.0,6.0,38,0.0,85.6,0.0,0,0.0
W8526,2025-04-25 17:04:20.064563,21.8,61.6,1.3,1.3,53,0.0,15.5,0.0,0,0.0
W8527,2024-10-03 17:04:20.064563,27.1,70.0,0.0,0.0,56,0.7,17.0,0.0,0,0.0
W8528,2025-08-02 17:04:20.064563,35.1,40.4,0.0,0.0,99,0.0,53.4,0.20000000000000284,0,0.0
W8529,2025-02-06 17:04:20.064563,20.5,66.2,0.0,0.0,68,0.0,62.5,0.0,0,0.0
W8530,2025-11-25 17:04:20.064563,16.2,93.3,0.0,0.0,59,0.0,42.0,0.0,0,0.0
W8531,2025-11-27 17:04:20.064563,10.6,92.1,0.0,0.0,74,0.1,26.6,0.0,0,0.0
W8532,2025-08-23 17:04:20.064563,29.8,78.2,6.8,6.8,68,1.2,6.7,0.0,0,0.0
W8533,2024-05-14 17:04:20.064563,38.8,39.7,0.0,0.0,102,0.3,5.0,7.599999999999994,0,0.0
W8534,2026-01-29 17:04:20.064563,37.7,52.6,0.0,0.0,40,1.0,4.1,5.400000000000006,0,0.0
W8535,2025-03-22 17:04:20.064563,32.1,65.8,0.0,0.0,95,0.2,90.1,0.0,0,0.0
W8536,2025-04-29 17:04:20.064563,31.4,51.2,0.0,0.0,28,0.2,13.1,0.0,0,0.0
W8537,2024-08-16 17:04:20.064563,42.0,57.4,0.0,0.0,87,0.0,29.5,14.0,1,161.5
W8538,2025-05-29 17:04:20.064563,28.3,72.6,2.3,2.3,87,1.0,98.6,0.0,0,0.0
W8539,2025-03-31 17:04:20.064563,31.5,46.7,0.0,0.0,92,1.6,92.7,0.0,0,0.0
W8540,2025-04-17 17:04:20.064563,21.8,76.9,1.1,1.1,77,0.0,4.3,0.0,0,0.0
W8541,2025-04-03 17:04:20.064563,11.4,96.8,0.0,0.0,46,0.2,55.1,0.0,0,0.0
W8542,2024-03-30 17:04:20.064563,18.2,76.9,0.0,0.0,82,0.0,63.3,0.0,0,0.0
W8543,2025-01-03 17:04:20.064563,24.9,57.8,0.0,0.0,45,1.7,5.4,0.0,0,0.0
W8544,2025-03-06 17:04:20.064563,25.6,74.4,0.0,0.0,47,0.2,72.8,0.0,0,0.0
W8545,2025-03-12 17:04:20.064563,44.3,65.7,0.0,0.0,56,0.0,98.8,18.599999999999994,1,120.19
W8546,2025-01-27 17:04:20.064563,25.8,67.4,0.0,0.0,58,0.0,42.9,0.0,0,0.0
W8547,2025-06-17 17:04:20.064563,36.8,70.5,3.2,3.2,63,0.0,44.9,3.7699999999999942,0,0.0
W8548,2025-10-13 17:04:20.064563,20.6,71.5,0.0,0.0,50,0.0,65.9,0.0,0,0.0
W8549,2024-06-15 17:04:20.064563,21.9,79.3,0.0,0.0,70,0.0,73.7,0.0,0,0.0
W8550,2024-10-24 17:04:20.064563,11.7,100.0,6.7,6.7,22,0.2,79.0,0.0,0,0.0
W8551,2025-06-15 17:04:20.064563,17.6,83.6,0.0,0.0,63,0.0,7.8,0.0,0,0.0
W8552,2025-05-17 17:04:20.064563,30.3,61.6,0.0,0.0,57,0.4,80.1,0.0,0,0.0
W8553,2025-06-14 17:04:20.064563,25.1,79.6,0.0,0.0,82,0.0,86.4,0.0,0,0.0
W8554,2025-01-07 17:04:20.064563,34.4,77.3,0.0,0.0,84,0.2,4.5,1.6059999999999988,0,0.0
W8555,2024-09-01 17:04:20.064563,26.8,72.8,0.0,0.0,57,0.0,3.9,0.0,0,0.0
W8556,2025-05-26 17:04:20.064563,21.5,72.6,0.0,0.0,21,0.3,55.1,0.0,0,0.0
W8557,2025-05-16 17:04:20.064563,45.0,40.6,0.0,0.0,30,0.2,49.7,20.0,1,368.62
W8558,2024-08-07 17:04:20.064563,24.1,99.1,0.0,0.0,82,0.1,98.0,0.0,0,0.0
W8559,2025-11-09 17:04:20.064563,36.6,56.4,0.8,0.8,54,0.0,29.4,3.200000000000003,0,0.0
W8560,2025-11-20 17:04:20.064563,21.0,72.6,4.5,4.5,84,0.6,59.0,0.0,0,0.0
W8561,2024-06-14 17:04:20.064563,32.1,50.4,0.0,0.0,76,0.3,50.7,0.0,0,0.0
W8562,2024-08-12 17:04:20.064563,34.3,40.3,0.0,0.0,63,0.6,53.6,0.0,1,42.05
W8563,2024-10-16 17:04:20.064563,27.1,73.0,0.0,0.0,59,0.0,66.0,0.0,0,0.0
W8564,2025-01-22 17:04:20.064563,1.5,100.0,5.0,11.7,23,0.0,53.8,0.0,0,0.0
W8565,2025-07-17 17:04:20.064563,25.2,68.3,0.0,0.0,43,0.0,0.7,0.0,0,0.0
W8566,2025-09-06 17:04:20.064563,37.3,53.9,0.0,0.0,64,0.0,84.4,4.599999999999994,0,0.0
W8567,2025-02-24 17:04:20.064563,30.3,52.9,0.0,0.0,48,0.0,20.1,0.0,0,0.0
W8568,2024-05-24 17:04:20.064563,29.5,67.1,0.0,0.0,64,1.0,23.1,0.0,0,0.0
W8569,2025-11-12 17:04:20.064563,7.8,100.0,8.6,8.6,57,0.0,64.8,0.0,0,0.0
W8570,2025-04-06 17:04:20.064563,17.8,78.0,0.0,0.0,50,0.0,47.8,0.0,0,0.0
W8571,2024-06-16 17:04:20.064563,29.1,83.2,0.0,0.0,44,0.0,57.4,0.0,0,0.0
W8572,2024-03-24 17:04:20.064563,29.1,58.0,6.4,6.4,22,0.0,49.7,0.0,0,0.0
W8573,2025-05-11 17:04:20.064563,37.1,57.1,0.0,0.0,69,0.0,41.8,4.200000000000003,0,0.0
W8574,2026-01-01 17:04:20.064563,23.6,83.2,12.9,12.9,41,0.0,48.3,3.225,0,0.0
W8575,2024-12-22 17:04:20.064563,29.1,65.6,0.0,0.0,95,0.0,14.1,0.0,0,0.0
W8576,2025-05-16 17:04:20.064563,25.2,70.4,0.0,0.0,54,0.0,96.9,0.0,0,0.0
W8577,2024-09-13 17:04:20.064563,15.1,73.0,0.0,0.0,48,0.0,57.5,0.0,0,0.0
W8578,2025-10-08 17:04:20.064563,2.4,100.0,0.0,0.0,59,0.0,28.7,0.0,0,0.0
W8579,2025-07-04 17:04:20.064563,29.3,64.3,0.0,0.0,43,0.0,71.3,0.0,0,0.0
W8580,2026-03-15 17:04:20.064563,26.7,75.3,0.0,0.0,31,0.6,88.0,0.0,0,0.0
W8581,2025-10-20 17:04:20.064563,18.8,88.5,0.0,0.0,49,0.0,29.6,0.0,0,0.0
W8582,2024-08-05 17:04:20.064563,8.8,90.5,5.5,5.5,45,0.5,32.5,0.0,0,0.0
W8583,2024-10-08 17:04:20.064563,31.3,61.1,0.0,0.0,57,0.0,43.9,0.0,0,0.0
W8584,2024-09-24 17:04:20.064563,22.3,89.8,0.0,0.0,55,1.0,21.7,0.0,0,0.0
W8585,2025-04-12 17:04:20.064563,30.6,53.0,25.3,25.3,16,0.0,81.0,12.65,1,150.08
W8586,2025-01-08 17:04:20.064563,43.6,65.8,0.9,0.9,54,0.0,58.4,17.200000000000003,1,189.51
W8587,2025-10-06 17:04:20.064563,3.6,97.2,6.9,6.9,36,2.5,5.7,0.0,0,0.0
W8588,2025-08-02 17:04:20.064563,18.0,71.2,0.0,0.0,19,0.0,99.7,0.0,0,0.0
W8589,2024-04-30 17:04:20.064563,22.9,77.0,0.0,0.0,49,0.0,57.5,0.0,0,0.0
W8590,2025-01-21 17:04:20.064563,39.5,72.8,0.0,0.0,40,0.0,89.0,10.329999999999998,0,0.0
W8591,2025-11-07 17:04:20.064563,8.6,77.9,0.0,0.0,20,0.4,50.2,0.0,0,0.0
W8592,2025-01-23 17:04:20.064563,44.4,42.1,6.0,6.0,40,0.0,58.2,18.799999999999997,1,91.03
W8593,2025-08-05 17:04:20.064563,26.4,75.2,2.4,2.4,47,0.1,45.4,0.0,0,0.0
W8594,2025-10-11 17:04:20.064563,24.0,74.3,0.0,0.0,50,0.0,42.3,0.0,0,0.0
W8595,2025-07-05 17:04:20.064563,23.0,79.3,0.0,0.0,52,0.0,21.8,0.0,0,0.0
W8596,2024-11-02 17:04:20.064563,20.6,71.9,0.0,0.0,43,1.1,96.2,0.0,0,0.0
W8597,2024-04-14 17:04:20.064563,35.5,50.8,3.0,3.0,29,0.0,18.2,1.0,0,0.0
W8598,2024-03-20 17:04:20.064563,14.3,87.0,1.2,1.2,72,0.9,52.6,0.0,0,0.0
W8599,2024-08-22 17:04:20.064563,28.5,56.0,3.5,3.5,35,0.0,8.7,0.0,1,36.69
W8600,2024-12-11 17:04:20.064563,21.2,77.8,0.0,0.0,15,0.0,99.3,0.0,0,0.0
W8601,2025-01-19 17:04:20.064563,17.4,80.0,0.0,0.0,15,0.0,55.6,0.0,0,0.0
W8602,2026-01-02 17:04:20.064563,45.0,37.8,7.2,7.2,47,1.9,81.5,20.0,1,309.08
W8603,2025-12-29 17:04:20.064563,29.2,69.4,0.1,0.1,15,0.0,56.3,0.0,0,0.0
W8604,2025-07-14 17:04:20.064563,31.1,45.1,3.6,3.6,18,0.0,80.5,0.0,0,0.0
W8605,2024-07-23 17:04:20.064563,36.4,53.1,0.0,0.0,15,0.0,53.4,2.799999999999997,0,0.0
W8606,2026-01-16 17:04:20.064563,10.8,100.0,0.0,0.0,29,0.0,44.5,0.0,0,0.0
W8607,2026-01-28 17:04:20.064563,42.5,35.4,0.0,0.0,43,0.0,45.6,15.0,0,0.0
W8608,2025-01-06 17:04:20.064563,-0.1,100.0,2.7,6.2,16,0.0,0.2,0.30000000000000004,0,0.0
W8609,2025-05-19 17:04:20.064563,17.3,84.6,0.3,0.3,17,1.3,37.1,0.0,0,0.0
W8610,2024-09-17 17:04:20.064563,20.4,73.4,0.0,0.0,48,1.1,95.2,0.0,0,0.0
W8611,2025-08-03 17:04:20.064563,30.8,50.6,0.0,0.0,86,0.3,67.6,0.0,0,0.0
W8612,2026-02-20 17:04:20.064563,27.2,70.6,0.0,0.0,44,0.3,91.9,0.0,0,0.0
W8613,2026-01-07 17:04:20.064563,23.3,89.5,0.0,0.0,15,0.2,20.0,0.0,0,0.0
W8614,2024-11-23 17:04:20.064563,24.9,68.8,0.6,0.6,48,0.0,49.1,0.0,0,0.0
W8615,2024-04-16 17:04:20.064563,15.2,86.4,0.0,0.0,66,0.0,3.4,0.0,0,0.0
W8616,2024-07-18 17:04:20.064563,10.0,100.0,3.1,3.1,46,1.6,67.7,0.0,0,0.0
W8617,2024-12-26 17:04:20.064563,32.3,65.0,0.0,0.0,15,0.6,78.4,0.0,0,0.0
W8618,2025-08-04 17:04:20.064563,31.9,46.4,0.0,0.0,41,0.0,74.8,0.0,0,0.0
W8619,2024-05-25 17:04:20.064563,40.8,49.7,0.0,0.0,21,0.0,8.7,11.599999999999994,0,0.0
W8620,2025-11-21 17:04:20.064563,17.1,99.5,0.0,0.0,31,0.5,24.8,0.0,0,0.0
W8621,2025-03-23 17:04:20.064563,31.9,61.7,0.0,0.0,22,0.4,65.6,0.0,0,0.0
W8622,2025-11-03 17:04:20.064563,22.2,49.3,0.0,0.0,44,0.5,75.9,0.0,0,0.0
W8623,2025-07-23 17:04:20.064563,36.9,58.5,0.0,0.0,21,0.0,27.4,3.799999999999997,1,38.78
W8624,2025-10-18 17:04:20.064563,35.2,55.2,0.0,0.0,56,0.3,40.6,0.4000000000000057,0,0.0
W8625,2025-06-07 17:04:20.064563,27.1,51.0,0.0,0.0,28,1.1,35.1,0.0,0,0.0
W8626,2024-12-07 17:04:20.064563,21.6,60.8,0.0,0.0,23,0.0,0.5,0.0,0,0.0
W8627,2025-12-21 17:04:20.064563,34.6,67.8,0.0,0.0,38,1.7,57.7,0.0,0,0.0
W8628,2026-02-18 17:04:20.064563,31.5,55.5,0.0,0.0,34,0.3,66.9,0.0,0,0.0
W8629,2025-07-18 17:04:20.064563,18.2,73.7,0.0,0.0,38,0.1,27.6,0.0,0,0.0
W8630,2026-02-26 17:04:20.064563,11.7,92.1,0.3,0.3,23,0.0,68.8,0.0,0,0.0
W8631,2024-07-18 17:04:20.064563,22.1,70.4,0.0,0.0,52,0.0,24.3,0.0,0,0.0
W8632,2025-04-04 17:04:20.064563,40.2,50.8,0.0,0.0,45,0.0,71.6,10.400000000000006,1,69.57
W8633,2025-08-24 17:04:20.064563,36.5,53.3,5.4,5.4,15,0.0,45.7,3.0,0,0.0
W8634,2025-10-28 17:04:20.064563,13.9,77.2,0.0,0.0,41,0.0,87.2,0.0,0,0.0
W8635,2024-04-04 17:04:20.064563,13.3,84.9,7.5,7.5,15,0.0,54.5,0.0,0,0.0
W8636,2024-12-08 17:04:20.064563,37.7,57.8,2.4,2.4,31,0.7,18.5,5.400000000000006,0,0.0
W8637,2024-08-31 17:04:20.064563,13.6,90.0,0.0,0.0,40,0.0,82.2,0.0,0,0.0
W8638,2025-11-03 17:04:20.064563,30.1,64.0,0.0,0.0,29,0.0,77.8,0.0,0,0.0
W8639,2024-05-16 17:04:20.064563,18.8,100.0,1.0,1.0,15,0.0,8.4,0.0,0,0.0
W8640,2024-08-14 17:04:20.064563,41.2,55.6,0.0,0.0,15,0.0,4.8,12.400000000000006,1,140.7
W8641,2025-02-08 17:04:20.064563,17.3,92.6,0.0,0.0,29,2.4,13.6,0.0,0,0.0
W8642,2025-07-03 17:04:20.064563,36.4,53.7,0.0,0.0,15,1.7,84.5,2.799999999999997,0,0.0
W8643,2026-02-25 17:04:20.064563,26.8,71.9,0.0,0.0,43,0.0,32.0,0.0,0,0.0
W8644,2024-08-03 17:04:20.064563,27.5,64.4,0.0,0.0,15,0.0,50.5,0.0,0,0.0
W8645,2025-03-18 17:04:20.064563,5.3,100.0,0.0,0.0,48,0.0,60.3,0.0,0,0.0
W8646,2024-09-01 17:04:20.064563,3.0,100.0,0.0,0.0,23,0.0,74.3,0.0,0,0.0
W8647,2024-05-11 17:04:20.064563,22.8,78.0,11.8,11.8,15,0.7,83.0,2.95,0,0.0
W8648,2024-12-22 17:04:20.064563,27.5,70.4,3.6,3.6,15,0.0,51.6,0.0,0,0.0
W8649,2025-03-22 17:04:20.064563,13.7,89.2,21.6,21.6,15,1.6,41.6,10.8,1,93.29
W8650,2025-05-21 17:04:20.064563,14.1,100.0,0.0,0.0,31,0.9,19.6,0.0,0,0.0
W8651,2025-12-29 17:04:20.064563,30.6,57.4,16.5,16.5,15,0.9,60.8,4.125,1,30.57
W8652,2025-03-17 17:04:20.064563,30.6,57.3,1.1,1.1,15,0.4,55.0,0.0,0,0.0
W8653,2024-05-06 17:04:20.064563,23.6,81.5,0.0,0.0,15,0.0,29.1,0.0,0,0.0
W8654,2025-01-08 17:04:20.064563,32.8,54.8,0.0,0.0,20,1.0,44.6,0.0,0,0.0
W8655,2025-01-10 17:04:20.064563,13.3,87.2,0.0,0.0,35,0.0,74.0,0.0,0,0.0
W8656,2025-09-11 17:04:20.064563,21.4,67.0,8.7,8.7,15,0.0,62.7,0.0,0,0.0
W8657,2026-01-01 17:04:20.064563,41.5,52.7,0.0,0.0,15,0.1,48.2,13.0,1,125.56
W8658,2024-06-04 17:04:20.064563,25.7,76.5,0.4,0.4,24,0.0,27.2,0.0,0,0.0
W8659,2025-08-26 17:04:20.064563,26.3,67.5,2.3,2.3,19,0.0,66.8,0.0,0,0.0
W8660,2024-10-02 17:04:20.064563,45.0,49.6,0.0,0.0,15,0.7,62.8,20.0,1,225.12
W8661,2025-12-21 17:04:20.064563,11.0,74.9,0.0,0.0,22,0.0,45.8,0.0,0,0.0
W8662,2024-09-21 17:04:20.064563,33.0,53.5,1.5,1.5,15,0.0,23.9,0.0,0,0.0
W8663,2024-06-22 17:04:20.064563,41.6,45.8,0.0,0.0,38,1.2,17.5,13.200000000000003,1,173.53
W8664,2025-11-21 17:04:20.064563,21.8,65.7,0.0,0.0,31,0.0,33.9,0.0,0,0.0
W8665,2024-09-05 17:04:20.064563,33.6,42.1,0.8,0.8,48,1.1,90.9,0.0,0,0.0
W8666,2025-09-25 17:04:20.064563,15.2,84.2,0.0,0.0,15,0.1,75.4,0.0,0,0.0
W8667,2025-02-11 17:04:20.064563,18.1,89.7,0.0,0.0,31,0.0,89.1,0.0,0,0.0
W8668,2025-02-04 17:04:20.064563,28.8,79.5,0.0,0.0,15,0.0,84.3,0.0,0,0.0
W8669,2026-02-17 17:04:20.064563,33.0,55.0,0.0,0.0,15,0.7,45.9,0.0,0,0.0
W8670,2025-01-20 17:04:20.064563,36.2,63.0,0.0,0.0,15,1.2,53.0,2.4000000000000057,0,0.0
W8671,2024-12-20 17:04:20.064563,40.7,55.3,0.0,0.0,15,0.0,17.0,11.400000000000006,1,202.14
W8672,2026-02-17 17:04:20.064563,24.3,85.7,0.0,0.0,40,0.2,72.1,0.0,0,0.0
W8673,2026-03-02 17:04:20.064563,36.9,51.1,0.0,0.0,43,1.1,42.2,3.799999999999997,0,0.0
W8674,2026-02-20 17:04:20.064563,21.6,59.6,3.2,3.2,39,0.0,16.1,0.0,0,0.0
W8675,2025-03-24 17:04:20.064563,34.0,59.7,0.0,0.0,32,0.7,9.5,0.0,0,0.0
W8676,2024-06-24 17:04:20.064563,27.1,59.2,0.0,0.0,33,1.1,69.6,0.0,0,0.0
W8677,2025-09-16 17:04:20.064563,29.5,58.6,0.0,0.0,15,0.4,48.2,0.0,0,0.0
W8678,2025-11-01 17:04:20.064563,29.2,63.1,0.0,0.0,48,0.5,0.9,0.0,0,0.0
W8679,2025-03-13 17:04:20.064563,9.0,93.2,0.0,0.0,45,0.7,82.5,0.0,0,0.0
W8680,2024-08-12 17:04:20.064563,13.8,90.8,0.0,0.0,15,0.5,61.9,0.0,0,0.0
W8681,2024-03-31 17:04:20.064563,26.0,78.0,0.0,0.0,30,1.4,3.8,0.0,0,0.0
W8682,2024-08-05 17:04:20.064563,8.1,94.1,5.8,5.8,15,1.1,30.5,0.0,0,0.0
W8683,2025-08-30 17:04:20.064563,33.3,64.0,2.5,2.5,52,2.8,72.2,0.0,0,0.0
W8684,2024-12-31 17:04:20.064563,33.7,59.6,0.0,0.0,15,0.9,5.9,0.0,0,0.0
W8685,2025-04-03 17:04:20.064563,28.3,76.9,0.0,0.0,23,2.2,73.6,0.0,0,0.0
W8686,2025-07-27 17:04:20.064563,13.8,87.4,4.1,4.1,16,1.2,50.5,0.0,0,0.0
W8687,2025-05-13 17:04:20.064563,38.8,51.0,0.0,0.0,20,1.8,78.3,7.599999999999994,0,0.0
W8688,2025-03-01 17:04:20.064563,45.0,38.8,0.0,0.0,64,2.1,85.5,20.0,1,504.66
W8689,2024-08-31 17:04:20.064563,26.5,68.7,6.8,6.8,42,3.2,76.8,0.0,0,0.0
W8690,2024-06-30 17:04:20.064563,30.1,57.0,0.0,0.0,15,3.1,7.8,0.0,0,0.0
W8691,2024-10-27 17:04:20.064563,27.0,60.6,0.0,0.0,31,1.9,46.0,0.0,0,0.0
W8692,2024-08-23 17:04:20.064563,30.3,72.3,0.0,0.0,22,2.7,31.9,0.034500000000000045,0,0.0
W8693,2025-08-15 17:04:20.064563,23.8,63.5,0.0,0.0,39,4.3,50.8,0.0,0,0.0
W8694,2024-10-30 17:04:20.064563,24.7,69.8,12.9,12.9,15,1.9,96.6,3.225,0,0.0
W8695,2024-09-26 17:04:20.064563,34.1,69.1,0.0,0.0,15,2.0,12.4,0.0,0,0.0
W8696,2025-10-11 17:04:20.064563,45.0,39.0,0.0,0.0,15,1.7,86.6,20.0,1,149.74
W8697,2025-12-06 17:04:20.064563,11.0,100.0,3.6,3.6,15,1.5,99.1,0.0,0,0.0
W8698,2026-02-22 17:04:20.064563,24.0,68.1,3.7,3.7,15,2.7,99.0,0.0,0,0.0
W8699,2025-09-07 17:04:20.064563,13.2,79.7,0.0,0.0,27,1.2,79.7,0.0,0,0.0
W8700,2025-09-13 17:04:20.064563,40.9,32.7,0.0,0.0,15,2.6,46.6,11.799999999999997,1,125.2
W8701,2026-03-17 17:04:20.064563,19.1,94.4,8.9,8.9,40,4.1,17.8,0.0,0,0.0
W8702,2025-10-03 17:04:20.064563,10.6,82.8,2.5,2.5,30,2.7,60.8,0.0,0,0.0
W8703,2026-03-07 17:04:20.064563,31.4,70.4,2.0,2.0,38,3.2,61.0,0.02800000000000037,0,0.0
W8704,2024-07-12 17:04:20.064563,42.4,36.3,0.0,0.0,22,4.0,31.6,14.799999999999997,1,190.59
W8705,2025-05-19 17:04:20.064563,31.6,75.7,0.0,0.0,15,3.4,61.7,0.4560000000000007,0,0.0
W8706,2025-07-02 17:04:20.064563,27.0,91.5,0.0,0.0,43,3.6,11.7,0.0,0,0.0
W8707,2024-06-04 17:04:20.064563,29.1,49.5,0.0,0.0,15,4.1,63.4,0.0,0,0.0
W8708,2024-07-15 17:04:20.064563,39.1,40.4,0.0,0.0,15,2.2,89.7,8.200000000000003,0,0.0
W8709,2024-07-30 17:04:20.064563,16.3,93.3,0.0,0.0,38,3.9,47.2,0.0,0,0.0
W8710,2024-04-04 17:04:20.064563,23.9,79.3,5.2,5.2,15,2.0,76.5,0.0,0,0.0
W8711,2025-07-22 17:04:20.064563,20.5,87.1,0.0,0.0,20,3.7,63.6,0.0,0,0.0
W8712,2025-03-09 17:04:20.064563,13.3,84.3,0.0,0.0,41,5.6,0.3,0.0,0,0.0
W8713,2025-01-31 17:04:20.064563,21.7,97.3,21.5,21.5,15,5.2,12.2,10.75,0,0.0
W8714,2026-02-23 17:04:20.064563,36.1,57.1,3.7,3.7,15,2.7,77.5,2.200000000000003,0,0.0
W8715,2025-03-24 17:04:20.064563,30.7,51.8,0.0,0.0,53,6.7,4.0,0.0,0,0.0
W8716,2024-08-07 17:04:20.064563,31.4,60.3,0.0,0.0,28,3.6,95.6,0.0,0,0.0
W8717,2025-06-13 17:04:20.064563,26.5,58.3,3.3,3.3,48,3.1,89.4,0.0,0,0.0
W8718,2025-11-19 17:04:20.064563,30.2,80.6,0.0,0.0,42,4.8,36.2,0.10599999999999957,0,0.0
W8719,2025-09-04 17:04:20.064563,17.0,77.9,0.0,0.0,43,4.4,31.0,0.0,0,0.0
W8720,2025-03-03 17:04:20.064563,21.9,82.1,0.0,0.0,34,3.7,61.3,0.0,0,0.0
W8721,2024-09-10 17:04:20.064563,26.9,64.9,13.3,13.3,15,5.8,61.2,3.325,1,46.57
W8722,2026-03-14 17:04:20.064563,27.8,62.2,0.0,0.0,54,5.7,8.9,0.0,0,0.0
W8723,2025-01-23 17:04:20.064563,28.2,48.6,0.0,0.0,48,8.5,21.5,1.0,1,23.6
W8724,2024-04-16 17:04:20.064563,23.6,80.6,0.0,0.0,20,3.3,63.6,0.0,0,0.0
W8725,2024-07-17 17:04:20.064563,21.2,91.2,16.1,16.1,15,4.3,80.1,4.025,1,25.86
W8726,2024-10-31 17:04:20.064563,45.0,33.3,0.0,0.0,21,6.3,19.2,20.0,1,294.58
W8727,2024-07-27 17:04:20.064563,34.1,43.4,0.0,0.0,27,4.4,70.2,0.0,0,0.0
W8728,2026-02-26 17:04:20.064563,29.1,74.3,0.0,0.0,45,2.3,87.0,0.0,0,0.0
W8729,2024-08-10 17:04:20.064563,22.7,59.5,0.0,0.0,22,5.1,11.8,0.0,0,0.0
W8730,2026-02-20 17:04:20.064563,20.5,91.5,2.8,2.8,32,5.6,43.9,0.0,0,0.0
W8731,2024-11-05 17:04:20.064563,23.7,65.4,0.0,0.0,43,3.0,85.1,0.0,0,0.0
W8732,2025-01-26 17:04:20.064563,27.9,57.1,0.0,0.0,29,7.0,37.1,0.0,0,0.0
W8733,2024-07-24 17:04:20.064563,6.2,100.0,0.0,0.0,50,6.0,26.9,0.0,0,0.0
W8734,2024-10-18 17:04:20.064563,9.3,85.7,12.3,12.3,15,4.8,74.6,3.075,0,0.0
W8735,2024-07-29 17:04:20.064563,18.6,75.0,0.0,0.0,56,5.8,40.1,0.0,0,0.0
W8736,2024-06-06 17:04:20.064563,27.1,72.9,0.0,0.0,40,4.7,70.6,0.0,0,0.0
W8737,2025-05-27 17:04:20.064563,22.6,51.8,0.0,0.0,41,8.4,12.6,0.8000000000000007,0,0.0
W8738,2026-02-23 17:04:20.064563,39.8,66.8,0.0,0.0,20,6.5,55.4,9.599999999999994,1,42.31
W8739,2024-07-10 17:04:20.064563,10.2,95.2,2.3,2.3,30,6.2,37.9,0.0,0,0.0
W8740,2024-06-05 17:04:20.064563,17.5,70.8,0.0,0.0,43,4.5,99.7,0.0,0,0.0
W8741,2024-04-06 17:04:20.064563,40.2,39.5,0.0,0.0,60,6.5,59.1,10.400000000000006,0,0.0
W8742,2025-07-26 17:04:20.064563,26.3,80.4,0.0,0.0,34,4.4,68.2,0.0,0,0.0
W8743,2025-06-02 17:04:20.064563,33.8,65.2,3.3,3.3,55,5.6,13.1,0.0,0,0.0
W8744,2024-04-30 17:04:20.064563,45.0,56.4,6.7,6.7,15,4.4,99.2,20.0,1,314.56
W8745,2024-10-05 17:04:20.064563,18.1,76.1,0.0,0.0,49,8.8,5.1,1.6000000000000014,0,0.0
W8746,2024-07-06 17:04:20.064563,24.0,77.0,2.6,2.6,27,5.8,7.1,0.0,0,0.0
W8747,2024-04-20 17:04:20.064563,22.3,80.9,0.0,0.0,74,6.9,7.6,0.0,0,0.0
W8748,2026-01-22 17:04:20.064563,5.5,100.0,7.0,7.0,57,4.2,87.1,0.0,0,0.0
W8749,2025-08-25 17:04:20.064563,21.9,88.4,0.0,0.0,50,4.0,72.9,0.0,0,0.0
W8750,2025-11-15 17:04:20.064563,33.8,52.1,0.0,0.0,34,3.9,97.3,0.0,0,0.0
W8751,2024-05-17 17:04:20.064563,30.4,63.2,0.0,0.0,15,6.5,6.7,0.0,0,0.0
W8752,2025-07-11 17:04:20.064563,31.2,57.1,0.0,0.0,53,4.9,69.2,0.0,0,0.0
W8753,2024-07-17 17:04:20.064563,21.2,77.6,9.0,9.0,32,6.5,53.3,0.0,0,0.0
W8754,2024-12-02 17:04:20.064563,18.4,89.3,5.0,5.0,54,3.3,63.9,0.0,0,0.0
W8755,2024-05-01 17:04:20.064563,37.7,36.9,0.0,0.0,18,4.9,51.3,5.400000000000006,0,0.0
W8756,2024-05-24 17:04:20.064563,20.0,91.1,0.0,0.0,50,6.7,67.5,0.0,0,0.0
W8757,2025-01-20 17:04:20.064563,27.9,56.7,0.0,0.0,57,3.5,90.7,0.0,0,0.0
W8758,2026-01-30 17:04:20.064563,26.6,67.0,1.7,1.7,27,3.0,58.7,0.0,0,0.0
W8759,2024-03-28 17:04:20.064563,39.6,63.0,0.0,0.0,51,4.6,89.6,9.200000000000003,1,90.07
W8760,2024-06-24 17:04:20.064563,34.7,61.2,0.0,0.0,35,4.8,78.2,0.0,0,0.0
W8761,2024-07-22 17:04:20.064563,12.0,95.3,5.1,5.1,23,4.7,86.5,0.0,0,0.0
W8762,2025-11-24 17:04:20.064563,13.1,78.5,0.0,0.0,40,5.4,65.9,0.0,0,0.0
W8763,2024-10-14 17:04:20.064563,30.8,53.4,4.1,4.1,38,7.2,51.9,0.0,0,0.0
W8764,2025-11-09 17:04:20.064563,24.4,82.9,11.5,11.5,53,7.0,7.0,2.875,0,0.0
W8765,2024-10-08 17:04:20.064563,20.4,73.4,1.7,1.7,42,4.5,83.5,0.0,1,37.33
W8766,2024-09-23 17:04:20.064563,35.2,52.3,16.9,16.9,15,6.6,24.2,4.625000000000005,1,34.93
W8767,2026-02-02 17:04:20.064563,26.9,79.3,3.2,3.2,63,8.5,3.7,1.0,0,0.0
W8768,2025-03-12 17:04:20.064563,25.5,61.2,0.0,0.0,74,6.6,51.9,0.0,1,48.55
W8769,2024-04-16 17:04:20.064563,32.8,63.5,0.0,0.0,71,5.8,63.3,0.0,0,0.0
W8770,2024-06-18 17:04:20.064563,21.2,78.6,0.0,0.0,82,7.4,66.2,0.0,0,0.0
W8771,2024-08-14 17:04:20.064563,40.7,48.9,1.5,1.5,56,5.8,67.0,11.400000000000006,0,0.0
W8772,2024-12-27 17:04:20.064563,17.1,79.1,0.0,0.0,59,6.5,65.4,0.0,0,0.0
W8773,2025-11-01 17:04:20.064563,31.6,56.8,0.0,0.0,42,3.8,80.8,0.0,0,0.0
W8774,2025-03-09 17:04:20.064563,39.3,40.2,0.0,0.0,85,4.1,76.9,8.599999999999994,1,79.36
W8775,2025-03-13 17:04:20.064563,11.2,98.0,4.4,4.4,47,6.6,81.3,0.0,0,0.0
W8776,2024-08-29 17:04:20.064563,21.6,71.0,0.0,0.0,52,4.6,46.0,0.0,0,0.0
W8777,2025-08-12 17:04:20.064563,36.4,65.1,1.6,1.6,47,8.2,6.3,3.1999999999999957,0,0.0
W8778,2025-12-05 17:04:20.064563,36.6,52.9,0.0,0.0,71,6.5,64.0,3.200000000000003,0,0.0
W8779,2024-11-20 17:04:20.064563,23.3,64.5,4.8,4.8,51,8.0,21.0,0.0,0,0.0
W8780,2025-08-17 17:04:20.064563,17.7,81.1,2.5,2.5,58,2.7,86.0,0.0,0,0.0
W8781,2025-10-22 17:04:20.064563,34.6,54.1,0.0,0.0,54,4.4,72.2,0.0,0,0.0
W8782,2024-05-26 17:04:20.064563,36.8,64.8,0.0,0.0,57,5.2,76.6,3.5999999999999943,0,0.0
W8783,2024-06-27 17:04:20.064563,13.4,86.3,0.0,0.0,58,7.1,28.6,0.0,0,0.0
W8784,2025-10-31 17:04:20.064563,13.0,87.8,4.8,4.8,80,5.0,63.3,0.0,0,0.0
W8785,2024-04-01 17:04:20.064563,27.3,83.2,0.0,0.0,26,4.7,52.8,0.0,0,0.0
W8786,2025-09-10 17:04:20.064563,31.3,68.1,0.0,0.0,71,6.0,26.8,0.0,0,0.0
W8787,2024-10-26 17:04:20.064563,22.0,93.6,0.0,0.0,85,3.6,81.2,0.0,0,0.0
W8788,2024-09-30 17:04:20.064563,31.8,74.9,0.0,0.0,27,3.9,55.0,0.4410000000000007,0,0.0
W8789,2024-12-31 17:04:20.064563,17.9,74.3,0.0,0.0,62,6.1,19.1,0.0,0,0.0
W8790,2024-09-09 17:04:20.064563,3.9,100.0,0.8,0.8,82,7.7,30.5,0.0,0,0.0
W8791,2025-09-19 17:04:20.064563,20.8,94.1,2.7,2.7,44,5.8,22.7,0.0,0,0.0
W8792,2024-03-22 17:04:20.064563,25.6,86.9,1.9,1.9,67,4.2,31.2,0.0,0,0.0
W8793,2024-06-27 17:04:20.064563,22.2,86.5,0.0,0.0,47,5.8,18.8,0.0,0,0.0
W8794,2024-10-23 17:04:20.064563,13.4,99.6,0.0,0.0,67,7.2,37.1,0.0,0,0.0
W8795,2025-08-16 17:04:20.064563,6.8,96.7,3.5,3.5,85,2.7,69.4,0.0,0,0.0
W8796,2026-03-12 17:04:20.064563,19.9,71.8,2.1,2.1,97,3.4,95.9,0.0,0,0.0
W8797,2025-07-17 17:04:20.064563,34.0,55.5,0.0,0.0,72,6.5,21.1,0.0,0,0.0
W8798,2025-03-28 17:04:20.064563,37.6,37.0,7.0,7.0,28,4.3,30.0,5.200000000000003,0,0.0
W8799,2026-03-02 17:04:20.064563,36.9,68.1,0.0,0.0,62,6.4,0.2,3.799999999999997,0,0.0
W8800,2025-11-11 17:04:20.064563,16.8,81.9,4.0,4.0,24,4.6,22.5,0.0,0,0.0
W8801,2024-09-23 17:04:20.064563,13.5,100.0,3.3,3.3,56,3.6,41.8,0.0,0,0.0
W8802,2025-06-11 17:04:20.064563,30.0,52.7,0.0,0.0,89,5.2,46.2,0.0,0,0.0
W8803,2026-02-05 17:04:20.064563,31.4,73.8,4.1,4.1,34,6.9,26.6,0.2659999999999995,0,0.0
W8804,2024-07-05 17:04:20.064563,29.0,61.5,0.7,0.7,65,5.0,15.0,0.0,0,0.0
W8805,2024-09-19 17:04:20.064563,4.9,89.9,0.0,0.0,54,4.7,56.3,0.0,0,0.0
W8806,2025-03-16 17:04:20.064563,16.3,100.0,4.9,4.9,97,5.0,40.9,0.0,0,0.0
W8807,2025-04-10 17:04:20.064563,24.7,84.0,0.0,0.0,79,4.5,42.6,0.0,0,0.0
W8808,2025-05-26 17:04:20.064563,29.9,67.3,0.0,0.0,89,2.3,89.5,0.0,0,0.0
W8809,2024-10-23 17:04:20.064563,32.7,61.3,0.0,0.0,78,2.8,56.1,0.0,0,0.0
W8810,2025-08-26 17:04:20.064563,26.4,74.7,0.0,0.0,87,3.4,38.8,0.0,0,0.0
W8811,2024-11-06 17:04:20.064563,28.3,69.5,0.0,0.0,94,4.3,25.4,0.0,0,0.0
W8812,2025-05-09 17:04:20.064563,25.8,63.3,0.0,0.0,74,3.5,42.9,0.0,0,0.0
W8813,2024-07-11 17:04:20.064563,31.9,58.1,0.0,0.0,63,1.6,86.2,0.0,0,0.0
W8814,2025-02-02 17:04:20.064563,28.1,87.4,0.5,0.5,54,2.3,96.5,0.0,0,0.0
W8815,2024-07-22 17:04:20.064563,25.7,98.2,0.0,0.0,109,3.2,37.7,0.0,0,0.0
W8816,2025-07-08 17:04:20.064563,22.3,92.2,0.0,0.0,91,4.6,20.9,0.0,0,0.0
W8817,2024-07-08 17:04:20.064563,25.8,76.1,0.0,0.0,30,2.0,91.5,0.0,0,0.0
W8818,2025-09-01 17:04:20.064563,29.8,61.9,1.0,1.0,68,4.9,14.4,0.0,0,0.0
W8819,2024-08-04 17:04:20.064563,27.7,60.5,13.1,13.1,57,3.8,29.7,3.275,0,0.0
W8820,2025-08-07 17:04:20.064563,28.8,59.5,7.1,7.1,95,3.2,20.4,0.0,0,0.0
W8821,2025-03-22 17:04:20.064563,38.4,46.8,0.0,0.0,53,2.7,56.6,6.799999999999997,1,62.05
W8822,2026-03-09 17:04:20.064563,27.7,90.0,0.2,0.2,84,2.9,40.9,0.0,0,0.0
W8823,2025-01-07 17:04:20.064563,18.5,100.0,0.0,0.0,68,3.4,28.7,0.0,0,0.0
W8824,2025-10-09 17:04:20.064563,33.8,66.7,4.3,4.3,44,2.6,76.8,0.0,0,0.0
W8825,2024-04-28 17:04:20.064563,11.3,83.4,2.4,2.4,99,1.9,66.4,0.0,0,0.0
W8826,2024-06-10 17:04:20.064563,14.2,97.7,1.9,1.9,54,1.5,99.6,0.0,0,0.0
W8827,2025-02-16 17:04:20.064563,28.4,65.1,0.0,0.0,96,2.9,31.2,0.0,0,0.0
W8828,2025-08-05 17:04:20.064563,30.2,43.2,0.0,0.0,45,0.0,84.5,0.0,1,42.19
W8829,2024-07-14 17:04:20.064563,12.5,94.0,4.9,4.9,58,3.1,30.3,0.0,0,0.0
W8830,2025-04-16 17:04:20.064563,21.2,69.8,0.0,0.0,89,1.9,0.9,0.0,0,0.0
W8831,2025-01-02 17:04:20.064563,18.9,73.5,5.5,5.5,81,2.2,15.1,0.0,0,0.0
W8832,2025-06-28 17:04:20.064563,20.1,77.3,0.0,0.0,87,1.3,50.8,0.0,0,0.0
W8833,2025-11-22 17:04:20.064563,34.4,53.4,0.0,0.0,98,2.2,81.0,0.0,0,0.0
W8834,2025-01-31 17:04:20.064563,32.1,61.6,4.4,4.4,64,3.3,5.7,0.0,0,0.0
W8835,2026-02-19 17:04:20.064563,24.8,72.0,19.5,19.5,67,1.2,83.2,4.875,0,0.0
W8836,2025-06-15 17:04:20.064563,19.5,61.9,0.0,0.0,86,1.2,71.6,0.0,0,0.0
W8837,2024-11-04 17:04:20.064563,11.5,100.0,1.4,1.4,90,1.9,3.5,0.0,0,0.0
W8838,2025-10-06 17:04:20.064563,39.2,41.4,0.0,0.0,86,1.7,10.6,8.400000000000006,1,61.91
W8839,2025-05-09 17:04:20.064563,30.9,54.1,0.0,0.0,89,2.6,7.6,0.0,0,0.0
W8840,2025-01-09 17:04:20.064563,17.9,79.8,0.0,0.0,59,4.0,67.9,0.0,0,0.0
W8841,2025-05-30 17:04:20.064563,32.2,60.6,0.0,0.0,60,0.8,56.1,0.0,0,0.0
W8842,2024-09-27 17:04:20.064563,24.3,88.1,3.8,3.8,61,1.6,35.9,0.0,0,0.0
W8843,2024-05-28 17:04:20.064563,22.1,79.5,3.6,3.6,82,0.2,8.8,0.0,0,0.0
W8844,2025-07-18 17:04:20.064563,29.4,71.6,0.0,0.0,67,0.0,39.3,0.0,0,0.0
W8845,2026-02-11 17:04:20.064563,17.6,86.4,0.0,0.0,73,0.0,68.2,0.0,0,0.0
W8846,2025-03-29 17:04:20.064563,21.6,80.0,0.0,0.0,78,2.0,9.3,0.0,0,0.0
W8847,2024-09-17 17:04:20.064563,26.2,73.8,0.0,0.0,108,1.0,85.7,0.0,0,0.0
W8848,2024-03-31 17:04:20.064563,20.0,60.7,0.0,0.0,92,0.0,6.3,0.0,0,0.0
W8849,2026-02-06 17:04:20.064563,31.7,60.0,0.7,0.7,49,0.4,60.8,0.0,0,0.0
W8850,2025-08-03 17:04:20.064563,43.7,56.1,0.0,0.0,83,0.9,18.9,17.400000000000006,1,191.18
W8851,2026-02-04 17:04:20.064563,17.5,100.0,15.0,15.0,43,1.2,9.2,3.75,0,0.0
W8852,2024-07-03 17:04:20.064563,8.3,85.4,0.0,0.0,75,0.4,35.5,0.0,0,0.0
W8853,2025-04-27 17:04:20.064563,5.0,100.0,13.2,13.2,53,0.1,66.7,3.3,1,27.0
W8854,2025-06-09 17:04:20.064563,23.5,69.0,5.8,5.8,90,1.3,12.1,0.0,0,0.0
W8855,2025-09-04 17:04:20.064563,18.4,100.0,13.0,13.0,37,0.0,47.6,3.25,0,0.0
W8856,2026-01-21 17:04:20.064563,27.1,55.8,0.0,0.0,83,0.0,40.6,0.0,1,26.01
W8857,2026-02-08 17:04:20.064563,26.3,76.8,0.0,0.0,85,1.3,42.7,0.0,0,0.0
W8858,2024-06-13 17:04:20.064563,9.0,82.5,8.1,8.1,59,0.0,94.3,0.0,1,27.14
W8859,2024-07-18 17:04:20.064563,6.9,96.5,0.0,0.0,66,1.3,34.9,0.0,0,0.0
W8860,2024-08-11 17:04:20.064563,28.0,67.7,0.0,0.0,64,1.9,99.2,0.0,0,0.0
W8861,2025-04-26 17:04:20.064563,26.4,81.2,4.3,4.3,62,1.9,53.8,0.0,0,0.0
W8862,2025-05-02 17:04:20.064563,20.7,68.1,0.0,0.0,94,0.0,84.2,0.0,0,0.0
W8863,2026-02-27 17:04:20.064563,8.4,100.0,1.0,1.0,70,0.8,34.9,0.0,0,0.0
W8864,2025-11-12 17:04:20.064563,29.7,65.6,0.0,0.0,77,0.0,8.5,0.0,0,0.0
W8865,2024-06-30 17:04:20.064563,37.7,56.1,0.0,0.0,56,0.0,8.4,5.400000000000006,0,0.0
W8866,2024-09-06 17:04:20.064563,27.8,77.9,0.8,0.8,67,0.4,57.4,0.0,0,0.0
W8867,2024-05-23 17:04:20.064563,16.5,72.4,0.0,0.0,83,0.0,93.0,0.0,0,0.0
W8868,2025-03-25 17:04:20.064563,25.4,79.9,8.6,8.6,28,0.7,7.1,0.0,0,0.0
W8869,2024-10-07 17:04:20.064563,11.3,87.3,6.6,6.6,86,1.3,68.9,0.0,0,0.0
W8870,2025-02-27 17:04:20.064563,35.6,67.6,0.0,0.0,66,0.0,56.3,1.2000000000000028,0,0.0
W8871,2024-10-09 17:04:20.064563,25.8,74.6,0.2,0.2,113,0.4,65.2,0.0,0,0.0
W8872,2025-11-17 17:04:20.064563,7.3,96.9,0.0,0.0,86,0.0,21.6,0.0,0,0.0
W8873,2025-05-05 17:04:20.064563,22.0,71.1,0.9,0.9,39,0.5,7.1,0.0,0,0.0
W8874,2024-07-21 17:04:20.064563,29.6,73.8,0.0,0.0,83,1.4,7.5,0.0,0,0.0
W8875,2024-11-11 17:04:20.064563,21.7,90.1,0.0,0.0,71,0.4,24.7,0.0,0,0.0
W8876,2025-05-26 17:04:20.064563,22.2,71.3,0.0,0.0,83,0.0,21.4,0.0,0,0.0
W8877,2025-08-11 17:04:20.064563,12.8,79.5,0.0,0.0,109,1.3,12.6,0.0,0,0.0
W8878,2024-12-28 17:04:20.064563,30.7,70.9,0.8,0.8,89,0.0,26.5,0.03150000000000017,0,0.0
W8879,2026-03-18 17:04:20.064563,18.5,67.7,3.4,3.4,65,0.0,53.4,0.0,0,0.0
W8880,2025-11-03 17:04:20.064563,3.4,91.8,12.6,12.6,23,0.0,95.0,3.15,0,0.0
W8881,2025-11-15 17:04:20.064563,21.3,67.4,0.0,0.0,93,0.0,92.2,0.0,0,0.0
W8882,2024-12-22 17:04:20.064563,34.8,53.6,0.0,0.0,86,0.0,27.2,0.0,0,0.0
W8883,2026-01-06 17:04:20.064563,21.1,64.9,0.0,0.0,98,0.1,6.6,0.0,0,0.0
W8884,2025-05-01 17:04:20.064563,42.4,27.0,0.0,0.0,72,0.2,99.6,14.799999999999997,1,164.75
W8885,2025-03-17 17:04:20.064563,29.3,54.7,0.0,0.0,80,0.0,47.6,0.0,0,0.0
W8886,2025-07-18 17:04:20.064563,28.4,73.8,7.0,7.0,55,0.0,97.8,0.0,0,0.0
W8887,2026-01-29 17:04:20.064563,23.7,61.7,1.2,1.2,73,0.0,53.8,0.0,0,0.0
W8888,2025-11-25 17:04:20.064563,24.3,70.1,0.0,0.0,43,2.2,88.6,0.0,0,0.0
W8889,2025-05-06 17:04:20.064563,22.4,95.9,3.1,3.1,74,1.5,44.7,0.0,0,0.0
W8890,2025-07-27 17:04:20.064563,22.0,76.5,0.1,0.1,81,0.0,62.2,0.0,0,0.0
W8891,2025-08-23 17:04:20.064563,30.3,68.0,5.2,5.2,52,0.1,53.6,0.0,0,0.0
W8892,2024-12-28 17:04:20.064563,15.6,77.1,0.0,0.0,85,0.0,22.0,0.0,0,0.0
W8893,2024-08-15 17:04:20.064563,14.2,100.0,4.0,4.0,82,1.0,76.4,0.0,0,0.0
W8894,2025-06-26 17:04:20.064563,13.8,83.9,0.0,0.0,100,0.6,5.5,0.0,0,0.0
W8895,2024-07-06 17:04:20.064563,45.0,40.2,3.3,3.3,44,0.0,36.2,20.0,1,352.82
W8896,2024-07-21 17:04:20.064563,30.3,77.7,2.6,2.6,79,0.0,87.0,0.11550000000000031,0,0.0
W8897,2024-11-29 17:04:20.064563,28.0,66.1,0.0,0.0,97,0.0,50.3,0.0,0,0.0
W8898,2025-08-01 17:04:20.064563,14.4,88.8,0.0,0.0,63,1.4,7.8,0.0,0,0.0
W8899,2025-08-09 17:04:20.064563,31.2,60.3,0.0,0.0,98,0.0,20.8,0.0,0,0.0
W8900,2024-11-09 17:04:20.064563,23.8,71.5,1.0,1.0,53,1.3,11.0,0.0,0,0.0
W8901,2025-12-21 17:04:20.064563,27.1,73.0,2.0,2.0,67,0.3,27.8,0.0,0,0.0
W8902,2024-08-02 17:04:20.064563,15.2,92.7,0.0,0.0,34,0.0,16.5,0.0,0,0.0
W8903,2024-04-17 17:04:20.064563,26.6,63.7,3.4,3.4,24,0.0,71.2,0.0,0,0.0
W8904,2024-06-27 17:04:20.064563,20.8,71.2,0.0,0.0,37,0.6,65.9,0.0,0,0.0
W8905,2024-05-11 17:04:20.064563,17.3,77.9,0.0,0.0,96,0.8,13.5,0.0,0,0.0
W8906,2024-05-26 17:04:20.064563,32.3,47.5,0.0,0.0,52,0.9,44.5,0.0,0,0.0
W8907,2025-08-10 17:04:20.064563,9.6,79.7,4.1,4.1,43,0.2,29.6,0.0,0,0.0
W8908,2026-02-10 17:04:20.064563,30.6,67.0,0.0,0.0,74,0.4,33.7,0.0,0,0.0
W8909,2024-04-14 17:04:20.064563,31.8,71.6,0.0,0.0,51,2.3,57.6,0.14399999999999955,0,0.0
W8910,2024-09-17 17:04:20.064563,16.2,94.4,0.0,0.0,90,2.4,89.9,0.0,0,0.0
W8911,2025-04-13 17:04:20.064563,16.8,61.0,3.5,3.5,95,0.0,89.7,0.0,0,0.0
W8912,2025-11-27 17:04:20.064563,22.8,73.4,0.0,0.0,20,0.0,41.3,0.0,0,0.0
W8913,2026-02-11 17:04:20.064563,27.8,57.2,6.0,6.0,62,0.1,39.3,0.0,0,0.0
W8914,2025-02-15 17:04:20.064563,23.5,76.2,9.7,9.7,15,0.1,51.8,0.0,0,0.0
W8915,2024-08-21 17:04:20.064563,29.3,61.8,0.0,0.0,36,0.0,47.4,0.0,0,0.0
W8916,2025-01-22 17:04:20.064563,42.6,52.0,0.0,0.0,72,0.1,6.2,15.200000000000003,1,124.2
W8917,2025-12-14 17:04:20.064563,19.9,79.9,4.0,4.0,35,0.0,57.9,0.0,0,0.0
W8918,2025-12-16 17:04:20.064563,7.8,79.3,0.0,0.0,67,0.4,58.5,0.0,0,0.0
W8919,2024-06-24 17:04:20.064563,33.3,50.4,0.0,0.0,62,0.6,45.0,0.0,0,0.0
W8920,2024-06-04 17:04:20.064563,41.8,47.3,0.0,0.0,28,0.5,41.4,13.599999999999994,1,136.44
W8921,2026-01-23 17:04:20.064563,28.9,67.5,0.0,0.0,73,1.0,93.9,0.0,0,0.0
W8922,2025-09-01 17:04:20.064563,14.1,74.8,0.0,0.0,66,0.5,60.1,0.0,0,0.0
W8923,2025-08-04 17:04:20.064563,23.8,59.0,0.0,0.0,60,0.8,81.6,0.0,0,0.0
W8924,2025-07-08 17:04:20.064563,13.8,89.8,0.0,0.0,46,1.3,95.4,0.0,0,0.0
W8925,2024-10-10 17:04:20.064563,31.4,48.8,0.0,0.0,66,0.0,81.0,0.0,0,0.0
W8926,2025-01-12 17:04:20.064563,11.5,76.1,0.0,0.0,32,0.0,94.3,0.0,0,0.0
W8927,2026-01-24 17:04:20.064563,22.0,72.6,0.5,0.5,36,0.0,75.9,0.0,0,0.0
W8928,2025-08-09 17:04:20.064563,15.0,82.7,0.2,0.2,63,0.0,17.0,0.0,0,0.0
W8929,2025-08-02 17:04:20.064563,26.3,61.8,0.0,0.0,77,0.0,22.7,0.0,0,0.0
W8930,2025-08-16 17:04:20.064563,21.3,71.0,0.0,0.0,46,0.8,19.4,0.0,1,32.18
W8931,2024-12-10 17:04:20.064563,26.8,70.0,0.0,0.0,65,0.7,32.2,0.0,0,0.0
W8932,2025-09-24 17:04:20.064563,25.2,65.0,6.2,6.2,47,0.0,35.5,0.0,0,0.0
W8933,2025-03-04 17:04:20.064563,15.1,88.0,0.0,0.0,63,1.7,81.1,0.0,0,0.0
W8934,2025-09-22 17:04:20.064563,31.3,59.3,3.4,3.4,33,0.8,36.1,0.0,0,0.0
W8935,2025-09-28 17:04:20.064563,24.5,74.9,0.0,0.0,50,0.2,72.7,0.0,0,0.0
W8936,2024-04-05 17:04:20.064563,15.1,96.1,3.0,3.0,46,0.0,90.4,0.0,0,0.0
W8937,2024-04-19 17:04:20.064563,45.0,50.9,0.0,0.0,82,0.0,11.5,20.0,1,315.15
W8938,2025-06-01 17:04:20.064563,29.8,78.2,3.3,3.3,23,1.5,0.0,0.0,0,0.0
W8939,2024-07-17 17:04:20.064563,23.5,83.2,0.0,0.0,23,1.0,88.9,0.0,0,0.0
W8940,2025-04-14 17:04:20.064563,39.2,53.7,0.0,0.0,111,1.1,23.8,8.400000000000006,1,41.39
W8941,2025-06-21 17:04:20.064563,43.4,40.5,0.0,0.0,56,0.0,15.3,16.799999999999997,1,199.69
W8942,2025-02-03 17:04:20.064563,23.5,70.8,1.0,1.0,59,1.3,29.5,0.0,0,0.0
W8943,2025-04-07 17:04:20.064563,28.5,58.5,7.9,7.9,46,0.0,18.6,0.0,0,0.0
W8944,2025-06-14 17:04:20.064563,15.1,87.4,1.6,1.6,61,0.0,79.4,0.0,0,0.0
W8945,2025-07-01 17:04:20.064563,23.5,81.7,0.0,0.0,66,1.0,63.5,0.0,0,0.0
W8946,2024-04-23 17:04:20.064563,23.0,68.2,0.0,0.0,63,0.0,16.7,0.0,0,0.0
W8947,2024-04-20 17:04:20.064563,26.8,69.4,5.8,5.8,58,0.0,58.4,0.0,0,0.0
W8948,2024-09-15 17:04:20.064563,28.3,60.7,0.0,0.0,50,0.0,20.8,0.0,0,0.0
W8949,2025-10-09 17:04:20.064563,30.6,66.2,0.0,0.0,68,0.0,19.8,0.0,0,0.0
W8950,2026-01-22 17:04:20.064563,27.4,63.4,0.0,0.0,83,0.0,59.5,0.0,0,0.0
W8951,2025-01-22 17:04:20.064563,12.9,83.3,14.2,14.2,21,0.0,66.5,3.55,0,0.0
W8952,2026-03-11 17:04:20.064563,15.6,79.8,0.0,0.0,54,0.0,34.6,0.0,0,0.0
W8953,2024-09-02 17:04:20.064563,19.5,85.7,0.0,0.0,33,0.6,76.3,0.0,0,0.0
W8954,2025-08-03 17:04:20.064563,22.2,75.8,0.0,0.0,40,1.0,83.7,0.0,0,0.0
W8955,2025-06-02 17:04:20.064563,35.5,52.5,0.0,0.0,50,0.6,91.6,1.0,0,0.0
W8956,2024-08-02 17:04:20.064563,13.4,92.6,0.0,0.0,35,0.0,62.6,0.0,0,0.0
W8957,2025-01-31 17:04:20.064563,21.4,73.7,3.3,3.3,37,0.5,22.0,0.0,0,0.0
W8958,2025-04-20 17:04:20.064563,34.5,69.5,0.0,0.0,48,0.0,74.8,0.0,0,0.0
W8959,2025-07-30 17:04:20.064563,22.0,67.3,0.0,0.0,72,1.9,10.8,0.0,0,0.0
W8960,2024-07-08 17:04:20.064563,29.6,63.7,0.0,0.0,23,0.0,18.1,0.0,0,0.0
W8961,2025-10-21 17:04:20.064563,23.6,60.5,0.0,0.0,49,0.0,83.3,0.0,0,0.0
W8962,2026-02-07 17:04:20.064563,27.6,65.2,0.8,0.8,26,0.1,91.1,0.0,0,0.0
W8963,2025-08-02 17:04:20.064563,22.7,59.1,0.0,0.0,54,0.2,6.7,0.0,0,0.0
W8964,2026-01-22 17:04:20.064563,31.7,70.0,0.0,0.0,56,0.7,31.2,0.0,0,0.0
W8965,2025-10-06 17:04:20.064563,9.5,100.0,0.0,0.0,72,0.0,62.9,0.0,0,0.0
W8966,2026-02-17 17:04:20.064563,21.4,85.8,1.2,1.2,27,0.0,93.9,0.0,0,0.0
W8967,2025-09-21 17:04:20.064563,28.0,68.3,0.0,0.0,40,0.5,57.1,0.0,0,0.0
W8968,2025-10-24 17:04:20.064563,30.3,55.7,0.0,0.0,53,0.8,82.1,0.0,0,0.0
W8969,2025-07-12 17:04:20.064563,39.9,42.1,0.0,0.0,49,3.3,92.3,9.799999999999997,0,0.0
W8970,2025-07-18 17:04:20.064563,21.1,93.7,0.0,0.0,15,1.4,51.9,0.0,0,0.0
W8971,2025-10-14 17:04:20.064563,39.8,64.7,4.1,4.1,15,0.0,74.0,9.599999999999994,0,0.0
W8972,2024-08-25 17:04:20.064563,18.4,83.6,10.3,10.3,26,1.8,66.2,2.575,0,0.0
W8973,2025-08-18 17:04:20.064563,38.3,47.4,0.0,0.0,30,0.6,67.1,6.599999999999994,0,0.0
W8974,2024-05-14 17:04:20.064563,33.2,73.9,0.0,0.0,50,1.4,51.7,0.6240000000000014,0,0.0
W8975,2025-04-22 17:04:20.064563,15.9,79.3,1.6,1.6,51,0.5,62.3,0.0,0,0.0
W8976,2024-12-12 17:04:20.064563,28.1,70.2,0.0,0.0,29,1.4,55.4,0.0,0,0.0
W8977,2025-08-06 17:04:20.064563,24.5,86.8,0.0,0.0,45,1.1,63.8,0.0,1,36.04
W8978,2025-11-13 17:04:20.064563,31.3,54.8,0.0,0.0,61,0.6,50.5,0.0,0,0.0
W8979,2025-04-08 17:04:20.064563,22.8,84.1,6.9,6.9,38,0.0,22.2,0.0,0,0.0
W8980,2025-12-09 17:04:20.064563,21.9,82.3,0.0,0.0,16,0.0,69.4,0.0,0,0.0
W8981,2026-02-08 17:04:20.064563,38.7,51.6,0.0,0.0,27,0.0,38.4,7.400000000000006,0,0.0
W8982,2025-03-14 17:04:20.064563,24.0,64.0,0.0,0.0,31,0.0,12.8,0.0,0,0.0
W8983,2025-01-03 17:04:20.064563,33.3,52.9,0.0,0.0,15,1.1,85.1,0.0,0,0.0
W8984,2025-02-09 17:04:20.064563,22.7,78.8,0.0,0.0,51,0.6,18.1,0.0,0,0.0
W8985,2024-05-19 17:04:20.064563,41.7,33.3,0.0,0.0,17,0.0,54.1,13.400000000000006,1,92.06
W8986,2024-04-15 17:04:20.064563,18.2,84.0,10.0,10.0,15,1.0,72.1,0.0,0,0.0
W8987,2025-11-12 17:04:20.064563,18.9,87.1,3.0,3.0,44,0.0,64.8,0.0,0,0.0
W8988,2024-05-03 17:04:20.064563,40.2,59.5,2.7,2.7,15,0.3,16.1,10.400000000000006,1,126.76
W8989,2024-07-27 17:04:20.064563,20.6,65.2,0.0,0.0,21,1.4,19.4,0.0,0,0.0
W8990,2025-03-28 17:04:20.064563,41.0,61.6,0.0,0.0,34,0.0,14.9,12.0,1,127.6
W8991,2025-03-10 17:04:20.064563,33.9,76.1,0.0,0.0,19,0.2,7.3,1.1894999999999984,0,0.0
W8992,2025-11-05 17:04:20.064563,23.5,78.9,1.9,1.9,54,0.0,28.3,0.0,0,0.0
W8993,2024-04-14 17:04:20.064563,6.9,89.3,7.0,7.0,15,1.6,52.4,0.0,0,0.0
W8994,2025-12-18 17:04:20.064563,24.8,69.5,0.0,0.0,15,2.2,17.3,0.0,0,0.0
W8995,2025-03-02 17:04:20.064563,26.0,70.5,0.0,0.0,43,0.6,97.1,0.0,0,0.0
W8996,2025-04-11 17:04:20.064563,36.7,57.7,4.8,4.8,15,0.9,69.9,3.4000000000000057,0,0.0
W8997,2024-06-25 17:04:20.064563,40.9,48.9,0.0,0.0,15,1.4,58.3,11.799999999999997,1,167.34
W8998,2025-05-30 17:04:20.064563,18.2,85.6,7.8,7.8,17,0.8,68.1,0.0,0,0.0
W8999,2025-03-06 17:04:20.064563,33.0,59.6,0.8,0.8,31,0.0,43.6,0.0,0,0.0
W9000,2025-03-18 17:04:20.064563,32.7,63.7,5.5,5.5,15,0.0,47.0,0.0,0,0.0
W9001,2025-05-13 17:04:20.064563,35.7,51.8,0.0,0.0,48,0.0,88.9,1.4000000000000057,0,0.0
W9002,2025-03-12 17:04:20.064563,30.0,61.6,0.2,0.2,41,0.0,72.2,0.0,0,0.0
W9003,2024-05-14 17:04:20.064563,5.6,95.9,0.7,0.7,62,1.0,58.8,0.0,0,0.0
W9004,2026-01-24 17:04:20.064563,23.4,94.0,5.3,5.3,15,0.0,95.0,0.0,0,0.0
W9005,2024-11-23 17:04:20.064563,13.4,100.0,1.4,1.4,23,0.8,66.3,0.0,0,0.0
W9006,2024-11-26 17:04:20.064563,23.0,81.1,0.0,0.0,28,0.0,39.9,0.0,0,0.0
W9007,2024-11-13 17:04:20.064563,34.8,71.1,2.7,2.7,15,0.0,4.7,0.26399999999999846,0,0.0
W9008,2026-01-10 17:04:20.064563,28.1,75.9,0.0,0.0,30,0.6,39.1,0.0,0,0.0
W9009,2025-01-31 17:04:20.064563,36.5,57.1,0.0,0.0,32,1.5,92.5,3.0,0,0.0
W9010,2025-11-14 17:04:20.064563,28.4,52.3,0.0,0.0,32,0.9,4.5,0.0,0,0.0
W9011,2024-06-12 17:04:20.064563,12.0,89.4,0.8,0.8,15,0.0,18.5,0.0,0,0.0
W9012,2026-02-20 17:04:20.064563,-0.2,100.0,2.1,9.4,15,0.0,80.9,0.6000000000000001,0,0.0
W9013,2024-05-24 17:04:20.064563,26.5,58.9,5.0,5.0,15,0.0,36.5,0.0,0,0.0
W9014,2025-01-24 17:04:20.064563,22.9,60.8,6.7,6.7,15,0.6,18.6,0.0,0,0.0
W9015,2024-07-13 17:04:20.064563,15.2,92.1,0.0,0.0,20,0.0,81.6,0.0,0,0.0
W9016,2025-02-26 17:04:20.064563,8.0,100.0,0.0,0.0,51,0.0,55.8,0.0,0,0.0
W9017,2024-09-07 17:04:20.064563,17.7,71.8,0.0,0.0,62,0.8,54.8,0.0,0,0.0
W9018,2024-04-07 17:04:20.064563,23.1,68.0,1.3,1.3,44,1.4,29.4,0.0,0,0.0
W9019,2025-09-20 17:04:20.064563,31.7,74.1,0.0,0.0,15,0.0,67.5,0.34849999999999937,0,0.0
W9020,2025-02-14 17:04:20.064563,26.9,60.9,1.7,1.7,25,0.0,86.2,0.0,0,0.0
W9021,2024-04-25 17:04:20.064563,41.1,50.1,0.0,0.0,15,0.0,75.0,12.200000000000003,0,0.0
W9022,2025-07-02 17:04:20.064563,14.6,86.1,0.0,0.0,17,0.4,61.2,0.0,0,0.0
W9023,2026-01-20 17:04:20.064563,33.8,64.3,0.0,0.0,15,0.0,35.1,0.0,0,0.0
W9024,2025-05-24 17:04:20.064563,25.5,63.2,4.2,4.2,49,0.1,85.5,0.0,0,0.0
W9025,2025-10-20 17:04:20.064563,31.9,63.0,0.0,0.0,25,0.0,56.6,0.0,0,0.0
W9026,2025-08-27 17:04:20.064563,20.6,80.7,1.0,1.0,19,0.5,89.0,0.0,0,0.0
W9027,2025-05-23 17:04:20.064563,35.7,58.7,2.3,2.3,15,0.6,25.4,1.4000000000000057,0,0.0
W9028,2024-12-16 17:04:20.064563,28.0,68.9,0.7,0.7,15,0.0,65.4,0.0,0,0.0
W9029,2024-04-07 17:04:20.064563,18.2,86.1,5.1,5.1,20,0.7,93.5,0.0,0,0.0
W9030,2026-02-28 17:04:20.064563,24.9,94.6,5.5,5.5,15,0.5,37.4,0.0,0,0.0
W9031,2025-07-11 17:04:20.064563,22.6,100.0,5.5,5.5,20,0.0,95.1,0.0,0,0.0
W9032,2025-11-10 17:04:20.064563,29.9,58.8,0.0,0.0,48,0.0,39.2,0.0,0,0.0
W9033,2024-04-09 17:04:20.064563,13.2,67.0,0.0,0.0,22,0.0,43.8,0.0,0,0.0
W9034,2025-02-05 17:04:20.064563,24.7,78.9,0.2,0.2,15,0.0,80.6,0.0,0,0.0
W9035,2025-04-08 17:04:20.064563,29.0,68.4,15.8,15.8,15,0.0,26.1,3.95,1,24.21
W9036,2025-10-23 17:04:20.064563,25.3,82.6,0.0,0.0,44,0.0,70.6,0.0,0,0.0
W9037,2025-04-21 17:04:20.064563,38.5,55.1,0.0,0.0,22,0.6,29.8,7.0,0,0.0
W9038,2025-02-11 17:04:20.064563,32.7,61.5,14.2,14.2,15,0.0,59.4,3.55,0,0.0
W9039,2025-10-25 17:04:20.064563,24.9,83.9,0.0,0.0,36,1.3,77.6,0.0,0,0.0
W9040,2024-06-26 17:04:20.064563,27.2,81.9,7.2,7.2,15,0.7,2.6,0.0,1,46.34
W9041,2025-07-31 17:04:20.064563,28.0,54.2,0.0,0.0,15,0.5,8.8,0.0,1,39.62
W9042,2024-06-28 17:04:20.064563,29.0,58.3,0.0,0.0,24,0.9,93.4,0.0,0,0.0
W9043,2026-02-23 17:04:20.064563,6.7,98.8,4.7,4.7,15,0.3,81.6,0.0,0,0.0
W9044,2026-02-07 17:04:20.064563,22.0,78.0,0.0,0.0,15,0.0,87.7,0.0,0,0.0
W9045,2024-10-14 17:04:20.064563,10.2,92.5,19.1,19.1,15,0.9,43.9,4.775,0,0.0
W9046,2025-02-25 17:04:20.064563,37.8,57.7,1.1,1.1,15,0.0,71.6,5.599999999999994,1,74.12
W9047,2025-08-08 17:04:20.064563,24.4,83.4,0.0,0.0,15,0.0,99.8,0.0,0,0.0
W9048,2025-08-14 17:04:20.064563,23.1,92.6,7.0,7.0,22,0.6,43.3,0.0,0,0.0
W9049,2026-01-30 17:04:20.064563,34.0,64.8,0.0,0.0,29,0.0,84.7,0.0,0,0.0
W9050,2025-02-28 17:04:20.064563,29.2,57.6,0.0,0.0,18,2.8,7.9,0.0,1,28.62
W9051,2024-09-04 17:04:20.064563,13.7,88.0,0.6,0.6,15,3.0,54.4,0.0,0,0.0
W9052,2025-12-07 17:04:20.064563,24.3,72.8,4.6,4.6,15,2.4,33.3,0.0,0,0.0
W9053,2025-01-18 17:04:20.064563,21.6,82.7,0.0,0.0,33,0.0,52.3,0.0,0,0.0
W9054,2025-03-25 17:04:20.064563,7.6,100.0,0.0,0.0,19,1.2,11.4,0.0,0,0.0
W9055,2025-06-07 17:04:20.064563,18.1,100.0,2.1,2.1,15,2.7,36.8,0.0,0,0.0
W9056,2024-10-10 17:04:20.064563,23.2,70.6,1.1,1.1,15,2.7,7.7,0.0,0,0.0
W9057,2025-08-08 17:04:20.064563,23.9,78.1,0.0,0.0,15,0.6,45.3,0.0,0,0.0
W9058,2025-12-28 17:04:20.064563,10.2,100.0,0.0,0.0,29,1.7,44.2,0.0,0,0.0
W9059,2024-06-03 17:04:20.064563,36.5,49.4,0.0,0.0,24,1.7,33.0,3.0,0,0.0
W9060,2025-09-17 17:04:20.064563,24.0,75.5,0.0,0.0,15,3.3,94.8,0.0,0,0.0
W9061,2024-10-23 17:04:20.064563,25.4,62.5,0.0,0.0,50,4.2,8.3,0.0,0,0.0
W9062,2025-01-06 17:04:20.064563,29.0,67.3,7.0,7.0,15,1.9,82.5,0.0,0,0.0
W9063,2024-12-14 17:04:20.064563,17.1,76.5,0.0,0.0,32,3.4,35.5,0.0,0,0.0
W9064,2024-05-05 17:04:20.064563,29.6,76.1,0.0,0.0,15,3.7,19.9,0.0,0,0.0
W9065,2025-01-16 17:04:20.064563,21.3,79.5,0.0,0.0,73,3.6,27.3,0.0,0,0.0
W9066,2025-10-26 17:04:20.064563,16.0,76.6,3.2,3.2,44,4.1,90.2,0.0,0,0.0
W9067,2025-05-03 17:04:20.064563,30.7,72.3,0.0,0.0,15,4.0,82.5,0.08049999999999982,0,0.0
W9068,2024-11-04 17:04:20.064563,39.9,51.9,0.0,0.0,26,5.9,1.6,9.799999999999997,1,51.47
W9069,2025-12-17 17:04:20.064563,32.2,71.2,0.0,0.0,15,4.6,14.7,0.13200000000000048,0,0.0
W9070,2024-06-20 17:04:20.064563,34.2,47.2,0.0,0.0,18,2.8,67.5,0.0,0,0.0
W9071,2025-10-31 17:04:20.064563,19.8,84.0,0.0,0.0,34,2.8,31.7,0.0,0,0.0
W9072,2024-06-23 17:04:20.064563,9.0,100.0,0.0,0.0,43,1.7,91.9,0.0,0,0.0
W9073,2025-11-14 17:04:20.064563,39.9,45.9,0.0,0.0,15,4.0,78.7,9.799999999999997,1,35.03
W9074,2025-02-25 17:04:20.064563,45.0,29.9,13.7,13.7,15,1.6,87.5,23.425,1,243.66
W9075,2024-12-22 17:04:20.064563,40.4,48.9,0.0,0.0,46,4.5,19.3,10.799999999999997,1,93.83
W9076,2024-05-25 17:04:20.064563,21.6,89.8,0.0,0.0,54,3.5,15.1,0.0,0,0.0
W9077,2025-10-19 17:04:20.064563,13.5,100.0,6.7,6.7,15,2.8,93.2,0.0,1,19.65
W9078,2025-09-12 17:04:20.064563,14.3,84.2,0.0,0.0,47,3.3,40.4,0.0,0,0.0
W9079,2025-07-17 17:04:20.064563,8.2,84.9,2.8,2.8,15,5.1,41.6,0.0,0,0.0
W9080,2025-05-29 17:04:20.064563,23.9,69.8,8.4,8.4,15,3.5,68.5,0.0,0,0.0
W9081,2024-10-18 17:04:20.064563,41.1,43.7,0.0,0.0,15,3.8,39.7,12.200000000000003,1,95.71
W9082,2025-03-08 17:04:20.064563,23.6,79.1,0.0,0.0,21,2.4,87.5,0.0,0,0.0
W9083,2024-06-04 17:04:20.064563,28.0,66.9,0.0,0.0,68,3.3,95.9,0.0,0,0.0
W9084,2026-01-14 17:04:20.064563,38.8,44.3,0.0,0.0,29,5.1,33.3,7.599999999999994,0,0.0
W9085,2025-01-21 17:04:20.064563,21.0,89.6,3.5,3.5,18,5.0,20.8,0.0,0,0.0
W9086,2025-08-16 17:04:20.064563,45.0,43.9,2.8,2.8,15,5.7,7.5,20.0,1,215.79
W9087,2025-01-19 17:04:20.064563,44.9,47.0,0.0,0.0,25,5.2,21.4,19.799999999999997,1,118.12
W9088,2025-06-04 17:04:20.064563,23.7,57.2,0.0,0.0,15,3.8,13.9,0.0,0,0.0
W9089,2026-01-26 17:04:20.064563,19.2,56.9,3.0,3.0,29,6.4,2.9,0.0,0,0.0
W9090,2025-09-21 17:04:20.064563,32.0,47.7,0.0,0.0,32,4.9,4.7,0.0,0,0.0
W9091,2025-02-01 17:04:20.064563,21.5,72.9,0.0,0.0,24,4.1,50.9,0.0,0,0.0
W9092,2024-10-08 17:04:20.064563,13.4,95.6,0.0,0.0,22,4.7,70.8,0.0,0,0.0
W9093,2025-05-16 17:04:20.064563,37.8,29.9,0.0,0.0,37,3.2,98.3,5.599999999999994,0,0.0
W9094,2025-05-03 17:04:20.064563,37.2,70.2,2.6,2.6,15,7.9,15.6,4.472000000000007,0,0.0
W9095,2024-11-30 17:04:20.064563,26.6,71.9,2.3,2.3,25,3.7,69.8,0.0,0,0.0
W9096,2025-12-17 17:04:20.064563,12.4,100.0,0.0,0.0,26,4.7,55.4,0.0,0,0.0
W9097,2025-08-27 17:04:20.064563,12.7,82.1,0.0,0.0,15,5.6,47.8,0.0,0,0.0
W9098,2025-06-25 17:04:20.064563,26.1,75.9,4.6,4.6,44,4.5,72.2,0.0,0,0.0
W9099,2026-02-03 17:04:20.064563,20.0,80.9,0.0,0.0,15,7.4,23.9,0.0,0,0.0
W9100,2025-09-29 17:04:20.064563,21.6,85.8,0.0,0.0,15,6.8,31.1,0.0,0,0.0
W9101,2024-09-18 17:04:20.064563,35.2,54.8,11.6,11.6,32,7.3,38.5,3.3000000000000056,0,0.0
W9102,2024-04-06 17:04:20.064563,32.3,66.2,0.0,0.0,16,5.1,18.2,0.0,0,0.0
W9103,2025-12-20 17:04:20.064563,38.8,62.8,2.1,2.1,15,6.4,47.9,7.599999999999994,0,0.0
W9104,2026-03-08 17:04:20.064563,15.1,80.8,3.6,3.6,58,6.0,13.2,0.0,0,0.0
W9105,2025-08-28 17:04:20.064563,21.6,80.1,0.0,0.0,27,6.8,31.8,0.0,0,0.0
W9106,2024-09-25 17:04:20.064563,32.6,42.2,0.5,0.5,63,6.9,11.3,0.0,1,24.89
W9107,2025-10-29 17:04:20.064563,29.5,72.8,10.3,10.3,15,6.8,3.6,2.575,0,0.0
W9108,2025-08-11 17:04:20.064563,40.3,69.1,0.0,0.0,15,7.5,35.5,10.599999999999994,0,0.0
W9109,2024-10-22 17:04:20.064563,29.2,53.7,0.0,0.0,35,3.6,61.8,0.0,0,0.0
W9110,2026-01-23 17:04:20.064563,43.5,43.9,0.0,0.0,18,9.0,15.2,19.0,1,168.54
W9111,2025-07-09 17:04:20.064563,30.4,73.2,0.8,0.8,49,4.5,99.3,0.06399999999999983,0,0.0
W9112,2024-12-17 17:04:20.064563,35.6,56.9,0.0,0.0,56,6.9,27.4,1.2000000000000028,0,0.0
W9113,2025-12-31 17:04:20.064563,21.8,79.0,0.0,0.0,62,7.6,2.3,0.0,0,0.0
W9114,2025-09-14 17:04:20.064563,25.1,68.4,20.2,20.2,15,7.4,2.8,10.1,0,0.0
W9115,2025-12-07 17:04:20.064563,34.1,54.6,0.0,0.0,72,5.7,66.7,0.0,0,0.0
W9116,2025-06-05 17:04:20.064563,41.1,47.4,0.0,0.0,26,3.9,67.0,12.200000000000003,0,0.0
W9117,2025-10-18 17:04:20.064563,32.3,62.0,0.0,0.0,48,1.3,90.3,0.0,0,0.0
W9118,2025-12-19 17:04:20.064563,24.2,61.9,0.9,0.9,41,7.7,9.1,0.0,0,0.0
W9119,2024-05-18 17:04:20.064563,38.8,51.2,1.0,1.0,84,5.7,37.6,7.599999999999994,0,0.0
W9120,2025-09-03 17:04:20.064563,3.1,100.0,0.0,0.0,71,3.5,88.9,0.0,0,0.0
W9121,2024-10-09 17:04:20.064563,10.8,89.6,0.0,0.0,48,3.2,79.8,0.0,0,0.0
W9122,2025-03-26 17:04:20.064563,31.8,49.9,0.0,0.0,52,8.3,23.3,0.6000000000000014,0,0.0
W9123,2025-07-04 17:04:20.064563,25.1,70.8,0.0,0.0,79,6.3,89.0,0.0,0,0.0
W9124,2024-08-16 17:04:20.064563,31.1,56.3,0.0,0.0,34,5.2,68.1,0.0,0,0.0
W9125,2024-11-19 17:04:20.064563,25.6,58.2,1.1,1.1,15,6.8,26.4,0.0,0,0.0
W9126,2024-08-19 17:04:20.064563,30.7,65.3,32.2,32.2,15,8.2,4.5,16.5,1,110.91
W9127,2026-02-17 17:04:20.064563,16.9,77.6,2.1,2.1,38,6.4,49.7,0.0,0,0.0
W9128,2025-01-19 17:04:20.064563,30.7,57.7,0.0,0.0,78,4.6,71.3,0.0,0,0.0
W9129,2025-06-06 17:04:20.064563,34.9,59.1,0.0,0.0,72,8.1,26.9,0.1999999999999993,0,0.0
W9130,2025-05-12 17:04:20.064563,37.2,38.9,0.0,0.0,51,8.4,16.9,5.200000000000006,0,0.0
W9131,2025-02-07 17:04:20.064563,45.0,25.1,0.0,0.0,62,8.4,7.5,20.8,1,178.63
W9132,2024-05-22 17:04:20.064563,27.4,75.5,0.0,0.0,39,6.4,84.2,0.0,0,0.0
W9133,2025-12-27 17:04:20.064563,27.7,49.1,0.0,0.0,95,8.5,5.5,1.0,0,0.0
W9134,2024-10-12 17:04:20.064563,9.8,85.6,0.0,0.0,78,4.8,60.9,0.0,0,0.0
W9135,2025-05-14 17:04:20.064563,19.7,62.5,0.0,0.0,56,5.0,76.3,0.0,0,0.0
W9136,2024-12-16 17:04:20.064563,23.1,70.5,8.9,8.9,36,5.7,78.0,0.0,0,0.0
W9137,2025-01-05 17:04:20.064563,35.5,61.0,0.0,0.0,70,4.2,65.4,1.0,0,0.0
W9138,2026-01-08 17:04:20.064563,18.9,82.8,0.0,0.0,55,5.0,65.3,0.0,0,0.0
W9139,2024-08-29 17:04:20.064563,33.0,84.5,0.1,0.1,20,4.3,47.4,2.175,0,0.0
W9140,2024-12-05 17:04:20.064563,25.0,83.4,0.0,0.0,88,8.1,41.7,0.1999999999999993,0,0.0
W9141,2026-02-19 17:04:20.064563,23.2,65.8,0.0,0.0,81,7.6,13.7,0.0,0,0.0
W9142,2025-11-23 17:04:20.064563,27.5,56.8,0.0,0.0,66,6.2,53.5,0.0,0,0.0
W9143,2024-11-14 17:04:20.064563,21.1,100.0,5.4,5.4,39,5.8,7.1,0.0,0,0.0
W9144,2025-05-07 17:04:20.064563,20.7,89.6,0.0,0.0,59,6.9,46.8,0.0,0,0.0
W9145,2024-11-17 17:04:20.064563,8.0,100.0,0.9,0.9,15,5.1,73.1,0.0,0,0.0
W9146,2024-07-12 17:04:20.064563,22.5,77.0,4.5,4.5,29,4.0,44.3,0.0,0,0.0
W9147,2024-08-18 17:04:20.064563,20.2,82.4,0.0,0.0,96,6.0,50.8,0.0,0,0.0
W9148,2024-09-30 17:04:20.064563,19.8,65.4,0.0,0.0,71,3.3,84.2,0.0,0,0.0
W9149,2024-04-15 17:04:20.064563,29.2,67.8,0.0,0.0,23,5.0,64.7,0.0,0,0.0
W9150,2024-11-24 17:04:20.064563,31.6,63.3,0.0,0.0,45,7.6,12.8,0.0,0,0.0
W9151,2025-01-29 17:04:20.064563,27.3,60.0,0.0,0.0,24,5.4,54.3,0.0,0,0.0
W9152,2025-07-06 17:04:20.064563,35.0,52.2,0.0,0.0,47,4.0,36.5,0.0,0,0.0
W9153,2025-07-28 17:04:20.064563,30.8,79.0,0.0,0.0,60,6.6,20.7,0.3600000000000003,0,0.0
W9154,2025-10-12 17:04:20.064563,22.0,75.7,2.8,2.8,90,5.6,64.8,0.0,0,0.0
W9155,2025-06-07 17:04:20.064563,20.4,100.0,5.5,5.5,69,5.4,38.7,0.0,0,0.0
W9156,2025-05-24 17:04:20.064563,28.1,50.4,0.0,0.0,59,4.8,76.7,0.0,0,0.0
W9157,2026-01-09 17:04:20.064563,30.7,58.7,0.1,0.1,60,5.4,58.7,0.0,0,0.0
W9158,2024-04-24 17:04:20.064563,39.0,36.1,3.0,3.0,44,4.4,10.4,8.0,1,84.38
W9159,2024-10-10 17:04:20.064563,36.9,42.5,0.0,0.0,88,6.8,35.0,3.799999999999997,0,0.0
W9160,2024-08-28 17:04:20.064563,19.6,72.3,4.9,4.9,81,5.1,27.0,0.0,0,0.0
W9161,2024-12-22 17:04:20.064563,24.0,77.2,0.0,0.0,40,5.3,15.0,0.0,0,0.0
W9162,2024-08-04 17:04:20.064563,31.7,65.1,5.3,5.3,22,3.2,80.0,0.0,0,0.0
W9163,2024-04-16 17:04:20.064563,35.7,49.7,0.0,0.0,61,6.4,37.9,1.4000000000000057,0,0.0
W9164,2024-12-07 17:04:20.064563,34.4,36.1,0.0,0.0,64,5.8,61.3,0.0,0,0.0
W9165,2024-12-27 17:04:20.064563,24.4,88.2,0.0,0.0,74,3.9,88.2,0.0,0,0.0
W9166,2026-01-21 17:04:20.064563,12.5,88.5,0.0,0.0,35,4.0,54.3,0.0,0,0.0
W9167,2025-10-02 17:04:20.064563,15.0,76.3,0.0,0.0,55,8.1,25.8,0.1999999999999993,0,0.0
W9168,2024-09-14 17:04:20.064563,27.7,71.2,0.0,0.0,68,3.6,79.1,0.0,0,0.0
W9169,2026-01-06 17:04:20.064563,28.4,69.4,4.6,4.6,45,3.9,43.6,0.0,0,0.0
W9170,2024-04-30 17:04:20.064563,14.0,85.8,0.0,0.0,88,5.1,56.4,0.0,0,0.0
W9171,2025-07-28 17:04:20.064563,25.4,73.3,0.0,0.0,108,3.0,90.2,0.0,0,0.0
W9172,2024-04-07 17:04:20.064563,31.3,51.5,0.0,0.0,60,6.3,48.9,0.0,0,0.0
W9173,2024-05-13 17:04:20.064563,13.5,97.4,0.0,0.0,89,3.7,33.5,0.0,0,0.0
W9174,2024-06-11 17:04:20.064563,36.0,46.0,1.2,1.2,62,3.2,72.7,2.0,0,0.0
W9175,2025-02-02 17:04:20.064563,21.2,72.1,3.9,3.9,46,6.4,13.4,0.0,0,0.0
W9176,2025-11-24 17:04:20.064563,37.6,60.1,2.1,2.1,54,3.3,91.4,5.200000000000003,0,0.0
W9177,2025-01-17 17:04:20.064563,19.7,92.5,0.0,0.0,88,2.4,91.6,0.0,0,0.0
W9178,2024-05-22 17:04:20.064563,14.7,100.0,0.0,0.0,60,2.6,57.9,0.0,0,0.0
W9179,2025-05-08 17:04:20.064563,20.4,89.9,12.3,12.3,40,3.3,15.4,3.075,0,0.0
W9180,2025-03-25 17:04:20.064563,24.0,70.7,0.5,0.5,50,2.3,45.2,0.0,0,0.0
W9181,2026-02-03 17:04:20.064563,21.1,62.9,5.5,5.5,76,4.6,42.3,0.0,0,0.0
W9182,2026-01-20 17:04:20.064563,22.8,89.8,10.8,10.8,62,4.6,29.8,2.7,0,0.0
W9183,2024-06-18 17:04:20.064563,28.3,81.2,1.7,1.7,100,4.5,17.5,0.0,0,0.0
W9184,2025-04-28 17:04:20.064563,23.3,68.3,0.0,0.0,87,2.6,26.4,0.0,0,0.0
W9185,2024-08-08 17:04:20.064563,24.3,82.7,0.0,0.0,84,2.7,55.6,0.0,0,0.0
W9186,2024-11-14 17:04:20.064563,7.9,94.8,0.0,0.0,87,2.9,68.6,0.0,0,0.0
W9187,2024-07-10 17:04:20.064563,28.9,81.6,0.0,0.0,71,3.2,98.0,0.0,0,0.0
W9188,2025-10-23 17:04:20.064563,24.1,68.7,0.0,0.0,78,3.7,21.6,0.0,0,0.0
W9189,2025-08-12 17:04:20.064563,41.1,68.1,0.0,0.0,95,3.4,20.4,12.200000000000003,1,166.18
W9190,2024-07-19 17:04:20.064563,15.6,94.5,0.0,0.0,60,2.4,11.7,0.0,0,0.0
W9191,2025-09-03 17:04:20.064563,6.9,100.0,2.9,2.9,105,2.7,93.9,0.0,0,0.0
W9192,2026-01-27 17:04:20.064563,31.2,58.6,0.4,0.4,89,2.3,38.2,0.0,0,0.0
W9193,2025-11-02 17:04:20.064563,28.5,71.4,0.0,0.0,118,0.3,92.4,0.0,0,0.0
W9194,2025-09-06 17:04:20.064563,14.9,77.9,0.0,0.0,54,0.8,88.9,0.0,0,0.0
W9195,2024-11-30 17:04:20.064563,9.7,100.0,0.0,0.0,54,3.5,4.4,0.0,0,0.0
W9196,2025-08-08 17:04:20.064563,40.4,58.4,0.0,0.0,85,3.1,28.0,10.799999999999997,0,0.0
W9197,2024-06-18 17:04:20.064563,39.1,75.3,0.9,0.9,79,0.0,30.3,10.611500000000003,0,0.0
W9198,2024-11-16 17:04:20.064563,0.1,100.0,0.0,1.4,69,2.0,27.7,0.0,0,0.0
W9199,2025-11-22 17:04:20.064563,20.4,86.6,0.0,0.0,53,0.6,42.5,0.0,0,0.0
W9200,2024-07-21 17:04:20.064563,41.6,42.8,0.0,0.0,73,2.1,49.9,13.200000000000003,1,104.25
W9201,2025-02-01 17:04:20.064563,20.2,85.1,0.0,0.0,83,1.9,75.8,0.0,0,0.0
W9202,2025-02-18 17:04:20.064563,20.1,76.1,0.0,0.0,52,0.6,26.8,0.0,0,0.0
W9203,2025-11-06 17:04:20.064563,22.2,77.9,2.4,2.4,66,1.5,29.9,0.0,0,0.0
W9204,2025-04-21 17:04:20.064563,13.8,91.1,19.6,19.6,47,2.0,59.9,4.9,0,0.0
W9205,2024-11-14 17:04:20.064563,8.0,94.5,0.0,0.0,95,2.4,17.9,0.0,0,0.0
W9206,2025-05-25 17:04:20.064563,35.5,57.3,0.0,0.0,73,0.2,47.3,1.0,0,0.0
W9207,2024-10-27 17:04:20.064563,6.6,96.4,10.9,10.9,41,2.2,25.1,2.725,0,0.0
W9208,2024-08-12 17:04:20.064563,27.5,65.0,0.0,0.0,82,1.3,19.8,0.0,0,0.0
W9209,2024-07-05 17:04:20.064563,33.9,70.0,0.0,0.0,75,0.1,79.6,0.0,0,0.0
W9210,2024-09-13 17:04:20.064563,10.5,96.0,1.6,1.6,47,0.5,70.7,0.0,0,0.0
W9211,2024-10-23 17:04:20.064563,15.8,89.8,0.5,0.5,69,1.4,25.0,0.0,0,0.0
W9212,2024-12-24 17:04:20.064563,37.1,39.7,0.0,0.0,68,1.2,41.5,4.200000000000003,0,0.0
W9213,2025-06-11 17:04:20.064563,30.3,68.7,1.7,1.7,77,1.3,15.4,0.0,0,0.0
W9214,2025-05-10 17:04:20.064563,18.8,87.1,2.1,2.1,61,0.0,5.3,0.0,0,0.0
W9215,2024-12-03 17:04:20.064563,37.0,50.5,2.0,2.0,65,0.3,58.5,4.0,0,0.0
W9216,2025-11-11 17:04:20.064563,37.1,75.3,1.1,1.1,74,0.0,36.4,6.081500000000002,0,0.0
W9217,2024-05-14 17:04:20.064563,27.7,45.6,0.0,0.0,92,0.2,20.7,0.0,0,0.0
W9218,2025-08-02 17:04:20.064563,16.0,93.8,0.0,0.0,81,0.0,11.5,0.0,0,0.0
W9219,2025-09-15 17:04:20.064563,20.9,85.8,0.0,0.0,133,1.6,68.0,0.0,0,0.0
W9220,2025-04-05 17:04:20.064563,27.9,73.6,0.0,0.0,54,0.0,27.1,0.0,0,0.0
W9221,2026-03-04 17:04:20.064563,23.1,77.1,0.0,0.0,98,0.0,90.7,0.0,0,0.0
W9222,2024-07-11 17:04:20.064563,34.4,63.9,0.0,0.0,78,0.4,19.3,0.0,0,0.0
W9223,2025-02-05 17:04:20.064563,9.7,100.0,0.0,0.0,51,1.1,24.4,0.0,0,0.0
W9224,2025-09-27 17:04:20.064563,10.1,87.7,6.4,6.4,59,0.0,85.2,0.0,0,0.0
W9225,2025-05-25 17:04:20.064563,26.8,72.8,0.0,0.0,49,0.0,57.2,0.0,0,0.0
W9226,2025-07-17 17:04:20.064563,20.1,78.0,0.0,0.0,81,0.9,10.8,0.0,0,0.0
W9227,2026-02-15 17:04:20.064563,18.7,71.0,5.9,5.9,61,1.7,54.9,0.0,0,0.0
W9228,2024-11-25 17:04:20.064563,7.3,100.0,1.1,1.1,63,1.4,30.8,0.0,0,0.0
W9229,2024-12-27 17:04:20.064563,25.2,66.6,0.0,0.0,58,0.0,73.7,0.0,0,0.0
W9230,2024-08-13 17:04:20.064563,24.5,58.3,3.7,3.7,92,0.8,7.8,0.0,0,0.0
W9231,2025-03-24 17:04:20.064563,31.5,57.3,0.0,0.0,75,0.0,91.8,0.0,0,0.0
W9232,2025-07-17 17:04:20.064563,25.7,63.5,0.0,0.0,83,1.3,47.8,0.0,0,0.0
W9233,2025-03-29 17:04:20.064563,23.7,84.8,0.0,0.0,82,1.8,73.4,0.0,0,0.0
W9234,2025-01-27 17:04:20.064563,36.8,56.4,0.0,0.0,80,0.0,70.5,3.5999999999999943,0,0.0
W9235,2024-04-08 17:04:20.064563,11.9,100.0,0.0,0.0,71,0.0,17.8,0.0,0,0.0
W9236,2026-01-07 17:04:20.064563,30.4,57.8,0.0,0.0,108,0.0,88.0,0.0,0,0.0
W9237,2025-11-28 17:04:20.064563,8.3,100.0,7.8,7.8,107,0.0,23.3,0.0,0,0.0
W9238,2024-04-22 17:04:20.064563,16.6,100.0,0.0,0.0,106,0.0,19.1,0.0,0,0.0
W9239,2026-01-25 17:04:20.064563,12.9,94.3,1.1,1.1,75,0.0,52.1,0.0,0,0.0
W9240,2024-05-12 17:04:20.064563,32.8,69.4,0.0,0.0,76,0.0,98.5,0.0,0,0.0
W9241,2026-02-23 17:04:20.064563,24.3,80.4,0.8,0.8,97,0.0,31.3,0.0,0,0.0
W9242,2026-02-03 17:04:20.064563,24.9,58.5,0.0,0.0,61,0.0,96.4,0.0,0,0.0
W9243,2024-11-18 17:04:20.064563,13.9,95.0,1.3,1.3,108,0.1,43.5,0.0,0,0.0
W9244,2024-12-02 17:04:20.064563,22.0,80.1,0.0,0.0,92,1.1,83.5,0.0,0,0.0
W9245,2025-10-04 17:04:20.064563,17.4,81.4,0.0,0.0,70,0.0,53.0,0.0,0,0.0
W9246,2025-04-15 17:04:20.064563,28.8,57.9,0.0,0.0,81,0.0,20.5,0.0,0,0.0
W9247,2025-01-28 17:04:20.064563,15.1,94.3,0.0,0.0,88,0.1,88.0,0.0,0,0.0
W9248,2026-01-01 17:04:20.064563,38.3,42.8,0.0,0.0,67,1.1,7.2,6.599999999999994,0,0.0
W9249,2026-03-05 17:04:20.064563,8.2,100.0,0.0,0.0,96,0.2,68.3,0.0,0,0.0
W9250,2025-03-24 17:04:20.064563,16.9,85.7,0.0,0.0,100,0.0,83.1,0.0,0,0.0
W9251,2026-02-17 17:04:20.064563,41.8,35.1,0.0,0.0,69,0.0,83.2,13.599999999999994,0,0.0
W9252,2024-07-20 17:04:20.064563,20.6,73.9,0.3,0.3,64,0.7,65.5,0.0,0,0.0
W9253,2025-09-16 17:04:20.064563,11.9,89.4,0.0,0.0,72,0.0,25.1,0.0,0,0.0
W9254,2024-11-15 17:04:20.064563,27.2,93.3,2.0,2.0,46,0.0,53.2,0.0,0,0.0
W9255,2025-06-14 17:04:20.064563,20.2,70.8,2.6,2.6,35,0.0,63.0,0.0,0,0.0
W9256,2025-04-19 17:04:20.064563,16.6,83.9,30.7,30.7,15,0.2,89.0,15.35,1,202.63
W9257,2024-03-26 17:04:20.064563,14.0,83.6,0.0,0.0,53,0.1,16.0,0.0,0,0.0
W9258,2025-04-24 17:04:20.064563,45.0,47.5,0.0,0.0,107,0.1,46.5,20.0,0,0.0
W9259,2024-12-04 17:04:20.064563,22.5,71.1,0.0,0.0,63,0.0,33.3,0.0,0,0.0
W9260,2025-01-20 17:04:20.064563,5.7,90.0,0.0,0.0,81,0.0,42.8,0.0,0,0.0
W9261,2024-06-18 17:04:20.064563,39.9,48.1,0.0,0.0,58,0.0,18.3,9.799999999999997,0,0.0
W9262,2024-11-14 17:04:20.064563,31.1,60.3,8.2,8.2,90,0.3,21.7,0.0,0,0.0
W9263,2025-01-16 17:04:20.064563,17.3,78.1,0.0,0.0,66,0.5,77.0,0.0,0,0.0
W9264,2024-10-19 17:04:20.064563,15.7,81.1,11.3,11.3,22,1.5,47.8,2.825,0,0.0
W9265,2024-08-29 17:04:20.064563,31.7,74.2,0.0,0.0,83,0.0,51.4,0.3570000000000001,1,35.21
W9266,2025-06-10 17:04:20.064563,22.5,73.0,0.0,0.0,74,0.7,89.7,0.0,0,0.0
W9267,2025-12-24 17:04:20.064563,5.7,90.0,0.0,0.0,93,0.0,24.0,0.0,0,0.0
W9268,2025-02-05 17:04:20.064563,42.9,41.1,0.0,0.0,65,0.4,32.9,15.799999999999997,1,184.38
W9269,2026-01-06 17:04:20.064563,20.7,79.6,0.0,0.0,70,0.0,30.9,0.0,0,0.0
W9270,2025-05-08 17:04:20.064563,40.0,36.7,0.0,0.0,37,0.0,65.9,10.0,1,92.19
W9271,2024-04-21 17:04:20.064563,37.8,69.6,4.8,4.8,74,0.8,56.2,5.599999999999994,0,0.0
W9272,2024-12-23 17:04:20.064563,15.0,96.2,0.0,0.0,68,0.2,47.2,0.0,0,0.0
W9273,2024-06-08 17:04:20.064563,35.3,71.3,1.2,1.2,61,0.0,66.8,0.9444999999999933,0,0.0
W9274,2025-08-03 17:04:20.064563,18.5,86.2,0.0,0.0,61,0.0,48.4,0.0,0,0.0
W9275,2025-07-13 17:04:20.064563,6.3,79.6,1.9,1.9,56,0.4,81.6,0.0,0,0.0
W9276,2025-05-14 17:04:20.064563,20.8,94.2,9.6,9.6,63,0.1,41.0,0.0,0,0.0
W9277,2025-02-21 17:04:20.064563,29.0,57.9,0.0,0.0,46,0.7,89.1,0.0,0,0.0
W9278,2025-05-24 17:04:20.064563,20.4,71.6,8.8,8.8,61,0.0,12.0,0.0,0,0.0
W9279,2024-06-28 17:04:20.064563,21.9,78.7,1.1,1.1,29,0.6,9.4,0.0,0,0.0
W9280,2024-08-29 17:04:20.064563,36.4,69.1,0.0,0.0,25,0.0,65.6,2.799999999999997,1,40.89
W9281,2026-03-03 17:04:20.064563,26.1,81.4,0.0,0.0,91,0.3,39.0,0.0,0,0.0
W9282,2024-12-10 17:04:20.064563,16.6,94.2,2.4,2.4,37,0.0,45.6,0.0,0,0.0
W9283,2025-08-18 17:04:20.064563,32.0,58.9,0.0,0.0,64,0.0,69.6,0.0,0,0.0
W9284,2024-05-24 17:04:20.064563,27.0,66.3,0.0,0.0,56,0.0,21.5,0.0,0,0.0
W9285,2025-03-13 17:04:20.064563,-0.2,100.0,0.0,2.5,68,0.0,4.4,0.6000000000000001,0,0.0
W9286,2025-05-22 17:04:20.064563,29.3,64.8,0.0,0.0,61,0.0,43.9,0.0,0,0.0
W9287,2025-11-24 17:04:20.064563,28.9,75.5,4.2,4.2,72,0.0,89.5,0.0,0,0.0
W9288,2025-09-29 17:04:20.064563,25.2,80.5,6.5,6.5,18,0.4,45.1,0.0,0,0.0
W9289,2025-02-15 17:04:20.064563,33.9,65.0,3.8,3.8,65,0.0,57.2,0.0,1,26.58
W9290,2025-06-25 17:04:20.064563,18.3,57.3,11.7,11.7,34,0.6,20.8,2.925,0,0.0
W9291,2026-02-27 17:04:20.064563,28.4,68.7,0.0,0.0,27,3.3,46.4,0.0,0,0.0
W9292,2024-04-15 17:04:20.064563,9.3,94.9,3.4,3.4,40,0.0,48.1,0.0,0,0.0
W9293,2024-05-10 17:04:20.064563,29.1,68.1,0.0,0.0,25,0.0,23.5,0.0,0,0.0
W9294,2026-01-03 17:04:20.064563,44.5,35.7,0.0,0.0,23,2.1,16.4,19.0,1,123.55
W9295,2026-01-03 17:04:20.064563,15.1,74.2,0.0,0.0,47,0.3,35.0,0.0,0,0.0
W9296,2024-09-22 17:04:20.064563,17.4,88.5,2.6,2.6,74,0.0,3.9,0.0,0,0.0
W9297,2025-12-23 17:04:20.064563,17.9,79.6,1.8,1.8,58,0.0,16.6,0.0,0,0.0
W9298,2025-06-15 17:04:20.064563,26.3,76.3,0.0,0.0,80,0.0,73.1,0.0,0,0.0
W9299,2026-01-03 17:04:20.064563,14.4,81.7,9.8,9.8,36,0.0,64.9,0.0,0,0.0
W9300,2024-08-04 17:04:20.064563,29.2,80.3,0.0,0.0,84,0.0,31.3,0.0,0,0.0
W9301,2024-03-21 17:04:20.064563,33.5,69.8,0.0,0.0,82,0.0,55.1,0.0,0,0.0
W9302,2025-05-02 17:04:20.064563,30.3,67.5,0.0,0.0,33,0.6,82.9,0.0,0,0.0
W9303,2024-10-08 17:04:20.064563,7.3,96.9,3.2,3.2,47,1.0,83.9,0.0,0,0.0
W9304,2025-12-21 17:04:20.064563,35.0,66.1,0.0,0.0,37,0.0,65.4,0.0,0,0.0
W9305,2025-01-24 17:04:20.064563,34.4,62.4,0.0,0.0,48,0.5,12.4,0.0,0,0.0
W9306,2025-02-02 17:04:20.064563,33.3,62.4,2.4,2.4,79,2.1,16.3,0.0,0,0.0
W9307,2025-10-28 17:04:20.064563,28.7,77.3,1.9,1.9,33,0.0,29.2,0.0,0,0.0
W9308,2024-06-10 17:04:20.064563,27.2,83.5,0.0,0.0,26,0.0,67.1,0.0,0,0.0
W9309,2024-07-09 17:04:20.064563,35.3,44.5,0.2,0.2,26,0.8,25.8,0.5999999999999943,0,0.0
W9310,2024-08-26 17:04:20.064563,44.2,33.1,0.0,0.0,40,0.0,46.4,18.400000000000006,1,170.11
W9311,2024-11-28 17:04:20.064563,15.5,79.0,3.1,3.1,116,0.0,82.6,0.0,0,0.0
W9312,2025-08-28 17:04:20.064563,35.8,41.3,0.8,0.8,75,0.1,89.2,1.5999999999999943,0,0.0
W9313,2026-03-18 17:04:20.064563,24.1,73.2,2.5,2.5,15,1.2,83.9,0.0,0,0.0
W9314,2026-01-11 17:04:20.064563,23.7,80.4,6.4,6.4,33,0.1,11.6,0.0,0,0.0
W9315,2024-07-29 17:04:20.064563,9.6,95.3,2.3,2.3,28,0.0,91.1,0.0,0,0.0
W9316,2025-11-16 17:04:20.064563,22.2,71.4,1.9,1.9,61,0.4,68.4,0.0,0,0.0
W9317,2026-02-18 17:04:20.064563,15.0,98.7,7.6,7.6,15,0.2,61.9,0.0,0,0.0
W9318,2025-05-12 17:04:20.064563,20.4,80.9,22.4,22.4,15,0.0,24.8,11.2,1,76.95
W9319,2025-02-08 17:04:20.064563,14.0,92.4,0.0,0.0,32,0.0,92.8,0.0,0,0.0
W9320,2025-06-23 17:04:20.064563,20.5,90.8,0.0,0.0,29,0.0,1.7,0.0,0,0.0
W9321,2025-07-20 17:04:20.064563,20.9,77.4,14.0,14.0,28,0.0,8.2,3.5,0,0.0
W9322,2024-08-01 17:04:20.064563,26.0,91.7,8.1,8.1,19,0.0,15.4,0.0,0,0.0
W9323,2024-12-09 17:04:20.064563,8.9,92.2,0.0,0.0,62,0.0,69.4,0.0,0,0.0
W9324,2024-09-11 17:04:20.064563,10.5,100.0,0.0,0.0,25,0.0,62.3,0.0,0,0.0
W9325,2026-02-19 17:04:20.064563,28.6,57.3,0.0,0.0,58,0.9,94.5,0.0,0,0.0
W9326,2025-11-15 17:04:20.064563,17.0,89.6,5.9,5.9,15,0.0,34.9,0.0,0,0.0
W9327,2025-02-16 17:04:20.064563,35.7,50.0,0.0,0.0,52,0.3,34.8,1.4000000000000057,0,0.0
W9328,2024-12-31 17:04:20.064563,27.3,80.3,0.0,0.0,29,0.2,67.0,0.0,0,0.0
W9329,2024-10-07 17:04:20.064563,31.1,58.6,0.0,0.0,56,0.0,17.4,0.0,0,0.0
W9330,2024-06-12 17:04:20.064563,39.1,54.2,1.2,1.2,15,0.0,46.4,8.200000000000003,0,0.0
W9331,2025-05-16 17:04:20.064563,21.9,70.6,0.0,0.0,22,0.0,1.5,0.0,0,0.0
W9332,2025-03-29 17:04:20.064563,19.3,90.5,3.0,3.0,55,0.0,59.2,0.0,0,0.0
W9333,2024-09-20 17:04:20.064563,33.7,52.9,0.9,0.9,31,0.5,78.4,0.0,0,0.0
W9334,2025-04-24 17:04:20.064563,30.1,81.7,0.0,0.0,15,0.9,20.4,0.05850000000000084,0,0.0
W9335,2025-04-08 17:04:20.064563,23.1,65.3,2.2,2.2,17,0.4,30.7,0.0,0,0.0
W9336,2025-10-23 17:04:20.064563,38.9,38.2,0.0,0.0,43,1.8,13.2,7.799999999999997,1,59.09
W9337,2024-11-02 17:04:20.064563,22.9,85.2,0.0,0.0,19,0.4,61.6,0.0,0,0.0
W9338,2024-04-08 17:04:20.064563,25.3,66.1,0.0,0.0,58,0.0,56.4,0.0,0,0.0
W9339,2024-04-10 17:04:20.064563,25.2,72.1,0.0,0.0,56,1.3,82.6,0.0,0,0.0
W9340,2025-10-10 17:04:20.064563,15.7,83.3,4.5,4.5,38,0.0,97.0,0.0,0,0.0
W9341,2026-01-09 17:04:20.064563,25.8,58.2,10.1,10.1,34,0.5,98.4,2.525,0,0.0
W9342,2025-12-04 17:04:20.064563,39.0,50.8,0.0,0.0,22,0.0,10.7,8.0,0,0.0
W9343,2025-12-19 17:04:20.064563,29.4,78.5,0.0,0.0,62,0.0,55.3,0.0,0,0.0
W9344,2024-11-07 17:04:20.064563,25.3,82.1,8.3,8.3,37,0.2,79.0,0.0,0,0.0
W9345,2024-06-17 17:04:20.064563,23.4,77.2,0.0,0.0,29,0.0,65.9,0.0,0,0.0
W9346,2025-07-04 17:04:20.064563,28.3,78.7,0.0,0.0,15,0.0,89.7,0.0,0,0.0
W9347,2024-10-07 17:04:20.064563,32.5,50.7,2.2,2.2,15,0.2,44.2,0.0,0,0.0
W9348,2024-12-11 17:04:20.064563,31.1,60.1,0.0,0.0,50,0.0,42.7,0.0,0,0.0
W9349,2026-03-06 17:04:20.064563,21.7,81.4,0.0,0.0,15,0.1,2.6,0.0,0,0.0
W9350,2024-09-06 17:04:20.064563,28.2,66.3,0.0,0.0,15,0.0,1.6,0.0,1,22.72
W9351,2024-05-07 17:04:20.064563,29.8,62.8,0.0,0.0,39,0.4,69.3,0.0,0,0.0
W9352,2025-05-02 17:04:20.064563,14.9,75.6,3.5,3.5,15,0.0,47.1,0.0,0,0.0
W9353,2025-12-10 17:04:20.064563,26.7,49.2,0.0,0.0,77,0.0,66.0,0.0,0,0.0
W9354,2025-05-31 17:04:20.064563,3.4,100.0,0.0,0.0,33,0.1,23.8,0.0,0,0.0
W9355,2025-11-22 17:04:20.064563,29.8,67.7,2.8,2.8,52,2.9,86.3,0.0,0,0.0
W9356,2024-12-09 17:04:20.064563,31.6,71.6,0.0,0.0,48,0.1,90.3,0.12799999999999967,0,0.0
W9357,2024-08-17 17:04:20.064563,32.5,56.9,1.4,1.4,15,0.0,66.2,0.0,0,0.0
W9358,2024-06-17 17:04:20.064563,21.0,71.3,0.0,0.0,41,0.9,27.8,0.0,0,0.0
W9359,2025-03-29 17:04:20.064563,28.1,67.9,0.0,0.0,26,0.0,21.6,0.0,0,0.0
W9360,2024-09-08 17:04:20.064563,39.2,59.7,0.0,0.0,25,0.4,62.5,8.400000000000006,0,0.0
W9361,2025-10-19 17:04:20.064563,39.1,49.0,0.0,0.0,25,0.1,94.1,8.200000000000003,0,0.0
W9362,2024-07-16 17:04:20.064563,24.7,81.0,3.3,3.3,40,1.1,57.8,0.0,0,0.0
W9363,2024-04-01 17:04:20.064563,26.4,60.3,0.4,0.4,57,0.7,83.9,0.0,0,0.0
W9364,2025-09-07 17:04:20.064563,36.1,54.2,0.0,0.0,15,0.0,56.5,2.200000000000003,0,0.0
W9365,2025-06-06 17:04:20.064563,10.0,94.3,0.0,0.0,26,0.0,67.5,0.0,0,0.0
W9366,2025-06-25 17:04:20.064563,21.8,89.6,4.6,4.6,43,0.0,56.8,0.0,0,0.0
W9367,2026-02-05 17:04:20.064563,38.4,54.5,0.0,0.0,20,0.3,57.5,6.799999999999997,0,0.0
W9368,2025-08-06 17:04:20.064563,34.8,75.3,6.1,6.1,15,0.0,73.9,1.2719999999999987,0,0.0
W9369,2024-07-17 17:04:20.064563,28.7,53.5,0.0,0.0,28,0.0,39.6,0.0,0,0.0
W9370,2024-11-02 17:04:20.064563,9.9,96.4,0.0,0.0,65,0.3,90.4,0.0,0,0.0
W9371,2026-03-18 17:04:20.064563,24.5,75.0,0.0,0.0,38,0.0,86.3,0.0,0,0.0
W9372,2024-10-12 17:04:20.064563,19.1,87.5,0.0,0.0,64,0.0,72.5,0.0,0,0.0
W9373,2024-09-29 17:04:20.064563,28.3,59.4,0.0,0.0,57,0.0,74.3,0.0,0,0.0
W9374,2024-12-15 17:04:20.064563,16.9,100.0,0.0,0.0,18,0.0,41.3,0.0,0,0.0
W9375,2025-01-06 17:04:20.064563,14.7,88.0,0.0,0.0,28,0.0,83.3,0.0,0,0.0
W9376,2025-08-06 17:04:20.064563,4.4,92.6,0.0,0.0,63,0.4,93.3,0.0,1,46.97
W9377,2025-04-13 17:04:20.064563,37.2,54.0,0.0,0.0,15,0.7,79.5,4.400000000000006,0,0.0
W9378,2024-07-29 17:04:20.064563,21.0,75.4,2.3,2.3,32,0.0,13.3,0.0,0,0.0
W9379,2025-06-02 17:04:20.064563,26.6,98.0,0.0,0.0,37,0.5,78.7,0.0,0,0.0
W9380,2024-10-15 17:04:20.064563,25.0,83.0,0.0,0.0,16,0.0,46.5,0.0,0,0.0
W9381,2025-11-22 17:04:20.064563,14.3,89.0,0.0,0.0,15,0.0,60.9,0.0,0,0.0
W9382,2024-10-24 17:04:20.064563,12.4,90.3,0.0,0.0,16,1.9,99.1,0.0,0,0.0
W9383,2025-01-01 17:04:20.064563,14.9,97.1,0.0,0.0,35,0.0,35.9,0.0,0,0.0
W9384,2026-02-09 17:04:20.064563,17.8,93.3,1.0,1.0,48,0.0,34.9,0.0,1,31.22
W9385,2024-09-27 17:04:20.064563,28.7,37.9,0.0,0.0,35,0.0,26.3,0.0,0,0.0
W9386,2025-05-20 17:04:20.064563,17.0,90.9,3.0,3.0,15,0.0,12.7,0.0,0,0.0
W9387,2024-09-18 17:04:20.064563,42.5,46.6,0.0,0.0,50,0.9,16.8,15.0,0,0.0
W9388,2025-05-10 17:04:20.064563,35.3,44.0,8.7,8.7,26,0.0,51.4,0.5999999999999943,0,0.0
W9389,2024-08-14 17:04:20.064563,33.1,69.2,1.1,1.1,15,0.4,91.0,0.0,0,0.0
W9390,2024-04-16 17:04:20.064563,23.8,96.8,5.7,5.7,15,1.1,81.0,0.0,0,0.0
W9391,2025-01-09 17:04:20.064563,40.1,55.4,0.0,0.0,15,0.0,18.2,10.200000000000003,1,123.74
W9392,2024-12-11 17:04:20.064563,22.8,86.8,0.7,0.7,40,0.3,56.2,0.0,0,0.0
W9393,2024-11-14 17:04:20.064563,24.7,91.0,0.0,0.0,15,0.0,84.7,0.0,0,0.0
W9394,2025-12-10 17:04:20.064563,26.7,61.6,0.0,0.0,42,0.2,53.9,0.0,0,0.0
W9395,2025-06-22 17:04:20.064563,32.0,43.4,0.0,0.0,15,0.1,91.1,0.0,0,0.0
W9396,2024-11-27 17:04:20.064563,31.4,69.5,0.7,0.7,24,0.1,90.8,0.0,0,0.0
W9397,2025-03-31 17:04:20.064563,20.2,77.2,3.2,3.2,15,0.0,34.8,0.0,1,39.65
W9398,2025-11-04 17:04:20.064563,19.7,66.8,0.0,0.0,15,0.0,87.4,0.0,0,0.0
W9399,2026-02-16 17:04:20.064563,31.4,62.1,0.0,0.0,15,0.0,58.5,0.0,0,0.0
W9400,2026-01-09 17:04:20.064563,32.2,69.0,3.9,3.9,15,2.5,48.0,0.0,0,0.0
W9401,2025-06-30 17:04:20.064563,21.1,76.9,0.0,0.0,35,0.8,77.4,0.0,0,0.0
W9402,2024-06-13 17:04:20.064563,9.1,88.4,2.0,2.0,22,0.3,79.0,0.0,0,0.0
W9403,2024-03-28 17:04:20.064563,22.9,73.4,0.0,0.0,58,0.0,67.5,0.0,0,0.0
W9404,2025-07-11 17:04:20.064563,31.2,63.0,4.1,4.1,22,1.4,81.1,0.0,0,0.0
W9405,2024-08-01 17:04:20.064563,43.1,26.1,0.0,0.0,15,0.0,95.1,16.200000000000003,1,99.24
W9406,2025-02-12 17:04:20.064563,13.0,89.0,9.5,9.5,25,0.0,87.3,0.0,0,0.0
W9407,2026-02-25 17:04:20.064563,20.7,65.5,0.0,0.0,15,0.0,7.4,0.0,1,28.37
W9408,2025-04-29 17:04:20.064563,21.1,84.9,0.4,0.4,15,2.0,85.0,0.0,0,0.0
W9409,2026-02-19 17:04:20.064563,38.6,36.6,23.4,23.4,15,2.1,78.2,18.900000000000002,1,97.26
W9410,2024-10-21 17:04:20.064563,24.7,83.2,0.0,0.0,52,1.0,92.7,0.0,0,0.0
W9411,2026-03-18 17:04:20.064563,15.9,82.0,0.0,0.0,41,0.5,74.0,0.0,0,0.0
W9412,2025-04-14 17:04:20.064563,30.6,58.7,4.6,4.6,31,0.5,87.8,0.0,0,0.0
W9413,2026-03-13 17:04:20.064563,21.0,81.5,2.7,2.7,54,4.0,1.0,0.0,0,0.0
W9414,2025-05-25 17:04:20.064563,12.8,82.2,0.0,0.0,40,1.0,97.8,0.0,0,0.0
W9415,2025-11-19 17:04:20.064563,16.1,88.7,0.5,0.5,15,2.3,19.1,0.0,0,0.0
W9416,2024-12-05 17:04:20.064563,42.3,39.2,0.0,0.0,32,0.9,86.4,14.599999999999994,0,0.0
W9417,2024-05-31 17:04:20.064563,28.8,61.2,0.0,0.0,53,1.4,93.0,0.0,0,0.0
W9418,2024-06-23 17:04:20.064563,26.1,74.9,0.0,0.0,15,3.0,0.2,0.0,0,0.0
W9419,2025-10-09 17:04:20.064563,22.5,64.9,5.1,5.1,15,3.3,91.4,0.0,0,0.0
W9420,2024-05-17 17:04:20.064563,27.9,55.5,0.0,0.0,15,1.6,82.9,0.0,0,0.0
W9421,2024-05-10 17:04:20.064563,27.8,70.8,3.2,3.2,18,2.1,92.2,0.0,0,0.0
W9422,2025-02-21 17:04:20.064563,27.9,67.8,0.3,0.3,44,2.5,17.7,0.0,0,0.0
W9423,2024-11-13 17:04:20.064563,26.1,72.5,0.0,0.0,49,2.2,77.7,0.0,0,0.0
W9424,2025-07-13 17:04:20.064563,33.7,62.7,0.0,0.0,19,2.9,48.7,0.0,0,0.0
W9425,2025-03-15 17:04:20.064563,25.2,72.7,2.3,2.3,31,2.8,25.8,0.0,0,0.0
W9426,2025-11-28 17:04:20.064563,15.2,93.3,17.3,17.3,15,2.5,75.6,4.325,0,0.0
W9427,2026-02-02 17:04:20.064563,18.9,82.7,0.0,0.0,15,2.1,47.3,0.0,0,0.0
W9428,2025-11-20 17:04:20.064563,5.2,82.1,15.3,15.3,15,2.6,90.0,3.825,0,0.0
W9429,2026-03-14 17:04:20.064563,45.0,25.0,0.0,0.0,15,2.6,71.1,20.0,1,349.18
W9430,2024-05-03 17:04:20.064563,33.6,78.8,0.0,0.0,15,3.3,13.9,1.584,0,0.0
W9431,2024-03-23 17:04:20.064563,16.7,85.0,0.0,0.0,38,3.6,25.1,0.0,0,0.0
W9432,2024-12-02 17:04:20.064563,22.2,86.2,4.2,4.2,20,5.1,26.5,0.0,0,0.0
W9433,2025-08-16 17:04:20.064563,18.6,78.6,0.0,0.0,15,3.6,34.4,0.0,0,0.0
W9434,2025-12-12 17:04:20.064563,40.4,48.8,0.0,0.0,35,3.5,66.6,10.799999999999997,0,0.0
W9435,2025-04-12 17:04:20.064563,10.8,89.3,10.6,10.6,15,3.0,89.4,2.65,0,0.0
W9436,2025-01-21 17:04:20.064563,26.1,95.4,6.1,6.1,16,3.9,59.4,0.0,0,0.0
W9437,2025-04-26 17:04:20.064563,23.9,76.7,1.7,1.7,15,2.0,75.2,0.0,0,0.0
W9438,2026-02-03 17:04:20.064563,33.3,54.7,0.0,0.0,15,3.2,31.7,0.0,0,0.0
W9439,2025-04-01 17:04:20.064563,24.0,57.5,0.0,0.0,15,3.0,52.2,0.0,0,0.0
W9440,2024-07-31 17:04:20.064563,7.4,100.0,0.0,0.0,20,4.5,50.4,0.0,0,0.0
W9441,2025-10-11 17:04:20.064563,22.5,74.6,0.0,0.0,52,3.7,70.1,0.0,0,0.0
W9442,2024-04-29 17:04:20.064563,15.3,94.5,0.0,0.0,19,4.2,51.8,0.0,0,0.0
W9443,2025-11-02 17:04:20.064563,25.8,79.9,0.0,0.0,20,4.5,33.4,0.0,0,0.0
W9444,2024-09-17 17:04:20.064563,39.3,46.4,0.0,0.0,15,3.6,24.4,8.599999999999994,1,43.02
W9445,2024-12-09 17:04:20.064563,7.6,100.0,1.5,1.5,15,4.4,25.5,0.0,0,0.0
W9446,2024-09-07 17:04:20.064563,17.0,78.5,4.8,4.8,15,3.2,98.1,0.0,0,0.0
W9447,2025-08-15 17:04:20.064563,19.5,70.9,2.3,2.3,29,4.7,35.7,0.0,0,0.0
W9448,2025-08-04 17:04:20.064563,21.2,89.9,0.0,0.0,79,3.8,80.7,0.0,0,0.0
W9449,2025-02-28 17:04:20.064563,32.4,59.8,7.3,7.3,35,4.3,7.1,0.0,0,0.0
W9450,2025-07-10 17:04:20.064563,23.3,80.3,1.0,1.0,41,5.9,9.0,0.0,0,0.0
W9451,2024-07-31 17:04:20.064563,29.2,70.4,0.0,0.0,71,2.0,68.6,0.0,0,0.0
W9452,2024-06-17 17:04:20.064563,18.7,88.3,0.0,0.0,41,3.6,45.7,0.0,0,0.0
W9453,2025-02-05 17:04:20.064563,27.3,53.5,0.0,0.0,53,2.6,88.0,0.0,1,42.02
W9454,2026-03-15 17:04:20.064563,32.8,55.0,0.0,0.0,36,1.9,86.2,0.0,0,0.0
W9455,2025-09-12 17:04:20.064563,17.7,80.2,0.0,0.0,42,3.3,75.6,0.0,0,0.0
W9456,2025-06-04 17:04:20.064563,32.8,52.5,0.0,0.0,15,4.2,81.5,0.0,0,0.0
W9457,2024-08-10 17:04:20.064563,25.5,76.0,0.0,0.0,27,5.0,87.1,0.0,0,0.0
W9458,2024-12-09 17:04:20.064563,35.5,68.7,0.0,0.0,23,3.6,78.4,1.0,0,0.0
W9459,2024-07-15 17:04:20.064563,23.0,89.0,0.0,0.0,22,4.4,52.7,0.0,0,0.0
W9460,2025-02-01 17:04:20.064563,28.8,63.4,4.8,4.8,15,5.9,26.5,0.0,0,0.0
W9461,2024-05-02 17:04:20.064563,24.6,76.0,0.3,0.3,63,4.0,78.7,0.0,0,0.0
W9462,2024-07-26 17:04:20.064563,24.0,78.4,0.0,0.0,28,4.9,31.8,0.0,0,0.0
W9463,2025-08-11 17:04:20.064563,27.6,74.8,0.0,0.0,33,6.8,24.5,0.0,0,0.0
W9464,2024-12-30 17:04:20.064563,30.4,55.7,0.0,0.0,82,6.3,17.2,0.0,0,0.0
W9465,2025-03-22 17:04:20.064563,12.5,100.0,0.0,0.0,52,4.3,62.7,0.0,0,0.0
W9466,2025-06-01 17:04:20.064563,39.3,60.3,0.0,0.0,38,5.9,24.2,8.599999999999994,0,0.0
W9467,2025-01-01 17:04:20.064563,6.4,100.0,2.0,2.0,55,8.3,37.5,0.6000000000000014,0,0.0
W9468,2024-12-12 17:04:20.064563,18.2,94.8,0.0,0.0,25,5.6,70.9,0.0,0,0.0
W9469,2025-12-05 17:04:20.064563,24.1,79.3,1.0,1.0,28,4.2,79.4,0.0,0,0.0
W9470,2024-12-13 17:04:20.064563,29.1,56.0,0.0,0.0,32,3.9,31.5,0.0,0,0.0
W9471,2025-08-29 17:04:20.064563,40.8,47.5,0.0,0.0,45,2.7,84.3,11.599999999999994,1,118.41
W9472,2025-02-01 17:04:20.064563,6.4,83.9,0.0,0.0,50,7.5,5.8,0.0,0,0.0
W9473,2025-06-07 17:04:20.064563,19.9,84.3,0.0,0.0,22,3.6,98.6,0.0,0,0.0
W9474,2024-09-02 17:04:20.064563,3.7,100.0,10.1,10.1,29,4.9,41.7,2.525,0,0.0
W9475,2025-02-04 17:04:20.064563,25.3,71.6,0.0,0.0,54,6.3,32.5,0.0,0,0.0
W9476,2025-08-03 17:04:20.064563,27.7,80.5,12.4,12.4,15,3.4,92.4,3.1,0,0.0
W9477,2024-08-19 17:04:20.064563,40.9,44.1,0.0,0.0,40,6.6,13.2,11.799999999999997,1,101.36
W9478,2025-10-08 17:04:20.064563,26.2,68.2,0.0,0.0,21,6.3,35.8,0.0,0,0.0
W9479,2026-01-20 17:04:20.064563,35.4,57.1,0.0,0.0,15,5.4,35.9,0.7999999999999972,0,0.0
W9480,2025-12-29 17:04:20.064563,30.8,45.3,1.3,1.3,19,4.8,42.4,0.0,0,0.0
W9481,2025-06-11 17:04:20.064563,20.6,76.4,18.4,18.4,22,3.2,84.8,4.6,0,0.0
W9482,2024-05-11 17:04:20.064563,10.9,68.8,0.0,0.0,56,4.2,84.9,0.0,0,0.0
W9483,2024-09-27 17:04:20.064563,27.8,62.5,0.0,0.0,84,4.0,59.2,0.0,0,0.0
W9484,2024-08-17 17:04:20.064563,10.1,100.0,0.0,0.0,47,6.2,99.2,0.0,0,0.0
W9485,2024-05-12 17:04:20.064563,38.0,57.5,0.0,0.0,48,5.5,84.4,6.0,1,76.05
W9486,2024-11-08 17:04:20.064563,23.4,69.0,0.0,0.0,54,6.0,68.1,0.0,0,0.0
W9487,2024-09-21 17:04:20.064563,37.0,55.0,0.0,0.0,27,6.3,19.9,4.0,0,0.0
W9488,2024-04-23 17:04:20.064563,20.2,69.0,0.0,0.0,67,4.9,55.0,0.0,0,0.0
W9489,2025-07-12 17:04:20.064563,27.7,68.4,0.0,0.0,57,5.7,21.4,0.0,0,0.0
W9490,2024-12-09 17:04:20.064563,27.1,98.7,0.0,0.0,31,8.6,30.2,1.1999999999999993,0,0.0
W9491,2024-09-01 17:04:20.064563,24.5,91.6,19.0,19.0,19,6.6,68.6,4.75,0,0.0
W9492,2026-03-10 17:04:20.064563,20.7,79.5,1.8,1.8,62,7.9,18.4,0.0,0,0.0
W9493,2025-07-09 17:04:20.064563,28.9,68.2,2.5,2.5,19,7.5,9.1,0.0,0,0.0
W9494,2025-06-07 17:04:20.064563,15.7,76.6,3.1,3.1,67,5.5,53.2,0.0,0,0.0
W9495,2024-07-14 17:04:20.064563,12.9,82.6,0.0,0.0,43,8.5,0.1,1.0,0,0.0
W9496,2025-08-06 17:04:20.064563,37.4,57.5,0.0,0.0,15,7.1,60.9,4.799999999999997,0,0.0
W9497,2024-04-28 17:04:20.064563,32.3,56.3,0.5,0.5,72,5.0,90.1,0.0,0,0.0
W9498,2025-06-13 17:04:20.064563,25.7,80.6,0.0,0.0,80,6.1,19.0,0.0,0,0.0
W9499,2025-03-18 17:04:20.064563,41.7,63.2,0.0,0.0,32,5.6,38.3,13.400000000000006,1,151.92
W9500,2026-03-14 17:04:20.064563,22.3,79.8,0.0,0.0,21,4.7,91.6,0.0,0,0.0
W9501,2025-10-13 17:04:20.064563,38.2,53.7,0.0,0.0,82,4.2,70.4,6.400000000000006,0,0.0
W9502,2025-07-27 17:04:20.064563,26.8,53.1,8.9,8.9,26,6.8,13.5,0.0,0,0.0
W9503,2025-06-29 17:04:20.064563,14.8,95.3,2.9,2.9,77,7.8,38.2,0.0,0,0.0
W9504,2025-08-04 17:04:20.064563,43.5,33.3,0.0,0.0,21,4.5,75.6,17.0,0,0.0
W9505,2024-07-11 17:04:20.064563,34.9,53.5,0.2,0.2,85,3.6,66.5,0.0,0,0.0
W9506,2024-08-16 17:04:20.064563,23.8,83.9,0.0,0.0,79,10.0,15.6,4.0,1,41.25
W9507,2024-07-22 17:04:20.064563,32.3,71.9,0.0,0.0,69,8.5,6.2,1.2185000000000004,0,0.0
W9508,2025-03-10 17:04:20.064563,21.0,73.9,0.0,0.0,19,5.0,68.2,0.0,0,0.0
W9509,2024-06-21 17:04:20.064563,33.3,56.0,0.0,0.0,52,5.3,60.9,0.0,0,0.0
W9510,2024-10-12 17:04:20.064563,1.1,100.0,0.0,2.0,80,5.2,5.9,0.0,0,0.0
W9511,2025-01-02 17:04:20.064563,14.8,75.8,0.0,0.0,26,3.4,97.5,0.0,0,0.0
W9512,2024-09-18 17:04:20.064563,34.8,51.5,0.0,0.0,50,5.8,25.2,0.0,0,0.0
W9513,2024-09-06 17:04:20.064563,22.5,60.1,0.0,0.0,69,6.1,38.6,0.0,0,0.0
W9514,2025-08-20 17:04:20.064563,27.1,76.2,3.1,3.1,32,8.3,17.8,0.6000000000000014,0,0.0
W9515,2024-12-22 17:04:20.064563,11.5,96.6,0.5,0.5,87,4.7,82.9,0.0,0,0.0
W9516,2025-10-15 17:04:20.064563,43.5,50.4,0.0,0.0,85,5.8,96.3,17.0,1,185.68
W9517,2026-01-26 17:04:20.064563,36.9,45.1,0.0,0.0,68,5.0,21.3,3.799999999999997,0,0.0
W9518,2025-11-07 17:04:20.064563,23.0,63.6,0.0,0.0,72,4.5,28.3,0.0,1,20.58
W9519,2024-10-21 17:04:20.064563,21.0,79.1,0.0,0.0,53,5.8,70.7,0.0,0,0.0
W9520,2025-11-05 17:04:20.064563,35.3,57.7,0.0,0.0,76,5.2,52.8,0.5999999999999943,0,0.0
W9521,2024-03-22 17:04:20.064563,44.8,41.3,2.2,2.2,48,7.0,10.5,19.599999999999994,1,128.62
W9522,2025-09-07 17:04:20.064563,34.5,55.3,0.0,0.0,61,3.6,92.9,0.0,0,0.0
W9523,2025-10-23 17:04:20.064563,45.0,59.6,0.0,0.0,56,4.9,61.1,20.0,1,335.95
W9524,2024-09-18 17:04:20.064563,15.8,90.6,0.0,0.0,95,6.4,30.1,0.0,0,0.0
W9525,2025-05-18 17:04:20.064563,16.8,100.0,17.7,17.7,55,5.2,49.0,4.425,0,0.0
W9526,2024-06-04 17:04:20.064563,13.1,100.0,0.0,0.0,47,4.3,50.0,0.0,0,0.0
W9527,2024-11-25 17:04:20.064563,29.4,82.9,0.0,0.0,94,7.1,52.5,0.0,0,0.0
W9528,2025-08-10 17:04:20.064563,26.8,59.1,0.0,0.0,52,4.9,49.7,0.0,0,0.0
W9529,2026-02-09 17:04:20.064563,23.5,80.7,0.0,0.0,105,4.3,56.2,0.0,0,0.0
W9530,2024-06-22 17:04:20.064563,33.1,56.0,0.0,0.0,100,4.6,39.3,0.0,0,0.0
W9531,2025-02-17 17:04:20.064563,37.3,37.4,0.0,0.0,113,6.0,14.6,4.599999999999994,1,25.01
W9532,2024-04-13 17:04:20.064563,9.7,100.0,0.0,0.0,75,3.8,66.5,0.0,0,0.0
W9533,2025-01-03 17:04:20.064563,19.0,78.5,2.3,2.3,60,1.5,79.2,0.0,0,0.0
W9534,2026-02-13 17:04:20.064563,33.2,49.6,0.0,0.0,64,3.1,84.1,0.0,0,0.0
W9535,2026-02-12 17:04:20.064563,20.3,75.4,1.3,1.3,75,4.6,2.2,0.0,0,0.0
W9536,2024-07-20 17:04:20.064563,17.0,76.5,0.0,0.0,51,4.8,40.5,0.0,0,0.0
W9537,2025-04-25 17:04:20.064563,35.2,50.3,0.0,0.0,23,2.8,97.8,0.4000000000000057,0,0.0
W9538,2025-04-04 17:04:20.064563,12.1,89.6,0.0,0.0,64,4.6,6.3,0.0,0,0.0
W9539,2025-11-12 17:04:20.064563,22.0,94.3,0.0,0.0,73,4.2,78.6,0.0,0,0.0
W9540,2024-07-04 17:04:20.064563,28.3,60.9,0.0,0.0,83,4.8,12.6,0.0,0,0.0
W9541,2025-02-12 17:04:20.064563,19.3,97.7,0.9,0.9,79,2.6,82.5,0.0,0,0.0
W9542,2024-08-22 17:04:20.064563,32.8,69.2,0.0,0.0,76,3.0,67.2,0.0,0,0.0
W9543,2024-04-16 17:04:20.064563,19.3,85.0,0.0,0.0,97,2.7,72.5,0.0,0,0.0
W9544,2024-06-09 17:04:20.064563,39.1,58.9,0.0,0.0,56,3.0,97.7,8.200000000000003,0,0.0
W9545,2025-07-02 17:04:20.064563,23.7,74.5,0.0,0.0,60,1.7,93.9,0.0,0,0.0
W9546,2026-03-12 17:04:20.064563,31.7,75.3,0.4,0.4,116,3.9,30.4,0.45049999999999957,0,0.0
W9547,2026-01-22 17:04:20.064563,32.5,67.0,0.0,0.0,15,3.1,37.5,0.0,0,0.0
W9548,2025-07-22 17:04:20.064563,18.7,65.3,0.0,0.0,97,2.8,40.7,0.0,0,0.0
W9549,2025-06-25 17:04:20.064563,4.5,100.0,1.4,1.4,83,4.3,18.1,0.0,0,0.0
W9550,2025-12-21 17:04:20.064563,28.6,74.9,13.3,13.3,49,2.4,38.1,3.325,0,0.0
W9551,2024-12-18 17:04:20.064563,25.7,68.5,0.0,0.0,93,2.6,97.9,0.0,0,0.0
W9552,2025-11-16 17:04:20.064563,30.6,65.4,2.1,2.1,86,3.2,49.0,0.0,0,0.0
W9553,2026-01-20 17:04:20.064563,22.7,69.8,0.0,0.0,47,3.3,95.3,0.0,0,0.0
W9554,2024-03-23 17:04:20.064563,20.7,65.2,0.0,0.0,57,1.7,7.1,0.0,0,0.0
W9555,2025-02-18 17:04:20.064563,45.0,27.0,0.0,0.0,67,4.4,3.9,20.0,1,467.77
W9556,2024-05-01 17:04:20.064563,10.3,79.2,0.0,0.0,34,2.1,57.5,0.0,0,0.0
W9557,2026-01-18 17:04:20.064563,32.3,68.2,0.0,0.0,77,0.3,73.6,0.0,0,0.0
W9558,2025-12-15 17:04:20.064563,19.3,56.2,0.0,0.0,90,2.1,21.7,0.0,0,0.0
W9559,2025-06-24 17:04:20.064563,21.6,70.9,0.0,0.0,101,2.7,50.3,0.0,0,0.0
W9560,2025-02-13 17:04:20.064563,21.8,69.6,0.0,0.0,79,1.5,87.3,0.0,0,0.0
W9561,2025-10-21 17:04:20.064563,17.0,81.7,5.3,5.3,52,3.0,76.2,0.0,0,0.0
W9562,2024-07-28 17:04:20.064563,30.7,45.4,0.0,0.0,82,2.0,23.2,0.0,0,0.0
W9563,2024-10-20 17:04:20.064563,38.9,55.7,0.0,0.0,76,2.0,33.4,7.799999999999997,1,75.91
W9564,2024-05-06 17:04:20.064563,29.7,52.7,0.0,0.0,94,1.8,30.6,0.0,0,0.0
W9565,2026-01-06 17:04:20.064563,26.0,82.3,0.0,0.0,77,0.4,72.0,0.0,0,0.0
W9566,2025-01-01 17:04:20.064563,15.1,81.1,0.0,0.0,96,1.0,96.8,0.0,0,0.0
W9567,2025-02-11 17:04:20.064563,30.2,63.8,0.0,0.0,73,1.5,28.0,0.0,0,0.0
W9568,2024-05-13 17:04:20.064563,45.0,42.5,0.0,0.0,105,1.4,58.8,20.0,1,360.13
W9569,2024-05-29 17:04:20.064563,21.2,80.7,0.0,0.0,82,0.9,98.9,0.0,0,0.0
W9570,2025-09-29 17:04:20.064563,21.2,78.5,0.0,0.0,67,1.4,15.8,0.0,0,0.0
W9571,2025-11-24 17:04:20.064563,19.4,76.6,2.2,2.2,68,1.0,65.9,0.0,0,0.0
W9572,2025-04-12 17:04:20.064563,20.1,83.3,1.6,1.6,90,2.2,33.2,0.0,0,0.0
W9573,2024-06-20 17:04:20.064563,-2.5,100.0,4.0,5.1,46,0.0,99.2,7.5,0,0.0
W9574,2025-04-30 17:04:20.064563,29.1,58.8,0.0,0.0,77,0.2,10.9,0.0,0,0.0
W9575,2024-12-04 17:04:20.064563,16.5,89.4,0.0,0.0,101,2.1,45.1,0.0,0,0.0
W9576,2024-09-16 17:04:20.064563,8.9,100.0,15.4,15.4,59,1.9,25.5,3.85,0,0.0
W9577,2024-11-18 17:04:20.064563,32.5,68.3,1.8,1.8,53,0.8,3.2,0.0,0,0.0
W9578,2025-04-30 17:04:20.064563,14.2,98.1,2.3,2.3,81,2.3,96.4,0.0,0,0.0
W9579,2024-06-17 17:04:20.064563,21.6,79.3,0.0,0.0,53,0.7,56.8,0.0,0,0.0
W9580,2024-04-08 17:04:20.064563,39.7,41.1,0.0,0.0,83,2.0,70.1,9.400000000000006,0,0.0
W9581,2024-10-17 17:04:20.064563,10.9,85.5,0.0,0.0,107,1.5,62.0,0.0,0,0.0
W9582,2024-08-31 17:04:20.064563,9.7,98.7,1.9,1.9,77,1.6,14.8,0.0,0,0.0
W9583,2025-04-19 17:04:20.064563,27.7,77.9,1.5,1.5,54,0.0,17.1,0.0,0,0.0
W9584,2025-05-04 17:04:20.064563,36.5,83.1,9.2,9.2,57,0.7,62.6,7.2574999999999985,0,0.0
W9585,2025-01-03 17:04:20.064563,9.3,100.0,0.0,0.0,83,0.0,78.0,0.0,0,0.0
W9586,2026-01-09 17:04:20.064563,29.1,54.7,1.7,1.7,98,0.0,61.1,0.0,0,0.0
W9587,2026-01-16 17:04:20.064563,30.8,56.1,0.0,0.0,101,1.3,57.0,0.0,0,0.0
W9588,2024-08-22 17:04:20.064563,4.4,100.0,0.0,0.0,58,1.2,74.6,0.0,0,0.0
W9589,2024-07-19 17:04:20.064563,33.0,58.4,0.0,0.0,73,0.0,24.4,0.0,0,0.0
W9590,2025-01-17 17:04:20.064563,33.8,59.8,0.0,0.0,87,0.0,73.2,0.0,0,0.0
W9591,2025-08-02 17:04:20.064563,21.9,67.6,0.0,0.0,67,0.1,41.1,0.0,0,0.0
W9592,2025-06-03 17:04:20.064563,37.5,69.4,0.0,0.0,89,0.0,67.4,5.0,0,0.0
W9593,2025-01-29 17:04:20.064563,36.4,60.5,0.0,0.0,52,0.0,27.5,2.799999999999997,0,0.0
W9594,2026-02-17 17:04:20.064563,26.0,63.2,0.0,0.0,84,0.0,13.7,0.0,0,0.0
W9595,2025-11-25 17:04:20.064563,20.5,69.3,0.0,0.0,99,0.6,2.9,0.0,0,0.0
W9596,2024-07-30 17:04:20.064563,15.3,90.2,0.0,0.0,80,0.0,80.3,0.0,0,0.0
W9597,2025-03-20 17:04:20.064563,24.6,73.5,0.0,0.0,82,0.0,19.7,0.0,0,0.0
W9598,2026-01-28 17:04:20.064563,30.7,72.3,0.0,0.0,95,0.0,36.3,0.08049999999999982,0,0.0
W9599,2024-06-24 17:04:20.064563,21.8,82.8,0.0,0.0,69,2.4,76.9,0.0,0,0.0
W9600,2025-03-29 17:04:20.064563,3.0,100.0,0.0,0.0,90,0.0,45.0,0.0,0,0.0
W9601,2025-08-24 17:04:20.064563,37.7,48.0,0.0,0.0,77,0.0,21.8,5.400000000000006,0,0.0
W9602,2024-10-08 17:04:20.064563,26.9,68.0,0.0,0.0,59,0.0,19.5,0.0,0,0.0
W9603,2025-08-01 17:04:20.064563,21.2,72.7,0.0,0.0,95,0.5,40.8,0.0,0,0.0
W9604,2025-06-17 17:04:20.064563,33.6,58.3,0.0,0.0,105,0.1,56.5,0.0,0,0.0
W9605,2025-04-19 17:04:20.064563,40.2,49.8,0.0,0.0,100,0.0,39.2,10.400000000000006,0,0.0
W9606,2025-07-18 17:04:20.064563,-3.0,100.0,7.3,8.7,80,0.2,90.5,9.0,1,84.47
W9607,2024-12-17 17:04:20.064563,29.3,72.3,0.7,0.7,85,1.1,0.4,0.0,0,0.0
W9608,2025-10-15 17:04:20.064563,10.7,90.2,0.0,0.0,84,0.2,40.2,0.0,0,0.0
W9609,2025-11-22 17:04:20.064563,30.0,56.6,5.6,5.6,63,0.2,74.3,0.0,0,0.0
W9610,2025-05-25 17:04:20.064563,26.3,67.1,0.0,0.0,63,0.2,89.1,0.0,0,0.0
W9611,2024-06-18 17:04:20.064563,31.4,65.4,5.7,5.7,23,0.0,35.8,0.0,0,0.0
W9612,2025-05-24 17:04:20.064563,20.0,80.8,18.8,18.8,15,0.4,67.4,4.7,1,30.29
W9613,2025-03-30 17:04:20.064563,6.3,100.0,0.0,0.0,75,1.0,58.0,0.0,0,0.0
W9614,2025-12-06 17:04:20.064563,20.5,88.2,0.9,0.9,48,1.4,20.2,0.0,0,0.0
W9615,2024-09-24 17:04:20.064563,29.1,79.4,0.0,0.0,83,0.4,68.1,0.0,0,0.0
W9616,2025-06-05 17:04:20.064563,35.2,60.1,2.7,2.7,104,0.0,25.0,0.4000000000000057,0,0.0
W9617,2025-12-23 17:04:20.064563,13.3,79.4,0.0,0.0,15,1.9,78.4,0.0,0,0.0
W9618,2025-05-28 17:04:20.064563,35.3,54.4,0.0,0.0,54,0.1,86.6,0.5999999999999943,0,0.0
W9619,2024-06-21 17:04:20.064563,18.5,72.2,0.7,0.7,116,0.0,47.8,0.0,0,0.0
W9620,2024-04-28 17:04:20.064563,28.6,84.0,12.0,12.0,66,0.0,5.4,3.0,0,0.0
W9621,2025-08-25 17:04:20.064563,19.9,100.0,1.1,1.1,68,0.0,73.7,0.0,0,0.0
W9622,2025-03-02 17:04:20.064563,26.8,76.3,0.0,0.0,62,0.0,46.7,0.0,0,0.0
W9623,2025-07-05 17:04:20.064563,33.9,67.7,0.0,0.0,84,1.9,9.5,0.0,0,0.0
W9624,2026-02-08 17:04:20.064563,12.7,93.4,0.0,0.0,91,0.0,33.1,0.0,0,0.0
W9625,2024-11-02 17:04:20.064563,18.2,86.4,0.0,0.0,46,1.5,29.1,0.0,0,0.0
W9626,2026-01-10 17:04:20.064563,26.8,53.8,0.0,0.0,101,0.0,72.6,0.0,0,0.0
W9627,2026-02-18 17:04:20.064563,45.0,41.8,8.5,8.5,62,1.0,42.4,20.0,1,309.95
W9628,2026-03-18 17:04:20.064563,16.4,76.6,0.0,0.0,89,0.0,58.7,0.0,0,0.0
W9629,2024-08-23 17:04:20.064563,45.0,45.3,9.2,9.2,72,0.0,50.1,20.0,1,365.95
W9630,2025-08-07 17:04:20.064563,45.0,41.9,0.0,0.0,76,0.0,72.4,20.0,1,486.58
W9631,2025-09-08 17:04:20.064563,24.0,93.4,6.2,6.2,66,0.0,71.8,0.0,0,0.0
W9632,2025-12-22 17:04:20.064563,22.0,86.1,0.0,0.0,79,0.8,44.9,0.0,0,0.0
W9633,2026-01-09 17:04:20.064563,18.1,85.7,0.0,0.0,61,1.0,13.5,0.0,0,0.0
W9634,2025-09-06 17:04:20.064563,24.3,70.9,0.0,0.0,81,0.0,40.8,0.0,0,0.0
W9635,2024-06-11 17:04:20.064563,10.9,100.0,5.1,5.1,52,0.0,16.0,0.0,0,0.0
W9636,2025-01-09 17:04:20.064563,24.2,73.3,0.0,0.0,67,0.1,95.9,0.0,0,0.0
W9637,2025-07-10 17:04:20.064563,40.0,53.4,7.2,7.2,84,0.0,95.0,10.0,1,177.11
W9638,2025-06-08 17:04:20.064563,18.9,82.1,0.0,0.0,66,0.0,45.7,0.0,0,0.0
W9639,2024-06-07 17:04:20.064563,22.6,72.1,0.0,0.0,74,0.0,2.8,0.0,0,0.0
W9640,2025-07-20 17:04:20.064563,8.0,98.4,2.1,2.1,58,0.2,37.5,0.0,0,0.0
W9641,2025-01-19 17:04:20.064563,28.7,47.3,0.0,0.0,58,1.4,89.5,0.0,0,0.0
W9642,2024-08-17 17:04:20.064563,27.6,53.1,1.9,1.9,99,1.3,28.8,0.0,0,0.0
W9643,2024-07-26 17:04:20.064563,25.6,75.0,1.9,1.9,31,0.0,62.2,0.0,0,0.0
W9644,2026-02-16 17:04:20.064563,22.8,91.4,0.0,0.0,65,0.0,18.4,0.0,0,0.0
W9645,2025-01-19 17:04:20.064563,22.1,80.4,0.0,0.0,39,0.0,82.5,0.0,0,0.0
W9646,2024-11-27 17:04:20.064563,30.0,57.8,0.0,0.0,88,0.0,89.2,0.0,0,0.0
W9647,2025-09-04 17:04:20.064563,24.7,58.5,0.0,0.0,61,0.7,61.5,0.0,0,0.0
W9648,2025-05-29 17:04:20.064563,28.1,75.6,0.8,0.8,51,0.0,62.4,0.0,0,0.0
W9649,2025-01-14 17:04:20.064563,27.1,63.6,0.0,0.0,25,0.0,37.9,0.0,0,0.0
W9650,2025-10-21 17:04:20.064563,36.2,62.1,0.0,0.0,92,0.7,70.7,2.4000000000000057,0,0.0
W9651,2024-05-05 17:04:20.064563,31.8,66.2,0.0,0.0,34,0.7,47.8,0.0,0,0.0
W9652,2025-10-03 17:04:20.064563,26.9,74.4,0.4,0.4,69,0.0,74.5,0.0,0,0.0
W9653,2024-06-04 17:04:20.064563,40.2,50.1,0.0,0.0,78,0.3,96.9,10.400000000000006,1,105.27
W9654,2024-05-03 17:04:20.064563,29.2,70.0,0.0,0.0,102,0.0,82.2,0.0,0,0.0
W9655,2025-08-25 17:04:20.064563,38.0,51.7,0.0,0.0,47,0.0,51.7,6.0,0,0.0
W9656,2024-07-06 17:04:20.064563,31.1,57.0,0.0,0.0,41,0.4,97.9,0.0,1,37.0
W9657,2025-08-22 17:04:20.064563,6.6,90.5,14.9,14.9,19,0.7,60.7,3.725,0,0.0
W9658,2025-05-27 17:04:20.064563,38.0,29.1,0.0,0.0,45,0.4,6.5,6.0,1,79.8
W9659,2025-05-14 17:04:20.064563,26.4,68.7,0.0,0.0,19,0.0,73.0,0.0,0,0.0
W9660,2024-06-22 17:04:20.064563,24.5,88.5,0.0,0.0,89,0.3,82.0,0.0,0,0.0
W9661,2025-07-06 17:04:20.064563,27.8,75.6,4.6,4.6,38,2.2,13.5,0.0,0,0.0
W9662,2026-01-23 17:04:20.064563,21.6,80.0,1.3,1.3,49,0.4,67.9,0.0,0,0.0
W9663,2025-10-21 17:04:20.064563,27.3,61.8,0.0,0.0,67,0.0,92.1,0.0,0,0.0
W9664,2024-12-02 17:04:20.064563,19.1,91.4,5.2,5.2,71,0.0,25.1,0.0,0,0.0
W9665,2025-03-16 17:04:20.064563,37.7,52.2,0.0,0.0,30,0.0,58.5,5.400000000000006,0,0.0
W9666,2024-12-03 17:04:20.064563,23.9,90.0,0.0,0.0,60,0.0,27.5,0.0,0,0.0
W9667,2025-11-07 17:04:20.064563,21.2,68.4,0.0,0.0,28,0.1,77.4,0.0,0,0.0
W9668,2024-06-09 17:04:20.064563,15.8,78.9,0.0,0.0,58,0.0,58.1,0.0,0,0.0
W9669,2025-08-15 17:04:20.064563,27.7,60.0,0.0,0.0,57,0.0,42.8,0.0,0,0.0
W9670,2024-04-03 17:04:20.064563,26.9,54.9,15.7,15.7,15,0.0,2.9,3.925,1,31.01
W9671,2024-07-12 17:04:20.064563,28.9,57.3,4.6,4.6,46,0.0,94.5,0.0,1,38.59
W9672,2026-01-24 17:04:20.064563,14.7,88.9,0.0,0.0,55,0.9,49.8,0.0,0,0.0
W9673,2025-07-04 17:04:20.064563,9.0,89.4,13.6,13.6,20,0.2,80.4,3.4,0,0.0
W9674,2024-09-17 17:04:20.064563,31.3,24.6,3.6,3.6,37,0.0,39.2,0.0,1,38.97
W9675,2024-09-20 17:04:20.064563,39.8,61.0,0.0,0.0,21,0.4,84.9,9.599999999999994,0,0.0
W9676,2025-04-24 17:04:20.064563,14.7,71.1,0.0,0.0,26,0.4,16.0,0.0,0,0.0
W9677,2024-05-03 17:04:20.064563,40.9,54.6,0.0,0.0,35,0.0,23.1,11.799999999999997,1,169.75
W9678,2024-06-11 17:04:20.064563,27.8,68.6,0.0,0.0,26,0.0,33.3,0.0,0,0.0
W9679,2025-05-18 17:04:20.064563,24.9,93.8,3.0,3.0,29,0.0,8.9,0.0,0,0.0
W9680,2026-03-09 17:04:20.064563,21.0,88.4,0.9,0.9,42,0.0,44.4,0.0,0,0.0
W9681,2025-01-16 17:04:20.064563,11.2,88.2,1.3,1.3,44,0.0,48.6,0.0,0,0.0
W9682,2025-02-02 17:04:20.064563,34.9,50.7,1.2,1.2,53,0.0,11.5,0.0,0,0.0
W9683,2025-11-09 17:04:20.064563,17.2,99.2,1.9,1.9,43,1.3,42.7,0.0,0,0.0
W9684,2025-06-26 17:04:20.064563,17.2,69.4,0.0,0.0,46,0.0,19.7,0.0,0,0.0
W9685,2026-02-02 17:04:20.064563,34.9,59.5,0.0,0.0,54,0.9,87.5,0.0,0,0.0
W9686,2025-06-21 17:04:20.064563,6.2,99.4,1.2,1.2,22,0.0,50.9,0.0,0,0.0
W9687,2025-12-16 17:04:20.064563,9.8,91.9,0.0,0.0,25,0.2,95.2,0.0,0,0.0
W9688,2024-12-14 17:04:20.064563,24.8,76.3,0.0,0.0,34,0.0,34.1,0.0,0,0.0
W9689,2025-03-02 17:04:20.064563,27.9,70.0,0.0,0.0,27,1.2,34.1,0.0,0,0.0
W9690,2024-09-25 17:04:20.064563,29.8,69.8,11.3,11.3,15,2.1,33.9,2.825,0,0.0
W9691,2024-10-20 17:04:20.064563,22.0,78.4,0.0,0.0,52,0.0,26.8,0.0,0,0.0
W9692,2024-09-23 17:04:20.064563,45.0,46.7,0.0,0.0,20,1.3,78.4,20.0,1,274.32
W9693,2024-06-06 17:04:20.064563,22.7,76.9,2.6,2.6,70,0.0,28.3,0.0,0,0.0
W9694,2025-11-26 17:04:20.064563,22.7,69.4,0.0,0.0,42,0.0,28.8,0.0,0,0.0
W9695,2024-12-08 17:04:20.064563,17.0,84.5,0.6,0.6,15,0.0,4.7,0.0,0,0.0
W9696,2026-02-05 17:04:20.064563,26.2,63.5,0.0,0.0,51,0.4,96.5,0.0,0,0.0
W9697,2024-07-04 17:04:20.064563,31.1,55.5,0.0,0.0,38,0.0,88.6,0.0,1,37.48
W9698,2025-06-05 17:04:20.064563,37.0,51.1,0.0,0.0,43,0.0,29.3,4.0,0,0.0
W9699,2025-09-16 17:04:20.064563,10.1,93.6,0.0,0.0,26,1.3,52.1,0.0,0,0.0
W9700,2024-04-05 17:04:20.064563,22.5,76.5,0.0,0.0,17,1.2,48.3,0.0,0,0.0
W9701,2024-03-23 17:04:20.064563,29.5,75.0,0.5,0.5,15,0.0,8.8,0.0,0,0.0
W9702,2025-04-26 17:04:20.064563,30.9,58.7,7.4,7.4,15,1.1,53.1,0.0,0,0.0
W9703,2024-07-15 17:04:20.064563,25.1,74.4,1.6,1.6,15,1.2,11.3,0.0,0,0.0
W9704,2024-03-31 17:04:20.064563,30.4,65.5,0.0,0.0,27,1.1,43.4,0.0,0,0.0
W9705,2024-09-09 17:04:20.064563,16.9,78.5,13.2,13.2,15,0.1,8.8,3.3,0,0.0
W9706,2026-01-18 17:04:20.064563,40.6,49.9,0.0,0.0,15,0.3,58.9,11.200000000000003,1,161.91
W9707,2025-07-19 17:04:20.064563,34.9,67.6,0.3,0.3,50,0.0,4.9,0.0,0,0.0
W9708,2025-07-02 17:04:20.064563,11.6,94.5,0.0,0.0,35,2.3,62.8,0.0,0,0.0
W9709,2026-02-24 17:04:20.064563,14.2,90.9,0.0,0.0,80,0.4,70.7,0.0,0,0.0
W9710,2025-05-06 17:04:20.064563,14.5,81.2,4.0,4.0,15,0.0,57.1,0.0,0,0.0
W9711,2026-01-20 17:04:20.064563,31.8,82.0,0.0,0.0,76,0.5,46.9,1.0800000000000005,0,0.0
W9712,2025-11-24 17:04:20.064563,12.2,85.3,0.0,0.0,46,0.3,6.1,0.0,0,0.0
W9713,2025-07-29 17:04:20.064563,21.7,60.8,10.3,10.3,15,2.1,1.1,2.575,0,0.0
W9714,2025-01-22 17:04:20.064563,29.5,74.3,0.0,0.0,15,0.0,34.2,0.0,0,0.0
W9715,2025-12-11 17:04:20.064563,24.3,72.3,0.0,0.0,36,0.8,77.1,0.0,0,0.0
W9716,2025-12-09 17:04:20.064563,27.6,65.6,0.0,0.0,15,0.0,64.7,0.0,0,0.0
W9717,2025-03-22 17:04:20.064563,14.3,83.0,1.6,1.6,15,0.0,12.5,0.0,0,0.0
W9718,2026-02-23 17:04:20.064563,30.9,82.3,0.0,0.0,15,0.0,68.8,0.553499999999999,0,0.0
W9719,2026-02-05 17:04:20.064563,18.9,85.2,0.0,0.0,71,0.9,57.5,0.0,0,0.0
W9720,2026-02-22 17:04:20.064563,21.8,82.9,0.0,0.0,50,0.1,16.7,0.0,0,0.0
W9721,2026-02-07 17:04:20.064563,27.4,70.6,0.0,0.0,20,0.0,75.5,0.0,0,0.0
W9722,2025-04-26 17:04:20.064563,26.0,73.7,0.0,0.0,57,1.6,83.0,0.0,0,0.0
W9723,2025-01-21 17:04:20.064563,25.2,86.1,7.4,7.4,37,0.0,23.3,0.0,0,0.0
W9724,2024-06-15 17:04:20.064563,17.5,81.3,11.0,11.0,30,0.0,63.6,2.75,1,47.26
W9725,2024-07-24 17:04:20.064563,22.0,62.4,8.3,8.3,15,0.0,37.8,0.0,0,0.0
W9726,2024-08-03 17:04:20.064563,25.0,81.1,0.0,0.0,19,0.0,5.8,0.0,0,0.0
W9727,2024-04-01 17:04:20.064563,11.2,98.1,25.5,25.5,15,0.0,86.1,12.75,1,149.06
W9728,2024-09-29 17:04:20.064563,20.4,80.5,0.4,0.4,22,0.6,82.1,0.0,0,0.0
W9729,2024-07-10 17:04:20.064563,28.9,71.4,10.1,10.1,15,0.0,31.8,2.525,0,0.0
W9730,2024-04-03 17:04:20.064563,12.2,88.0,0.0,0.0,15,0.6,53.2,0.0,0,0.0
W9731,2026-02-28 17:04:20.064563,36.6,55.4,0.0,0.0,47,0.8,51.2,3.200000000000003,1,26.77
W9732,2024-09-26 17:04:20.064563,37.7,52.1,0.0,0.0,37,0.0,17.7,5.400000000000006,0,0.0
W9733,2024-04-14 17:04:20.064563,12.5,85.3,0.0,0.0,15,0.0,14.6,0.0,0,0.0
W9734,2024-10-18 17:04:20.064563,38.6,64.0,0.0,0.0,42,1.5,84.4,7.200000000000003,0,0.0
W9735,2025-07-23 17:04:20.064563,23.6,60.5,1.0,1.0,27,0.0,86.7,0.0,0,0.0
W9736,2026-01-11 17:04:20.064563,29.2,89.8,3.3,3.3,15,0.0,72.5,0.0,0,0.0
W9737,2024-08-13 17:04:20.064563,20.0,88.7,0.8,0.8,53,0.0,7.3,0.0,0,0.0
W9738,2026-01-12 17:04:20.064563,34.2,40.9,0.0,0.0,29,0.6,90.9,0.0,0,0.0
W9739,2024-11-20 17:04:20.064563,29.1,64.2,0.0,0.0,58,0.7,98.1,0.0,0,0.0
W9740,2025-06-07 17:04:20.064563,16.9,83.0,12.7,12.7,15,0.0,77.6,3.175,0,0.0
W9741,2025-12-19 17:04:20.064563,13.3,93.9,16.7,16.7,15,0.0,35.3,4.175,0,0.0
W9742,2025-09-20 17:04:20.064563,10.4,84.5,0.0,0.0,15,0.3,40.6,0.0,0,0.0
W9743,2024-09-29 17:04:20.064563,26.9,70.0,7.4,7.4,15,0.5,87.0,0.0,0,0.0
W9744,2024-06-14 17:04:20.064563,30.7,62.7,0.0,0.0,50,1.1,28.0,0.0,0,0.0
W9745,2025-01-20 17:04:20.064563,31.5,55.4,5.4,5.4,33,1.0,14.2,0.0,0,0.0
W9746,2025-07-05 17:04:20.064563,23.8,65.5,0.0,0.0,15,0.1,82.3,0.0,0,0.0
W9747,2024-08-16 17:04:20.064563,13.4,99.0,0.0,0.0,15,0.0,19.3,0.0,0,0.0
W9748,2025-07-16 17:04:20.064563,18.2,65.8,0.0,0.0,54,0.0,90.7,0.0,0,0.0
W9749,2025-05-24 17:04:20.064563,36.5,60.0,9.2,9.2,23,0.0,59.6,3.0,1,30.66
W9750,2024-04-09 17:04:20.064563,20.2,87.7,6.0,6.0,15,0.0,55.5,0.0,0,0.0
W9751,2024-07-15 17:04:20.064563,26.4,68.2,0.0,0.0,15,1.1,77.6,0.0,0,0.0
W9752,2024-09-04 17:04:20.064563,14.2,89.2,0.0,0.0,57,1.0,1.6,0.0,0,0.0
W9753,2024-08-21 17:04:20.064563,28.4,79.1,0.0,0.0,15,0.0,71.4,0.0,0,0.0
W9754,2026-03-07 17:04:20.064563,20.4,72.3,0.0,0.0,15,0.0,59.8,0.0,0,0.0
W9755,2025-06-16 17:04:20.064563,35.5,50.8,3.6,3.6,15,2.1,52.4,1.0,0,0.0
W9756,2025-07-27 17:04:20.064563,32.7,55.9,0.0,0.0,27,1.2,21.7,0.0,0,0.0
W9757,2025-07-13 17:04:20.064563,20.0,91.6,0.0,0.0,15,0.2,82.9,0.0,0,0.0
W9758,2024-04-07 17:04:20.064563,23.7,87.3,0.0,0.0,24,1.1,25.1,0.0,0,0.0
W9759,2025-06-21 17:04:20.064563,19.5,66.8,0.0,0.0,15,1.6,49.0,0.0,0,0.0
W9760,2025-11-07 17:04:20.064563,10.8,100.0,11.6,11.6,15,0.1,15.8,2.9,0,0.0
W9761,2024-11-21 17:04:20.064563,16.4,93.6,0.0,0.0,15,0.0,97.4,0.0,0,0.0
W9762,2024-10-10 17:04:20.064563,27.0,85.1,0.0,0.0,15,0.9,19.5,0.0,0,0.0
W9763,2025-01-13 17:04:20.064563,28.3,71.5,2.0,2.0,30,0.9,80.3,0.0,0,0.0
W9764,2025-10-22 17:04:20.064563,26.5,69.8,3.6,3.6,27,0.0,26.3,0.0,0,0.0
W9765,2025-04-23 17:04:20.064563,22.0,88.5,0.0,0.0,16,0.4,25.6,0.0,1,24.54
W9766,2024-05-09 17:04:20.064563,34.3,65.5,1.1,1.1,15,0.0,42.2,0.0,0,0.0
W9767,2025-02-22 17:04:20.064563,25.6,94.0,0.0,0.0,47,0.0,84.6,0.0,0,0.0
W9768,2024-03-26 17:04:20.064563,32.0,71.5,3.2,3.2,27,0.6,68.8,0.15,0,0.0
W9769,2024-07-01 17:04:20.064563,7.3,100.0,0.0,0.0,15,1.9,87.2,0.0,0,0.0
W9770,2025-12-23 17:04:20.064563,-5.0,100.0,0.1,6.8,26,1.2,4.7,15.0,1,196.46
W9771,2026-03-18 17:04:20.064563,27.8,62.4,1.1,1.1,24,0.7,95.6,0.0,0,0.0
W9772,2025-06-03 17:04:20.064563,10.8,79.5,0.0,0.0,34,0.0,7.7,0.0,0,0.0
W9773,2025-05-17 17:04:20.064563,22.9,73.5,0.0,0.0,75,1.4,72.1,0.0,0,0.0
W9774,2025-08-07 17:04:20.064563,22.0,86.3,4.4,4.4,15,0.7,20.7,0.0,0,0.0
W9775,2025-10-31 17:04:20.064563,40.9,48.7,0.0,0.0,31,0.1,84.1,11.799999999999997,1,122.96
W9776,2025-11-18 17:04:20.064563,29.0,76.7,0.0,0.0,50,1.8,86.2,0.0,0,0.0
W9777,2025-10-06 17:04:20.064563,26.7,73.4,0.0,0.0,55,0.1,55.1,0.0,0,0.0
W9778,2025-01-09 17:04:20.064563,33.4,55.9,0.0,0.0,24,1.3,40.3,0.0,0,0.0
W9779,2024-04-24 17:04:20.064563,28.7,67.8,0.0,0.0,15,0.1,79.3,0.0,0,0.0
W9780,2025-07-30 17:04:20.064563,20.4,84.1,2.2,2.2,15,0.9,87.4,0.0,0,0.0
W9781,2025-05-01 17:04:20.064563,35.7,57.8,0.0,0.0,37,0.0,73.8,1.4000000000000057,0,0.0
W9782,2025-07-28 17:04:20.064563,13.9,90.7,0.0,0.0,28,1.9,90.7,0.0,0,0.0
W9783,2025-08-25 17:04:20.064563,28.2,60.0,0.0,0.0,24,2.2,62.7,0.0,0,0.0
W9784,2025-11-13 17:04:20.064563,9.5,91.4,0.0,0.0,27,4.0,67.0,0.0,0,0.0
W9785,2025-12-04 17:04:20.064563,27.0,92.0,0.0,0.0,41,2.3,57.2,0.0,0,0.0
W9786,2026-02-10 17:04:20.064563,26.9,81.9,0.0,0.0,33,1.4,48.8,0.0,0,0.0
W9787,2025-07-30 17:04:20.064563,41.8,32.6,0.0,0.0,30,3.1,65.5,13.599999999999994,1,97.73
W9788,2024-11-10 17:04:20.064563,9.4,72.3,0.0,0.0,15,3.3,56.1,0.0,0,0.0
W9789,2024-05-19 17:04:20.064563,19.0,82.3,0.0,0.0,43,3.4,73.1,0.0,0,0.0
W9790,2025-09-09 17:04:20.064563,33.2,69.1,0.0,0.0,15,0.0,93.4,0.0,0,0.0
W9791,2024-04-06 17:04:20.064563,28.4,62.3,0.0,0.0,42,2.2,37.3,0.0,0,0.0
W9792,2025-05-24 17:04:20.064563,26.8,80.0,6.7,6.7,15,2.1,41.1,0.0,0,0.0
W9793,2025-10-29 17:04:20.064563,15.4,87.4,0.0,0.0,35,5.4,1.5,0.0,0,0.0
W9794,2025-02-04 17:04:20.064563,19.1,79.7,0.0,0.0,59,3.7,52.7,0.0,0,0.0
W9795,2025-10-05 17:04:20.064563,37.5,61.4,0.0,0.0,37,5.0,13.1,5.0,1,90.58
W9796,2024-05-22 17:04:20.064563,24.5,68.0,2.9,2.9,47,1.6,71.6,0.0,0,0.0
W9797,2024-12-17 17:04:20.064563,28.8,64.0,8.3,8.3,15,2.8,78.0,0.0,0,0.0
W9798,2026-01-10 17:04:20.064563,23.8,80.9,1.4,1.4,24,1.2,72.3,0.0,0,0.0
W9799,2025-05-19 17:04:20.064563,13.2,89.9,9.8,9.8,15,2.2,54.7,0.0,0,0.0
W9800,2025-07-15 17:04:20.064563,34.3,77.6,3.9,3.9,15,3.5,53.4,1.633999999999998,1,54.74
W9801,2024-07-15 17:04:20.064563,30.0,71.9,0.0,0.0,47,3.5,64.7,0.0,0,0.0
W9802,2025-08-06 17:04:20.064563,45.0,48.8,0.0,0.0,37,3.9,55.5,20.0,1,394.14
W9803,2025-12-15 17:04:20.064563,14.8,87.2,0.0,0.0,36,2.5,75.0,0.0,0,0.0
W9804,2026-01-08 17:04:20.064563,33.2,68.9,5.8,5.8,39,3.2,89.5,0.0,1,27.73
W9805,2025-03-08 17:04:20.064563,11.9,88.9,0.0,0.0,15,3.8,53.6,0.0,0,0.0
W9806,2025-06-20 17:04:20.064563,26.6,73.0,0.0,0.0,15,6.6,11.0,0.0,0,0.0
W9807,2026-03-02 17:04:20.064563,34.8,48.7,15.7,15.7,21,4.6,13.1,3.925,0,0.0
W9808,2025-06-07 17:04:20.064563,4.3,100.0,2.9,2.9,21,2.6,37.6,0.0,0,0.0
W9809,2024-04-08 17:04:20.064563,23.0,78.5,0.0,0.0,32,4.8,49.6,0.0,0,0.0
W9810,2024-08-30 17:04:20.064563,19.4,100.0,0.0,0.0,15,5.4,22.5,0.0,0,0.0
W9811,2025-01-06 17:04:20.064563,18.0,100.0,0.0,0.0,58,3.6,45.3,0.0,0,0.0
W9812,2024-09-30 17:04:20.064563,28.9,74.4,1.7,1.7,39,5.2,13.6,0.0,0,0.0
W9813,2025-07-11 17:04:20.064563,36.2,56.4,0.0,0.0,18,5.5,24.1,2.4000000000000057,0,0.0
W9814,2025-03-05 17:04:20.064563,23.7,65.0,0.7,0.7,70,3.5,73.4,0.0,0,0.0
W9815,2025-06-09 17:04:20.064563,27.1,78.5,0.0,0.0,15,2.0,98.6,0.0,0,0.0
W9816,2024-11-10 17:04:20.064563,26.1,72.9,0.0,0.0,24,5.5,18.6,0.0,0,0.0
W9817,2025-08-19 17:04:20.064563,25.0,77.9,3.9,3.9,43,6.2,33.9,0.0,0,0.0
W9818,2024-10-28 17:04:20.064563,14.1,100.0,1.3,1.3,52,4.9,35.1,0.0,0,0.0
W9819,2025-11-09 17:04:20.064563,36.1,47.6,7.7,7.7,15,6.0,22.3,2.200000000000003,0,0.0
W9820,2026-02-17 17:04:20.064563,28.0,58.8,8.2,8.2,15,5.7,20.4,0.0,0,0.0
W9821,2025-02-28 17:04:20.064563,28.9,64.2,3.3,3.3,41,5.0,13.2,0.0,0,0.0
W9822,2025-11-24 17:04:20.064563,16.9,92.8,0.0,0.0,63,3.6,90.8,0.0,0,0.0
W9823,2026-01-19 17:04:20.064563,20.4,84.9,0.0,0.0,62,4.2,64.9,0.0,0,0.0
W9824,2025-07-10 17:04:20.064563,23.2,66.2,0.0,0.0,48,6.6,29.0,0.0,0,0.0
W9825,2024-07-30 17:04:20.064563,9.7,100.0,0.0,0.0,36,7.3,25.8,0.0,0,0.0
W9826,2025-01-12 17:04:20.064563,8.1,85.8,0.0,0.0,32,5.8,59.0,0.0,0,0.0
W9827,2026-03-16 17:04:20.064563,19.0,73.1,0.0,0.0,46,3.9,69.7,0.0,0,0.0
W9828,2025-04-21 17:04:20.064563,30.2,63.5,10.7,10.7,43,5.1,25.3,2.675,0,0.0
W9829,2025-05-18 17:04:20.064563,18.5,76.8,0.0,0.0,32,4.4,34.7,0.0,0,0.0
W9830,2026-02-05 17:04:20.064563,14.8,96.7,7.4,7.4,17,6.4,29.1,0.0,0,0.0
W9831,2026-01-15 17:04:20.064563,16.9,87.6,9.6,9.6,41,6.3,8.8,0.0,0,0.0
W9832,2025-03-21 17:04:20.064563,20.4,97.0,0.0,0.0,59,4.8,38.7,0.0,0,0.0
W9833,2025-07-14 17:04:20.064563,21.5,75.3,0.0,0.0,28,7.4,53.4,0.0,0,0.0
W9834,2024-08-30 17:04:20.064563,45.0,41.3,0.0,0.0,15,5.5,65.5,20.0,1,442.57
W9835,2025-12-14 17:04:20.064563,35.5,68.8,0.0,0.0,15,6.3,41.7,1.0,0,0.0
W9836,2024-10-16 17:04:20.064563,35.2,56.2,0.5,0.5,41,4.1,98.3,0.4000000000000057,0,0.0
W9837,2025-01-01 17:04:20.064563,36.7,69.9,0.0,0.0,18,6.9,62.6,3.4000000000000057,1,24.12
W9838,2026-02-23 17:04:20.064563,15.0,92.9,3.5,3.5,52,4.1,88.7,0.0,0,0.0
W9839,2024-06-14 17:04:20.064563,12.8,67.3,4.7,4.7,15,4.8,91.6,0.0,0,0.0
W9840,2026-01-30 17:04:20.064563,13.9,100.0,2.0,2.0,70,5.5,82.1,0.0,0,0.0
W9841,2025-07-25 17:04:20.064563,38.3,61.6,0.0,0.0,36,8.6,27.0,7.799999999999994,0,0.0
W9842,2024-07-28 17:04:20.064563,19.5,90.2,1.6,1.6,24,6.1,43.1,0.0,0,0.0
W9843,2024-09-11 17:04:20.064563,12.5,72.2,0.0,0.0,33,9.1,0.0,2.1999999999999993,0,0.0
W9844,2024-10-08 17:04:20.064563,20.7,72.3,0.0,0.0,27,4.3,45.1,0.0,0,0.0
W9845,2024-08-25 17:04:20.064563,22.6,70.2,0.0,0.0,75,8.8,29.4,1.6000000000000014,0,0.0
W9846,2025-11-28 17:04:20.064563,27.7,60.1,0.0,0.0,58,7.9,11.2,0.0,0,0.0
W9847,2025-08-03 17:04:20.064563,27.5,86.2,0.0,0.0,47,5.4,83.9,0.0,0,0.0
W9848,2024-06-29 17:04:20.064563,16.7,84.8,0.0,0.0,22,4.0,67.3,0.0,0,0.0
W9849,2025-05-17 17:04:20.064563,31.9,61.8,0.0,0.0,45,2.6,99.9,0.0,0,0.0
W9850,2025-08-05 17:04:20.064563,18.6,87.6,7.6,7.6,16,5.3,49.8,0.0,0,0.0
W9851,2025-01-22 17:04:20.064563,23.4,80.5,0.4,0.4,15,6.7,33.1,0.0,0,0.0
W9852,2024-11-13 17:04:20.064563,31.9,28.8,0.0,0.0,34,6.7,26.4,0.0,0,0.0
W9853,2024-10-18 17:04:20.064563,18.6,75.7,0.0,0.0,61,5.8,43.5,0.0,0,0.0
W9854,2025-10-09 17:04:20.064563,19.3,66.9,0.0,0.0,40,6.6,31.0,0.0,0,0.0
W9855,2024-05-05 17:04:20.064563,30.9,67.6,0.0,0.0,47,1.7,99.1,0.0,0,0.0
W9856,2024-04-05 17:04:20.064563,16.4,82.5,0.0,0.0,71,7.7,18.3,0.0,0,0.0
W9857,2025-03-20 17:04:20.064563,21.2,78.4,5.7,5.7,56,7.7,1.9,0.0,0,0.0
W9858,2024-12-10 17:04:20.064563,30.6,43.4,0.0,0.0,90,8.4,13.0,0.8000000000000007,0,0.0
W9859,2025-03-18 17:04:20.064563,45.0,39.4,0.0,0.0,15,3.9,89.2,20.0,1,288.54
W9860,2026-02-09 17:04:20.064563,31.1,74.6,0.8,0.8,34,4.8,69.4,0.253,0,0.0
W9861,2024-08-27 17:04:20.064563,29.7,79.5,0.0,0.0,71,5.0,78.4,0.0,0,0.0
W9862,2024-09-12 17:04:20.064563,30.3,71.7,0.0,0.0,62,7.4,32.0,0.0255000000000001,0,0.0
W9863,2025-08-15 17:04:20.064563,14.3,75.2,3.2,3.2,49,6.6,62.3,0.0,0,0.0
W9864,2024-04-19 17:04:20.064563,26.2,83.4,1.3,1.3,39,5.1,70.8,0.0,0,0.0
W9865,2024-05-22 17:04:20.064563,24.7,80.2,0.0,0.0,59,7.0,32.6,0.0,0,0.0
W9866,2025-02-26 17:04:20.064563,28.2,66.5,0.0,0.0,59,5.0,72.5,0.0,0,0.0
W9867,2025-06-01 17:04:20.064563,26.2,50.5,0.8,0.8,17,5.1,63.0,0.0,0,0.0
W9868,2024-07-12 17:04:20.064563,28.8,76.3,0.0,0.0,60,4.7,29.6,0.0,0,0.0
W9869,2025-12-10 17:04:20.064563,21.9,71.3,0.0,0.0,46,7.8,5.3,0.0,0,0.0
W9870,2024-11-05 17:04:20.064563,25.6,75.1,4.6,4.6,65,5.9,23.8,0.0,0,0.0
W9871,2024-07-19 17:04:20.064563,12.7,91.6,3.1,3.1,58,6.2,62.0,0.0,1,27.96
W9872,2025-10-14 17:04:20.064563,21.8,92.7,1.7,1.7,94,4.5,59.9,0.0,0,0.0
W9873,2024-11-02 17:04:20.064563,38.9,50.4,0.0,0.0,59,5.1,50.8,7.799999999999997,0,0.0
W9874,2025-07-29 17:04:20.064563,28.2,67.6,0.0,0.0,37,5.8,25.1,0.0,0,0.0
W9875,2024-12-07 17:04:20.064563,24.8,88.6,0.0,0.0,15,6.4,44.5,0.0,0,0.0
W9876,2025-03-01 17:04:20.064563,44.0,37.5,0.0,0.0,41,6.6,14.4,18.0,1,168.19
W9877,2025-03-16 17:04:20.064563,11.4,100.0,10.5,10.5,47,5.5,66.2,2.625,0,0.0
W9878,2024-05-04 17:04:20.064563,13.9,87.2,7.9,7.9,58,1.5,86.9,0.0,0,0.0
W9879,2025-10-09 17:04:20.064563,42.1,36.8,0.7,0.7,48,7.6,46.4,14.200000000000003,1,145.0
W9880,2024-12-16 17:04:20.064563,25.5,71.8,7.4,7.4,39,5.5,21.3,0.0,0,0.0
W9881,2024-08-19 17:04:20.064563,22.6,83.1,0.0,0.0,64,5.0,82.8,0.0,0,0.0
W9882,2026-02-22 17:04:20.064563,13.0,100.0,0.0,0.0,71,6.5,31.3,0.0,0,0.0
W9883,2025-08-27 17:04:20.064563,29.5,80.5,4.3,4.3,75,5.7,59.4,0.0,0,0.0
W9884,2025-11-26 17:04:20.064563,30.4,61.4,0.0,0.0,52,5.9,7.5,0.0,0,0.0
W9885,2026-02-01 17:04:20.064563,14.1,79.0,0.4,0.4,49,4.1,71.8,0.0,0,0.0
W9886,2024-07-02 17:04:20.064563,23.6,71.4,0.0,0.0,105,5.7,46.1,0.0,0,0.0
W9887,2026-03-11 17:04:20.064563,21.6,65.7,0.0,0.0,101,5.4,42.3,0.0,0,0.0
W9888,2024-05-08 17:04:20.064563,27.6,66.5,0.0,0.0,55,2.7,93.5,0.0,0,0.0
W9889,2025-06-09 17:04:20.064563,13.8,85.9,2.2,2.2,85,5.6,49.1,0.0,0,0.0
W9890,2025-06-29 17:04:20.064563,37.5,61.0,0.0,0.0,111,8.8,1.7,6.600000000000001,0,0.0
W9891,2024-07-09 17:04:20.064563,34.2,36.7,14.9,14.9,63,3.0,96.0,3.725,0,0.0
W9892,2024-07-04 17:04:20.064563,21.4,70.6,0.0,0.0,52,6.9,1.2,0.0,0,0.0
W9893,2025-12-03 17:04:20.064563,22.8,68.5,0.0,0.0,70,4.9,53.6,0.0,0,0.0
W9894,2025-12-02 17:04:20.064563,23.6,86.4,0.0,0.0,33,3.9,63.4,0.0,0,0.0
W9895,2024-06-30 17:04:20.064563,17.2,73.0,0.0,0.0,49,4.2,89.4,0.0,0,0.0
W9896,2025-10-14 17:04:20.064563,20.6,81.4,0.0,0.0,69,4.8,67.9,0.0,0,0.0
W9897,2024-04-29 17:04:20.064563,22.3,75.3,5.1,5.1,64,3.0,81.1,0.0,0,0.0
W9898,2025-08-19 17:04:20.064563,41.1,58.7,8.3,8.3,39,5.1,77.0,12.200000000000003,1,108.41
W9899,2024-07-03 17:04:20.064563,34.5,64.3,0.0,0.0,15,5.2,21.4,0.0,0,0.0
W9900,2024-09-05 17:04:20.064563,34.3,59.7,5.7,5.7,63,4.8,70.0,0.0,0,0.0
W9901,2025-12-23 17:04:20.064563,28.7,61.4,13.4,13.4,59,4.2,63.8,3.35,0,0.0
W9902,2024-07-16 17:04:20.064563,13.8,70.7,0.0,0.0,87,4.9,24.4,0.0,0,0.0
W9903,2024-10-14 17:04:20.064563,24.6,75.6,0.0,0.0,67,5.1,12.8,0.0,0,0.0
W9904,2025-03-23 17:04:20.064563,34.7,63.2,0.0,0.0,69,4.0,75.2,0.0,0,0.0
W9905,2024-08-25 17:04:20.064563,12.4,75.6,6.1,6.1,65,1.6,97.1,0.0,0,0.0
W9906,2025-01-11 17:04:20.064563,31.4,50.6,7.3,7.3,66,3.6,73.8,0.0,0,0.0
W9907,2026-03-13 17:04:20.064563,45.0,45.0,0.0,0.0,71,4.4,74.9,20.0,1,298.39
W9908,2025-06-13 17:04:20.064563,35.6,60.0,0.0,0.0,27,5.0,16.7,1.2000000000000028,0,0.0
W9909,2025-08-18 17:04:20.064563,39.1,41.4,0.0,0.0,101,2.4,24.7,8.200000000000003,0,0.0
W9910,2025-08-10 17:04:20.064563,27.2,63.5,0.0,0.0,65,1.9,58.6,0.0,0,0.0
W9911,2024-06-27 17:04:20.064563,34.7,39.6,0.0,0.0,50,4.5,3.1,0.0,0,0.0
W9912,2024-08-22 17:04:20.064563,17.8,97.0,8.4,8.4,50,2.2,66.8,0.0,0,0.0
W9913,2026-01-09 17:04:20.064563,33.0,47.6,2.1,2.1,73,4.9,14.5,0.0,0,0.0
W9914,2025-03-25 17:04:20.064563,31.5,68.1,1.9,1.9,59,2.9,41.3,0.0,0,0.0
W9915,2025-02-23 17:04:20.064563,27.9,67.8,0.0,0.0,64,4.0,32.0,0.0,0,0.0
W9916,2024-08-06 17:04:20.064563,38.2,65.7,10.3,10.3,48,5.7,10.6,8.975000000000005,0,0.0
W9917,2024-07-21 17:04:20.064563,19.6,72.7,0.0,0.0,83,2.8,57.9,0.0,0,0.0
W9918,2024-10-10 17:04:20.064563,23.1,75.9,0.0,0.0,60,2.1,36.1,0.0,0,0.0
W9919,2025-06-10 17:04:20.064563,26.0,54.1,1.0,1.0,81,3.9,4.4,0.0,1,31.37
W9920,2025-05-17 17:04:20.064563,14.7,68.6,0.0,0.0,49,3.0,44.4,0.0,0,0.0
W9921,2024-03-24 17:04:20.064563,27.3,75.1,0.0,0.0,117,2.6,59.0,0.0,0,0.0
W9922,2024-11-24 17:04:20.064563,7.8,80.4,0.0,0.0,98,4.4,13.0,0.0,0,0.0
W9923,2025-07-16 17:04:20.064563,35.5,54.5,0.0,0.0,72,1.0,58.5,1.0,0,0.0
W9924,2025-03-02 17:04:20.064563,25.5,81.9,1.8,1.8,80,3.5,30.2,0.0,0,0.0
W9925,2025-01-05 17:04:20.064563,19.8,87.8,11.4,11.4,31,1.9,26.0,2.85,0,0.0
W9926,2025-08-17 17:04:20.064563,16.7,78.4,2.0,2.0,85,3.0,79.5,0.0,0,0.0
W9927,2024-09-09 17:04:20.064563,22.7,60.1,0.0,0.0,95,0.0,46.8,0.0,0,0.0
W9928,2024-06-13 17:04:20.064563,31.9,67.3,0.0,0.0,83,4.2,37.8,0.0,0,0.0
W9929,2024-12-15 17:04:20.064563,30.5,77.7,0.0,0.0,96,1.1,81.3,0.19250000000000006,0,0.0
W9930,2025-04-03 17:04:20.064563,17.9,76.5,1.5,1.5,75,0.0,91.0,0.0,0,0.0
W9931,2025-05-16 17:04:20.064563,16.5,77.2,0.0,0.0,76,2.7,31.5,0.0,0,0.0
W9932,2025-03-22 17:04:20.064563,31.6,57.4,0.0,0.0,65,2.4,5.0,0.0,0,0.0
W9933,2025-12-22 17:04:20.064563,17.8,89.1,0.0,0.0,90,1.8,54.1,0.0,0,0.0
W9934,2026-01-27 17:04:20.064563,25.6,83.9,4.0,4.0,54,2.0,71.5,0.0,0,0.0
W9935,2024-11-24 17:04:20.064563,26.2,58.2,0.0,0.0,87,1.1,58.8,0.0,0,0.0
W9936,2024-08-20 17:04:20.064563,28.1,52.8,3.0,3.0,79,0.6,68.8,0.0,0,0.0
W9937,2025-09-11 17:04:20.064563,33.6,83.0,0.7,0.7,105,0.0,64.7,2.3400000000000007,0,0.0
W9938,2025-05-23 17:04:20.064563,12.4,89.7,0.5,0.5,90,0.5,95.6,0.0,0,0.0
W9939,2024-11-06 17:04:20.064563,5.9,100.0,4.5,4.5,35,0.1,86.6,0.0,0,0.0
W9940,2024-08-06 17:04:20.064563,19.3,74.1,0.0,0.0,66,0.8,13.2,0.0,0,0.0
W9941,2025-05-31 17:04:20.064563,43.0,50.4,0.0,0.0,66,0.7,45.3,16.0,1,209.58
W9942,2025-05-15 17:04:20.064563,45.0,52.1,0.0,0.0,65,2.2,45.5,20.0,1,409.24
W9943,2025-05-11 17:04:20.064563,43.3,48.0,6.5,6.5,86,0.0,45.6,16.599999999999994,1,140.42
W9944,2025-06-30 17:04:20.064563,23.1,92.8,11.4,11.4,15,0.0,93.1,2.85,0,0.0
W9945,2025-08-28 17:04:20.064563,7.2,96.0,7.0,7.0,94,0.0,32.7,0.0,0,0.0
W9946,2026-02-14 17:04:20.064563,1.6,100.0,4.9,5.9,90,0.0,61.4,0.0,0,0.0
W9947,2025-03-23 17:04:20.064563,18.9,84.0,2.3,2.3,79,2.9,89.6,0.0,0,0.0
W9948,2024-04-17 17:04:20.064563,23.0,80.1,0.0,0.0,86,0.0,5.1,0.0,0,0.0
W9949,2025-06-14 17:04:20.064563,38.0,55.3,0.0,0.0,81,0.4,87.9,6.0,0,0.0
W9950,2024-08-14 17:04:20.064563,33.7,46.6,0.0,0.0,83,1.7,76.5,0.0,0,0.0
W9951,2024-03-28 17:04:20.064563,27.3,72.2,4.4,4.4,93,0.0,20.8,0.0,0,0.0
W9952,2025-08-29 17:04:20.064563,16.1,82.1,1.0,1.0,73,0.9,32.6,0.0,0,0.0
W9953,2024-05-28 17:04:20.064563,15.4,81.1,0.0,0.0,91,0.0,31.1,0.0,0,0.0
W9954,2024-06-12 17:04:20.064563,27.5,69.0,0.0,0.0,62,0.0,22.1,0.0,1,45.61
W9955,2025-02-27 17:04:20.064563,32.0,52.4,0.0,0.0,90,0.6,63.9,0.0,0,0.0
W9956,2025-02-03 17:04:20.064563,28.9,55.3,0.9,0.9,72,0.0,98.3,0.0,0,0.0
W9957,2025-05-03 17:04:20.064563,14.7,61.9,6.2,6.2,75,1.5,16.7,0.0,0,0.0
W9958,2024-09-02 17:04:20.064563,31.5,80.2,5.7,5.7,50,0.1,23.2,0.7650000000000002,1,32.41
W9959,2025-06-05 17:04:20.064563,29.3,71.7,0.0,0.0,88,0.5,29.0,0.0,0,0.0
W9960,2024-05-19 17:04:20.064563,14.3,87.4,4.2,4.2,69,0.0,93.8,0.0,0,0.0
W9961,2025-04-24 17:04:20.064563,17.2,77.6,0.0,0.0,110,0.0,62.6,0.0,1,20.86
W9962,2024-04-24 17:04:20.064563,31.9,33.4,0.0,0.0,84,0.0,21.3,0.0,0,0.0
W9963,2026-01-23 17:04:20.064563,22.7,68.7,0.0,0.0,88,0.0,80.4,0.0,0,0.0
W9964,2026-01-03 17:04:20.064563,40.9,55.8,2.1,2.1,65,0.0,92.3,11.799999999999997,1,126.01
W9965,2024-08-19 17:04:20.064563,30.0,74.4,0.0,0.0,84,1.2,40.3,0.0,0,0.0
W9966,2025-10-27 17:04:20.064563,20.1,86.2,3.0,3.0,81,0.4,17.3,0.0,0,0.0
W9967,2024-05-16 17:04:20.064563,24.9,74.2,0.0,0.0,71,0.0,31.0,0.0,0,0.0
W9968,2025-12-24 17:04:20.064563,25.6,84.6,4.4,4.4,60,0.0,21.7,0.0,0,0.0
W9969,2026-03-18 17:04:20.064563,17.7,80.1,4.2,4.2,53,0.0,20.1,0.0,0,0.0
W9970,2026-01-23 17:04:20.064563,15.9,97.0,3.7,3.7,68,2.9,17.1,0.0,0,0.0
W9971,2025-09-01 17:04:20.064563,32.0,58.1,0.0,0.0,64,0.0,87.6,0.0,0,0.0
W9972,2025-01-14 17:04:20.064563,33.5,51.0,0.0,0.0,82,0.5,8.6,0.0,1,39.98
W9973,2025-05-21 17:04:20.064563,31.0,53.4,0.0,0.0,61,0.0,41.3,0.0,0,0.0
W9974,2025-05-03 17:04:20.064563,40.2,39.1,1.5,1.5,71,0.7,1.5,10.400000000000006,0,0.0
W9975,2026-02-13 17:04:20.064563,19.6,87.2,5.8,5.8,45,1.4,29.3,0.0,0,0.0
W9976,2026-03-05 17:04:20.064563,41.7,40.0,0.0,0.0,99,0.0,70.7,13.400000000000006,1,160.33
W9977,2025-10-05 17:04:20.064563,16.0,75.7,3.5,3.5,69,0.6,20.3,0.0,0,0.0
W9978,2025-01-23 17:04:20.064563,14.9,94.8,0.0,0.0,75,0.6,99.9,0.0,0,0.0
W9979,2025-02-02 17:04:20.064563,7.4,100.0,0.0,0.0,87,0.1,4.8,0.0,0,0.0
W9980,2025-03-05 17:04:20.064563,20.5,88.8,0.0,0.0,110,1.3,13.6,0.0,0,0.0
W9981,2024-03-26 17:04:20.064563,20.0,85.2,0.9,0.9,74,0.0,78.7,0.0,0,0.0
W9982,2024-12-29 17:04:20.064563,30.3,57.1,0.0,0.0,44,0.0,97.6,0.0,0,0.0
W9983,2025-09-09 17:04:20.064563,27.4,69.6,0.0,0.0,97,0.0,95.4,0.0,1,24.54
W9984,2025-12-03 17:04:20.064563,13.1,91.6,0.0,0.0,46,0.0,79.8,0.0,0,0.0
W9985,2024-08-15 17:04:20.064563,21.1,69.2,1.0,1.0,61,0.0,97.3,0.0,0,0.0
W9986,2026-03-05 17:04:20.064563,21.3,67.0,0.0,0.0,97,0.0,84.1,0.0,0,0.0
W9987,2025-05-05 17:04:20.064563,7.2,92.3,0.0,0.0,66,0.0,5.8,0.0,1,31.16
W9988,2025-06-17 17:04:20.064563,15.2,100.0,4.7,4.7,51,0.0,84.6,0.0,0,0.0
W9989,2026-01-06 17:04:20.064563,17.3,79.9,0.0,0.0,77,0.7,48.4,0.0,0,0.0
W9990,2024-10-14 17:04:20.064563,39.3,63.3,0.0,0.0,72,0.1,45.7,8.599999999999994,0,0.0
W9991,2025-09-26 17:04:20.064563,26.9,64.9,0.2,0.2,57,0.1,0.3,0.0,0,0.0
W9992,2025-12-17 17:04:20.064563,31.6,71.5,6.5,6.5,75,0.0,62.0,0.1200000000000001,0,0.0
W9993,2025-12-11 17:04:20.064563,10.0,100.0,5.3,5.3,84,0.2,67.2,0.0,0,0.0
W9994,2026-01-14 17:04:20.064563,36.9,64.1,5.2,5.2,87,2.8,79.1,3.799999999999997,0,0.0
W9995,2025-06-13 17:04:20.064563,38.0,56.9,0.0,0.0,81,0.0,32.6,6.0,0,0.0
W9996,2026-03-02 17:04:20.064563,5.0,100.0,0.0,0.0,55,0.0,12.8,0.0,0,0.0
W9997,2025-03-06 17:04:20.064563,17.9,86.9,0.0,0.0,44,0.0,44.0,0.0,0,0.0
W9998,2026-01-11 17:04:20.064563,30.0,82.2,0.0,0.0,22,0.0,36.2,0.0,0,0.0
W9999,2025-05-06 17:04:20.064563,31.4,46.6,0.0,0.0,89,0.3,75.3,0.0,0,0.0
